user_id,ab_group,total_revenue,total_transactions,active_days
11,A,18.49,1,15
13,A,49.96,3,23
21,A,40.41,3,23
25,A,32.48,4,23
36,A,8.02,5,24
40,A,40.66,3,17
45,B,14.09,1,21
51,A,28.38,5,20
59,B,24.72,3,19
60,B,17.66,3,2
66,B,11.56,5,21
74,B,57.57,3,17
75,A,23.76,1,26
77,A,34.95,2,20
79,B,13.57,2,27
80,B,21.96,2,22
87,A,10.74,5,6
90,B,22.05,3,17
97,B,20.18,4,16
111,B,18.63,4,18
114,A,64.12,2,22
116,A,16.43,2,25
119,B,12.35,1,20
121,A,30.569999999999997,9,30
130,A,31.53,6,22
132,A,36.62,4,23
136,B,46.83,1,16
140,A,43.22,2,15
144,B,75.92,1,22
145,A,16.53,1,18
153,B,22.88,1,26
176,B,78.72,3,19
183,B,33.85,8,26
189,B,11.07,2,18
206,A,52.41,5,18
207,A,49.26,1,5
210,B,20.09,3,25
223,B,92.44,3,20
239,B,15.69,2,17
246,B,14.67,5,18
249,A,34.25,4,21
259,A,28.09,5,23
260,A,111.12,4,19
262,B,9.91,5,30
266,A,23.55,4,14
275,A,22.65,2,18
279,A,45.72,1,24
280,B,52.75,8,24
281,B,10.11,2,3
292,A,6.49,4,17
300,B,62.95,3,16
311,A,30.74,1,21
326,B,55.46,5,27
330,B,54.99,4,15
334,A,50.49,3,5
340,B,36.39,4,26
346,B,55.05,1,19
359,B,25.85,3,21
363,A,17.22,2,20
364,A,156.11,5,18
374,A,11.91,3,17
376,A,16.47,2,25
383,B,32.71,4,22
389,B,30.71,4,19
416,A,13.14,5,16
420,B,29.22,2,19
430,A,17.6,3,25
435,A,27.58,5,14
438,A,11.16,4,23
444,B,7.89,5,25
462,A,14.63,1,14
466,A,28.62,4,21
467,B,24.67,5,20
468,A,6.17,2,22
485,A,11.65,3,21
492,B,25.59,4,15
496,B,60.62,4,6
499,A,18.17,1,18
500,B,48.09,1,20
507,B,24.41,1,17
508,A,129.71,3,17
519,A,25.04,5,17
526,A,45.65,4,27
531,A,76.99,4,22
532,A,75.37,5,26
535,A,1.36,5,23
543,A,61.32,4,26
548,A,82.77000000000001,3,17
551,B,32.23,2,19
554,A,35.13,4,22
571,A,10.37,2,19
574,A,5.7,3,16
577,B,4.11,5,17
579,A,18.67,1,19
592,A,9.89,2,22
594,B,36.56,1,22
601,B,125.17,6,23
602,B,41.9,4,21
609,B,43.56,3,15
616,B,1.4,5,14
619,B,12.17,2,20
629,B,15.34,4,18
633,B,18.31,5,21
635,B,59.55,2,10
642,B,6.71,5,19
643,B,21.69,1,20
644,A,73.88,10,27
657,A,4.35,5,23
660,B,46.5,1,18
662,A,27.24,3,27
669,B,46.21,4,20
691,A,37.85,4,19
692,A,42.93,2,20
702,A,13.03,5,24
716,A,24.59,4,23
729,A,72.35,2,17
739,B,8.58,1,28
740,A,39.66,2,21
742,A,59.82,5,14
743,A,36.05,5,19
760,A,37.27,5,23
776,A,58.75,5,25
777,A,42.46,2,17
782,B,33.81,2,18
787,B,36.11,3,29
796,B,35.98,5,18
818,B,4.62,5,22
831,B,21.63,1,21
832,A,21.55,3,20
837,A,11.88,5,18
848,B,35.72,5,21
854,B,11.16,3,21
855,B,15.98,3,19
864,B,82.91,8,21
869,B,22.02,3,22
870,A,31.25,1,26
878,A,55.55,3,20
891,B,68.67,2,24
894,A,18.83,4,20
897,B,33.25,1,22
899,B,59.75,5,20
902,B,62.839999999999996,3,20
903,B,17.88,4,26
907,B,16.73,5,2
914,A,14.85,4,20
916,A,40.07,2,18
919,A,19.2,1,22
938,B,151.31,6,31
956,B,6.56,5,16
962,A,58.54,2,25
969,A,22.67,5,23
970,A,22.32,2,24
975,B,4.95,4,20
986,B,50.12,2,24
997,A,12.01,1,28
1014,B,48.22,3,28
1019,A,28.43,2,22
1024,B,9.52,2,29
1030,B,56.64,5,18
1033,B,35.08,5,21
1044,B,62.67,7,20
1052,A,23.43,5,17
1055,A,22.15,3,22
1057,A,24.08,4,23
1058,B,46.16,4,25
1077,A,24.13,5,20
1084,B,15.32,4,19
1088,B,27.18,5,23
1101,A,39.73,5,23
1105,A,39.42,3,12
1111,B,52.85,1,19
1117,A,25.23,4,20
1118,A,32.07,4,25
1119,A,15.34,1,23
1126,A,19.62,3,22
1127,A,35.0,1,24
1132,B,42.02,2,22
1133,B,15.54,3,17
1136,A,57.28,2,18
1137,B,50.12,1,17
1145,B,32.48,4,16
1168,A,41.95,2,22
1179,A,46.34,3,23
1180,A,94.83,9,22
1183,B,105.61,4,18
1192,B,67.65,7,19
1200,A,32.57,3,24
1203,A,28.11,4,24
1209,A,33.93,3,25
1211,B,44.52,3,27
1223,A,10.76,4,16
1227,B,26.23,3,13
1229,A,23.75,1,20
1231,A,23.45,1,22
1254,B,15.86,3,16
1267,B,10.23,5,5
1268,A,17.01,1,19
1277,A,106.64,2,23
1297,A,44.77,1,19
1298,A,21.34,2,24
1302,A,33.12,5,17
1303,B,40.68000000000001,7,16
1310,A,68.4,1,18
1313,B,60.1,3,19
1324,A,8.04,2,23
1325,A,35.76,1,23
1332,A,20.28,5,15
1339,A,34.72,1,19
1344,B,16.63,4,15
1356,B,20.55,1,18
1358,A,21.95,4,25
1361,A,17.79,3,5
1364,A,10.12,5,24
1366,B,129.81,8,22
1369,A,55.77,5,18
1372,A,32.75,2,25
1381,B,56.19,4,22
1392,A,36.66,4,20
1394,A,18.85,3,4
1398,A,16.84,4,3
1401,B,31.15,2,22
1409,B,33.0,3,21
1430,B,32.12,5,14
1433,B,38.19,4,25
1434,B,19.52,1,4
1454,A,3.98,4,20
1470,A,63.66,10,26
1472,B,14.7,1,18
1475,A,23.3,3,20
1485,A,22.12,5,22
1498,B,38.54,4,20
1500,A,3.86,4,22
1502,B,61.47,1,19
1506,B,38.31,1,24
1507,A,26.34,2,22
1513,A,4.44,1,22
1526,B,1.38,4,21
1545,A,17.97,1,21
1551,A,28.1,4,18
1556,B,60.05,4,20
1562,B,67.75999999999999,2,21
1567,A,19.62,5,24
1568,A,13.87,3,17
1580,A,7.92,1,17
1582,A,11.34,2,26
1596,B,28.14,3,23
1599,A,59.78,1,21
1616,A,17.33,5,21
1622,A,6.41,5,27
1633,B,109.64,2,14
1636,B,74.82,3,2
1648,A,24.45,4,29
1673,A,27.08,4,23
1700,B,96.41,4,24
1704,A,26.92,2,22
1710,A,43.7,4,27
1721,B,6.63,4,20
1722,A,60.04,1,19
1729,B,33.74,4,27
1731,B,25.66,5,16
1734,B,30.49,5,22
1737,B,24.1,4,21
1739,A,41.94,2,26
1751,A,55.76,3,6
1757,A,16.81,1,21
1760,B,22.31,4,20
1764,B,51.68,3,22
1768,A,25.57,5,24
1779,B,14.89,4,21
1783,B,55.269999999999996,7,22
1790,B,32.57,5,17
1791,A,4.98,3,2
1817,B,20.84,3,26
1820,A,35.23,3,19
1833,A,21.4,2,6
1838,B,68.09,5,3
1851,A,21.39,1,21
1878,B,30.56,1,18
1881,A,30.62,4,23
1886,A,15.39,1,18
1890,B,29.98,1,15
1895,A,15.4,2,23
1896,A,4.39,1,19
1897,B,38.98,5,22
1902,B,43.84,4,23
1908,B,30.63,3,27
1918,A,1.99,4,26
1921,B,29.62,1,23
1933,A,54.58,5,20
1945,B,8.75,5,24
1949,B,26.92,4,21
1973,B,42.25,10,24
1974,B,75.71,1,21
1984,A,17.34,1,23
1988,B,11.89,5,22
1990,B,44.56,5,24
1991,B,61.8,1,22
1998,A,10.7,2,24
2001,A,22.34,4,21
2003,A,29.54,2,22
2006,A,31.19,1,21
2030,B,7.77,2,20
2031,B,81.86,2,21
2032,B,22.8,5,18
2039,A,24.21,3,12
2045,A,24.54,2,24
2051,B,7.6,3,27
2054,B,24.04,1,21
2064,A,49.42,3,27
2068,A,16.98,1,26
2076,A,44.76,5,22
2080,A,9.33,1,22
2090,A,33.63,1,14
2100,B,47.48,3,4
2104,B,16.09,3,3
2106,A,11.06,1,19
2110,A,60.1,4,19
2121,A,114.77,8,25
2123,B,6.07,3,21
2147,B,27.68,5,22
2157,A,32.46,5,15
2158,B,21.09,2,28
2164,A,40.2,1,22
2168,B,56.34,1,23
2179,A,8.34,4,22
2181,A,25.25,3,21
2183,B,29.51,2,22
2187,B,36.17,4,21
2192,A,20.67,4,23
2198,A,22.95,5,20
2203,B,15.88,2,18
2207,A,10.76,2,25
2216,B,43.7,2,17
2232,B,2.28,4,23
2234,B,37.67,5,22
2235,A,41.26,1,22
2246,A,40.17,5,25
2248,A,25.17,3,20
2259,A,10.36,4,20
2260,B,6.13,4,22
2264,A,23.6,5,17
2268,A,32.83,2,20
2270,B,6.38,2,23
2294,B,18.9,4,21
2297,A,40.38,2,22
2299,B,3.89,4,22
2300,B,7.46,4,4
2305,B,33.64,5,29
2310,A,20.95,1,25
2311,B,52.32,5,16
2328,B,23.69,5,22
2335,B,3.3,3,17
2337,B,6.48,1,21
2351,B,40.27,1,20
2358,B,62.13,3,15
2365,B,23.01,3,25
2372,A,32.83,2,23
2374,B,31.02,5,19
2375,B,27.990000000000002,4,29
2379,B,73.65,3,20
2380,A,25.51,2,24
2383,A,55.01,4,20
2385,A,66.49,2,17
2388,B,24.03,3,19
2398,A,14.25,2,25
2408,A,64.04,1,20
2415,A,4.63,3,20
2419,A,50.19,4,25
2429,A,12.16,4,26
2435,A,18.33,4,19
2439,A,25.52,2,5
2447,B,51.81,5,18
2448,B,39.62,5,17
2450,B,37.84,2,18
2474,A,21.72,2,19
2478,B,24.06,2,15
2493,B,20.94,4,20
2497,A,24.41,5,19
2504,B,66.36,5,23
2511,A,23.3,4,20
2527,A,54.67,2,21
2536,B,53.19,3,28
2538,B,15.49,2,17
2545,B,28.31,4,18
2548,A,4.82,5,21
2559,A,42.08,5,18
2560,B,41.53,2,17
2565,B,15.84,4,21
2568,A,13.1,5,21
2574,A,17.63,5,21
2582,B,62.05,7,22
2598,A,29.65,3,21
2599,B,45.69,5,19
2600,A,21.01,5,19
2608,A,72.85,3,24
2612,A,35.35,5,21
2617,B,64.22,2,21
2625,A,12.01,3,22
2631,B,17.76,5,19
2634,A,5.66,3,24
2643,B,26.34,3,25
2644,B,36.05,3,19
2645,B,115.21000000000001,6,19
2648,A,57.129999999999995,8,26
2652,A,34.16,2,26
2656,A,7.72,4,5
2663,B,36.4,2,19
2676,B,90.6,3,16
2680,A,39.23,1,22
2684,A,47.71,6,25
2685,A,15.59,5,20
2688,A,18.53,5,24
2691,A,10.69,4,22
2694,A,14.29,4,6
2695,A,29.13,1,5
2696,B,22.56,3,27
2702,B,15.36,1,19
2703,A,23.46,1,27
2708,B,128.8,3,26
2710,B,4.43,5,30
2717,B,46.01,4,21
2722,B,58.36,1,26
2723,B,48.86,5,17
2732,B,24.44,5,24
2733,B,13.18,4,21
2743,B,39.84,1,20
2747,B,17.39,3,18
2757,A,15.07,4,22
2768,A,35.35,1,17
2769,B,15.21,3,23
2778,B,29.54,4,22
2780,A,22.25,1,18
2784,A,26.77,3,24
2792,A,33.22,1,16
2803,B,72.09,7,29
2831,A,2.48,4,23
2832,A,25.01,4,29
2834,B,38.58,4,24
2841,B,20.54,1,20
2853,A,33.52,4,17
2868,A,16.88,2,22
2869,A,26.92,3,18
2871,A,15.51,5,23
2883,A,52.92,4,17
2888,B,24.12,3,14
2893,B,34.36,5,25
2897,A,44.46,1,20
2898,B,31.6,5,21
2901,A,17.71,1,23
2907,B,82.66,5,23
2909,B,39.95,2,24
2912,B,25.61,4,21
2913,A,56.8,3,27
2930,B,37.08,2,22
2931,A,7.26,3,27
2933,B,12.58,2,22
2934,B,46.48,5,18
2959,B,18.18,4,19
2970,A,6.17,5,20
2983,B,32.94,6,15
2985,B,17.02,3,21
2988,B,11.43,2,17
3010,A,21.05,2,23
3012,B,3.17,4,20
3014,B,5.99,4,19
3024,B,79.2,1,23
3026,B,1.93,1,22
3028,A,47.81,4,22
3037,B,12.61,3,14
3045,B,38.07,5,20
3053,B,13.24,2,23
3061,B,43.21,2,15
3066,B,10.28,5,17
3085,A,31.91,4,22
3088,B,24.47,1,22
3096,A,38.64,1,21
3097,A,51.24,1,20
3100,B,13.36,3,20
3106,A,49.02,2,25
3110,A,4.52,4,24
3117,A,15.89,5,23
3118,B,23.49,5,13
3122,A,16.24,3,24
3130,B,87.05,2,26
3131,A,105.88,6,24
3152,B,26.72,3,14
3156,B,100.12,5,21
3157,B,76.48,4,20
3160,B,5.91,1,23
3165,B,46.03,2,24
3168,B,26.24,2,15
3169,A,57.46,5,23
3174,A,33.78,5,20
3182,B,21.35,5,24
3184,B,34.53,2,24
3191,B,35.8,2,22
3192,A,36.35,3,23
3201,A,23.96,3,19
3208,B,29.52,5,29
3209,A,6.3,3,15
3216,A,15.85,5,21
3222,B,15.85,2,24
3223,A,22.36,3,25
3229,B,40.04,2,21
3231,B,58.25,3,22
3245,B,47.72,5,27
3247,B,26.73,3,22
3254,A,78.31,4,22
3268,B,107.03,5,20
3275,A,18.0,5,20
3280,B,49.68,5,23
3284,A,12.73,2,23
3287,A,15.47,2,21
3292,A,45.67,2,19
3293,B,12.99,1,30
3296,A,28.84,3,20
3323,B,32.91,4,20
3324,B,22.49,2,21
3331,A,60.51,4,21
3333,B,57.04,2,21
3340,A,20.63,5,5
3351,A,7.98,5,18
3352,A,48.03,2,22
3362,B,106.2,5,16
3370,A,52.03,7,15
3373,A,5.5,3,24
3374,A,75.08,5,22
3378,A,12.91,5,18
3386,B,92.34,5,5
3389,A,16.01,5,21
3391,A,37.89,2,20
3392,A,91.65,7,15
3402,A,27.08,5,27
3415,B,5.7,5,22
3424,A,26.0,2,2
3426,B,44.27,3,25
3428,B,18.78,3,22
3429,B,33.42,1,23
3431,B,43.6,2,18
3441,B,2.07,5,23
3449,A,78.36,5,20
3450,B,12.83,5,26
3460,A,5.55,2,25
3461,B,52.76,2,19
3468,A,9.54,5,18
3469,B,40.2,2,19
3478,A,19.79,4,25
3488,B,52.550000000000004,4,20
3491,A,19.91,4,27
3495,A,7.22,4,20
3497,A,7.0,1,20
3503,A,97.92999999999999,7,20
3505,B,11.32,1,19
3513,B,12.63,3,20
3525,A,63.69,1,20
3555,A,13.53,4,18
3566,A,39.32,5,24
3573,B,10.24,5,24
3601,B,36.24,1,16
3606,B,50.5,5,20
3611,B,61.08,2,19
3615,A,5.36,5,21
3616,A,55.75,4,19
3619,A,12.32,3,24
3622,A,59.93,4,21
3627,B,52.27,1,25
3639,B,55.05,2,19
3644,A,32.88,5,23
3652,B,61.55,3,27
3664,B,10.03,1,24
3667,B,51.79,2,17
3677,B,5.9,5,22
3679,A,29.57,4,21
3681,B,16.95,5,23
3689,A,5.94,1,27
3710,A,69.57,7,24
3712,A,16.88,3,4
3714,A,85.5,1,25
3716,B,45.32,4,31
3719,B,46.81,3,22
3722,B,36.33,2,18
3728,A,23.53,5,24
3729,B,11.75,3,22
3735,B,30.39,4,25
3736,A,65.38,5,22
3738,B,23.63,4,27
3744,A,7.17,2,19
3745,A,85.06,3,18
3750,A,25.91,4,20
3759,B,35.79,3,19
3760,B,27.07,5,23
3762,B,26.91,4,26
3767,A,101.35,4,25
3768,A,49.99,1,21
3769,B,27.62,3,20
3775,B,39.32,5,22
3781,B,19.26,2,15
3783,A,10.61,3,18
3796,A,30.89,3,23
3800,A,12.98,3,20
3817,A,17.78,3,15
3820,B,37.86,4,20
3822,B,40.82,1,22
3832,B,62.46,5,17
3836,B,59.3,3,18
3839,A,15.63,4,21
3843,B,40.34,4,23
3844,B,28.299999999999997,4,20
3856,A,26.33,5,29
3857,A,21.62,2,21
3859,A,16.1,3,5
3860,B,25.76,1,26
3869,B,25.11,5,21
3874,B,61.55,2,22
3877,B,11.16,2,22
3884,A,6.92,3,26
3895,A,11.52,4,5
3898,B,21.01,5,20
3899,A,22.16,1,17
3915,B,10.09,2,18
3927,B,1.4,2,22
3932,A,24.7,1,17
3937,B,29.76,1,24
3944,A,68.72,5,18
3952,B,62.98,2,5
3955,A,12.15,3,15
3961,A,93.03,3,19
3963,A,14.17,1,20
3966,A,11.65,1,23
3968,B,26.45,5,29
3971,B,32.34,2,18
3982,A,21.75,1,21
3984,B,32.03,3,25
3985,A,32.34,1,20
3990,A,23.03,4,14
3993,B,32.4,3,25
4009,B,33.08,2,20
4015,B,50.16,1,20
4018,B,8.25,2,23
4023,A,19.46,1,20
4028,B,33.31,2,19
4031,A,76.06,1,26
4044,B,25.29,3,3
4051,B,52.98,2,18
4060,B,18.46,1,24
4068,A,21.47,1,18
4075,A,75.32,6,21
4093,B,30.74,4,16
4108,B,16.05,1,22
4112,B,27.74,4,22
4113,B,39.8,2,22
4116,A,53.51,6,18
4128,A,29.7,2,24
4131,B,36.92,4,24
4143,B,71.35,3,20
4147,B,7.93,5,3
4148,A,20.08,1,23
4154,A,38.67,2,25
4157,B,57.76,2,28
4161,B,21.87,5,19
4162,A,59.879999999999995,5,25
4164,B,116.51,2,20
4168,B,24.26,5,17
4176,B,19.15,3,16
4178,A,28.82,5,18
4179,A,74.12,3,21
4195,B,29.39,2,26
4197,B,45.84,3,17
4198,B,46.16,2,24
4214,B,32.08,1,23
4215,A,31.03,1,17
4216,B,51.04,1,18
4223,B,27.04,4,24
4224,B,83.03999999999999,6,20
4226,B,38.67,4,25
4231,B,60.88,2,25
4241,B,64.72,5,24
4250,A,32.31,2,27
4259,B,17.1,4,2
4260,A,46.21,9,19
4274,A,22.7,3,12
4276,B,73.11,1,15
4277,B,21.83,2,21
4281,A,46.87,1,22
4285,B,9.61,1,26
4290,A,47.32,2,26
4302,A,17.93,1,18
4304,B,28.14,5,25
4318,A,14.89,3,27
4325,B,33.25,4,17
4326,B,42.16,2,16
4328,B,59.19,3,23
4330,B,6.99,2,22
4333,B,45.29,5,16
4337,A,5.77,1,20
4356,A,36.33,3,19
4361,A,22.44,1,16
4364,B,48.46,4,22
4371,B,67.71000000000001,7,29
4393,B,79.93,5,22
4395,A,22.16,4,25
4406,A,49.07,3,19
4416,B,13.65,5,17
4431,A,48.22,3,17
4433,B,2.9,3,18
4436,B,6.89,4,22
4441,A,32.25,2,20
4446,B,66.37,3,18
4451,B,21.08,2,25
4452,A,16.67,3,22
4458,A,16.12,5,18
4459,A,42.11,5,15
4463,A,11.0,3,27
4465,A,14.7,2,18
4471,B,85.98,5,20
4476,B,90.78,4,21
4488,A,9.05,3,24
4491,A,7.58,1,20
4497,A,14.99,2,11
4500,B,37.98,1,26
4522,A,18.54,5,22
4523,B,24.5,2,20
4529,B,7.74,1,16
4537,A,35.72,5,21
4538,A,36.22,5,16
4539,B,15.37,4,23
4548,A,54.22,14,27
4558,A,36.58,5,24
4576,A,12.48,5,5
4581,B,58.23,4,19
4586,A,21.58,3,26
4587,A,28.96,5,23
4590,A,48.57,4,19
4594,B,35.9,2,22
4604,A,105.44,6,24
4607,B,5.98,3,29
4608,A,44.17,1,24
4613,A,6.3,1,23
4621,A,41.3,3,17
4623,A,5.41,4,27
4624,A,28.31,1,25
4626,A,4.77,2,17
4628,A,30.29,4,19
4629,B,20.05,3,22
4632,B,79.79,3,25
4635,A,51.83,6,20
4636,A,44.77,3,26
4637,A,32.11,1,16
4644,A,14.69,4,20
4645,B,72.31,9,14
4646,A,9.14,5,23
4648,A,25.76,2,25
4652,B,59.1,3,23
4663,A,22.7,2,21
4680,B,8.69,4,25
4685,A,17.9,5,20
4695,A,24.9,5,19
4712,B,30.59,1,16
4714,A,11.71,2,24
4715,B,16.33,2,17
4724,B,35.37,1,23
4729,B,101.11,2,18
4730,B,33.82,3,26
4734,A,52.86,2,17
4736,B,22.38,1,22
4739,A,25.34,5,20
4742,B,71.75999999999999,6,18
4764,B,21.26,1,20
4765,A,64.96,1,18
4768,B,11.3,4,18
4782,A,37.44,3,23
4786,A,11.96,3,16
4788,B,54.42,1,19
4792,B,51.61,2,16
4795,A,50.43,2,15
4796,B,57.040000000000006,10,20
4810,B,16.33,5,24
4815,A,26.43,4,22
4819,B,64.59,2,17
4830,A,7.28,1,23
4838,A,12.87,2,24
4843,A,21.72,4,21
4855,B,61.96,5,20
4874,A,14.31,1,25
4883,B,24.8,1,22
4889,A,16.43,4,18
4890,A,40.65,5,23
4909,B,29.04,2,18
4911,A,9.26,1,23
4912,A,13.1,3,19
4913,B,39.45,1,21
4918,A,52.29,3,19
4926,B,29.86,5,19
4931,A,16.48,3,24
4937,B,74.71,2,23
4964,A,21.54,5,25
4967,B,69.18,7,18
4971,A,29.16,1,22
4973,B,27.71,5,23
4983,B,21.53,4,24
4994,A,56.39,1,16
4995,B,23.53,4,20
4997,A,9.9,3,19
4998,B,5.37,3,20
5000,A,26.31,3,24
5005,A,2.84,3,25
5012,A,10.89,4,18
5017,A,33.03,5,23
5019,B,41.28,1,19
5020,B,9.34,3,25
5024,A,16.74,3,24
5028,B,58.01,6,24
5030,B,26.49,3,20
5053,A,26.48,2,17
5056,B,114.53999999999999,6,16
5075,A,30.29,2,20
5077,A,31.61,3,22
5080,B,43.98,5,25
5083,A,11.22,4,18
5098,B,55.78,3,22
5101,A,31.65,5,26
5106,A,60.34,2,23
5107,B,7.84,1,23
5111,B,17.29,2,22
5115,B,42.44,4,20
5116,A,52.64,3,21
5126,B,13.18,5,23
5131,A,51.33,5,19
5133,A,10.06,2,23
5134,A,44.5,3,19
5136,B,75.56,5,25
5152,B,60.05,6,19
5154,B,22.64,3,14
5155,B,7.03,3,28
5172,A,6.73,3,17
5176,B,20.17,2,26
5180,A,25.27,3,24
5182,B,2.22,1,23
5184,A,16.74,1,18
5191,B,45.01,1,22
5192,B,36.79,1,23
5195,A,16.38,5,23
5200,A,52.3,3,20
5203,B,26.86,4,20
5217,A,42.29,1,26
5219,B,18.98,5,17
5221,A,10.84,4,31
5227,B,26.88,4,17
5229,A,26.11,5,3
5245,A,25.28,5,17
5250,B,54.99,4,22
5253,A,37.99,4,18
5255,A,36.6,2,22
5262,B,19.87,3,18
5270,B,8.03,5,19
5296,A,21.92,4,21
5301,A,1.64,3,16
5305,B,48.73,5,26
5310,B,15.73,3,26
5317,A,22.74,2,18
5318,A,13.38,3,19
5321,A,32.76,2,22
5323,A,13.27,5,19
5325,B,118.14,2,26
5336,B,14.5,2,25
5340,B,61.74,3,21
5348,A,35.6,2,21
5354,A,10.09,1,24
5358,B,65.76,7,24
5366,B,74.64,1,18
5380,A,14.31,3,22
5381,A,21.75,1,23
5383,A,76.7,9,20
5391,A,62.68,2,20
5396,A,45.9,5,19
5397,B,9.3,1,26
5401,A,10.15,5,13
5410,A,8.94,4,25
5413,B,70.42,5,18
5426,A,47.77,2,28
5432,B,20.22,4,19
5434,A,38.76,3,22
5435,B,52.269999999999996,8,20
5445,B,45.83,4,27
5457,A,12.14,2,19
5460,B,47.83,3,25
5473,B,17.32,3,22
5476,A,81.83,1,21
5487,A,6.72,5,16
5499,A,35.95,1,25
5520,B,77.61,9,22
5545,A,41.21,3,13
5553,A,26.71,4,18
5561,A,3.09,3,22
5566,A,9.88,4,17
5568,A,22.29,5,20
5581,A,16.17,5,23
5584,B,24.63,3,21
5591,B,36.71,1,17
5597,B,24.31,2,4
5598,A,37.4,3,18
5608,A,39.43,1,24
5611,B,23.080000000000002,8,22
5613,B,36.69,3,26
5640,A,46.43,5,22
5648,B,212.26000000000002,5,15
5665,A,12.0,3,19
5669,B,3.86,3,18
5682,B,25.17,2,16
5692,A,50.07,3,17
5697,A,2.55,2,4
5698,B,1.68,3,23
5699,B,29.33,8,26
5701,B,7.49,5,18
5706,A,16.02,4,22
5709,A,26.21,5,23
5727,A,37.73,4,22
5733,A,5.04,4,19
5735,A,31.79,2,20
5736,B,39.56,2,22
5740,B,25.2,4,28
5741,B,15.14,1,21
5744,B,17.67,3,19
5746,A,58.16,7,18
5747,A,46.86,3,23
5766,B,36.67,4,23
5769,B,55.65,4,22
5770,B,21.98,3,18
5775,B,24.67,3,16
5784,B,21.5,2,20
5798,B,29.26,1,17
5808,A,33.04,6,28
5809,B,58.98,5,18
5811,B,54.68,6,22
5815,A,7.73,3,24
5833,A,43.08,5,19
5840,B,81.28,6,24
5842,B,75.55,4,21
5851,B,29.64,3,27
5853,B,22.74,3,17
5858,B,20.3,4,22
5861,B,32.92,2,19
5863,B,8.53,3,17
5864,B,22.05,3,18
5876,A,4.35,2,20
5882,B,38.2,4,24
5887,B,20.05,4,25
5900,A,32.32,5,23
5911,B,14.38,3,26
5912,B,25.45,3,18
5915,A,95.8,7,15
5916,A,62.21,5,2
5918,B,11.22,1,25
5920,A,35.22,5,20
5931,B,4.21,3,19
5932,A,50.68,2,24
5938,A,55.019999999999996,5,14
5940,A,21.73,5,16
5944,B,6.22,4,24
5947,B,23.76,2,22
5949,B,24.18,2,21
5954,B,63.31,3,21
5958,A,82.47,2,23
5962,A,51.38,2,29
5969,B,31.44,4,19
5975,B,21.82,2,3
5988,B,5.69,1,16
6001,A,40.41,5,19
6002,A,29.48,4,25
6004,B,17.25,4,26
6010,A,52.26,5,21
6023,B,32.93,5,23
6028,A,20.69,3,17
6036,A,36.77,4,17
6040,B,94.34,4,16
6046,B,32.74,4,17
6050,B,79.52,2,27
6058,A,90.02,4,4
6066,A,67.14,3,28
6067,B,1.89,1,25
6076,B,49.51,4,14
6077,B,22.16,3,22
6082,A,67.26,5,13
6088,B,17.05,2,21
6093,B,8.0,5,19
6094,B,19.75,1,20
6098,B,7.6,4,17
6102,A,56.9,2,15
6111,A,77.24,4,17
6115,A,25.68,3,23
6116,B,37.6,4,25
6120,B,27.86,3,22
6129,B,50.08,3,21
6132,A,31.47,5,20
6140,B,15.39,4,25
6146,B,13.8,5,14
6149,A,29.62,2,21
6152,B,7.98,3,17
6155,B,85.19,3,21
6160,B,34.99,2,21
6161,A,38.97,3,28
6180,A,11.58,3,16
6186,A,17.16,2,20
6189,B,37.74,1,17
6194,A,28.44,2,19
6205,A,143.10999999999999,11,19
6211,B,33.83,3,22
6212,A,63.24,2,20
6215,B,37.91,4,22
6218,A,1.22,3,25
6221,A,18.98,4,24
6223,A,55.46,4,20
6236,B,52.67,11,23
6244,A,25.63,3,24
6252,A,30.25,4,18
6254,B,18.71,4,24
6255,B,39.21,4,23
6258,B,17.51,4,4
6259,B,64.72,2,19
6277,B,41.91,1,23
6279,A,15.59,4,17
6281,B,22.41,3,20
6304,A,8.62,2,27
6314,A,36.32,3,20
6317,B,51.28,4,17
6323,A,81.92,5,27
6327,A,88.41,4,18
6330,A,57.93,2,19
6342,A,69.94,4,26
6357,A,14.86,3,22
6374,B,21.29,2,23
6385,A,19.39,5,22
6395,A,35.36,4,22
6397,A,1.22,3,16
6408,A,19.26,1,21
6412,A,3.03,1,21
6418,B,20.49,3,18
6425,A,4.01,4,6
6426,B,85.30000000000001,5,17
6433,A,28.68,1,4
6435,A,50.37,4,20
6439,B,41.44,5,24
6442,B,52.97,5,24
6448,B,50.81,2,18
6464,B,21.94,2,16
6481,A,21.49,2,16
6482,A,39.68,4,23
6486,B,48.57,4,23
6494,B,6.38,3,23
6501,A,38.83,5,20
6502,A,25.52,3,19
6506,B,59.22,2,25
6508,A,28.46,2,23
6516,A,50.71,2,22
6531,A,25.67,1,21
6536,B,54.26,5,20
6539,A,20.34,5,21
6550,A,10.32,5,4
6555,B,32.14,3,21
6558,B,19.36,1,24
6563,A,7.6,1,22
6574,B,49.68,4,19
6579,B,57.19,5,20
6584,A,23.57,1,19
6586,A,36.93,5,31
6600,A,17.05,1,23
6603,B,8.14,3,25
6616,A,24.51,3,24
6618,B,19.15,5,3
6627,A,25.49,4,21
6628,A,17.78,1,19
6637,A,20.41,4,25
6645,B,23.14,4,23
6651,A,59.69,2,19
6654,A,23.55,4,26
6662,A,18.17,3,24
6663,A,2.14,5,20
6672,B,15.23,3,24
6681,B,13.61,3,28
6690,A,65.51,3,29
6692,A,40.76,3,18
6697,B,52.18,1,22
6698,A,16.28,4,15
6705,A,22.65,4,24
6709,A,13.76,5,18
6721,B,16.7,5,20
6734,B,8.61,1,26
6739,B,30.8,5,23
6757,B,63.0,4,25
6758,B,57.33,10,22
6766,A,110.54,5,16
6768,A,4.47,5,25
6770,B,34.17,1,18
6776,B,74.37,4,25
6789,A,42.86,3,22
6796,A,6.56,2,17
6810,B,14.87,3,17
6813,A,54.35,4,21
6814,A,49.05,5,21
6820,A,5.8,3,21
6822,B,30.83,4,19
6824,A,13.87,3,13
6826,A,51.61,4,19
6829,B,16.83,2,17
6831,A,13.39,2,18
6833,A,27.31,2,20
6836,A,69.57,1,18
6841,A,25.92,1,3
6842,B,4.76,5,26
6849,B,7.15,5,18
6853,A,17.03,3,10
6854,B,45.15,4,20
6859,A,121.14,3,24
6868,B,62.43,3,21
6872,A,25.09,3,4
6873,B,39.51,1,23
6876,B,35.9,4,19
6877,A,10.49,3,10
6879,A,33.04,2,21
6882,B,82.33,8,21
6897,B,66.13,2,3
6901,B,37.64,3,21
6902,B,4.63,3,13
6909,B,14.35,3,19
6910,B,10.4,4,17
6911,B,39.46,4,17
6915,A,30.67,5,18
6925,A,80.35,3,21
6931,B,45.2,3,22
6937,A,25.24,1,17
6938,B,35.46,2,26
6941,A,58.99,4,17
6956,A,25.19,2,21
6964,A,45.519999999999996,10,15
6965,B,54.15,3,15
6971,A,10.32,2,23
6973,B,24.25,5,25
6974,A,5.59,5,27
6977,B,76.81,5,22
6986,B,67.62,1,19
6987,B,84.85,4,16
6994,A,12.82,1,21
7001,A,14.18,2,21
7003,A,24.56,3,21
7007,B,34.65,5,19
7010,B,1.72,5,23
7025,A,70.31,5,21
7036,B,57.3,2,24
7037,A,7.66,3,24
7040,B,42.05,5,23
7043,B,7.61,2,27
7058,B,28.75,4,22
7063,B,63.12,3,21
7069,A,22.54,10,22
7072,A,116.68,1,31
7092,B,10.55,2,15
7107,A,28.6,5,22
7123,B,15.2,2,24
7125,B,11.73,4,19
7127,A,58.72,4,24
7147,A,22.67,1,19
7149,A,117.03,3,25
7157,A,22.87,4,24
7161,A,76.93,5,17
7193,A,14.29,2,21
7203,B,24.57,2,23
7204,B,21.12,1,23
7208,B,23.93,1,19
7209,B,70.55,1,23
7210,B,54.62,3,16
7213,B,17.62,1,25
7219,B,8.86,4,19
7220,A,6.96,3,25
7223,B,38.82,3,25
7231,B,65.86,4,21
7233,B,111.06,3,16
7240,B,21.29,5,19
7252,B,107.01,4,24
7258,A,21.22,3,24
7275,A,9.43,1,24
7276,A,34.82,3,23
7288,B,149.49,2,23
7292,A,38.43,1,25
7294,B,7.45,1,25
7311,B,42.11,4,21
7314,B,36.89,4,20
7322,A,51.83,2,4
7332,B,4.14,4,22
7347,A,80.39999999999999,6,22
7348,A,17.22,5,22
7349,A,10.98,1,17
7351,B,30.46,1,18
7353,B,1.3,3,22
7362,A,6.22,2,26
7379,A,28.64,3,24
7380,B,8.25,5,25
7383,A,29.22,5,21
7393,B,16.04,3,20
7394,B,109.7,10,25
7406,A,110.1,6,16
7411,B,11.02,2,21
7413,A,7.54,5,20
7414,B,13.66,1,4
7415,B,9.39,5,25
7429,A,15.42,1,24
7446,A,11.21,1,27
7453,B,41.06,1,24
7481,B,65.96,2,15
7487,B,3.59,2,19
7516,A,21.06,3,27
7517,B,25.31,5,26
7520,B,17.01,2,25
7547,A,21.12,5,26
7551,B,25.47,5,28
7568,B,30.46,2,18
7570,B,98.51,6,22
7599,A,15.54,3,6
7612,B,29.58,2,23
7620,B,19.78,4,23
7622,A,29.53,2,23
7625,B,42.79,4,24
7628,B,64.86,5,21
7629,B,51.08,1,19
7645,A,44.42,2,34
7648,B,59.75,2,18
7654,B,6.59,5,17
7678,B,35.13,5,27
7679,A,52.37,7,25
7695,B,1.44,1,19
7707,B,17.95,4,20
7708,A,22.91,5,26
7709,B,90.45,1,26
7711,A,4.11,3,21
7713,A,10.97,3,24
7718,B,23.68,4,24
7721,A,27.65,3,24
7725,A,82.2,4,20
7732,B,17.96,5,20
7735,A,15.68,4,20
7748,A,18.51,4,19
7767,A,43.510000000000005,5,24
7772,B,36.0,1,18
7776,A,20.96,1,22
7778,B,3.82,4,25
7782,B,19.98,2,25
7790,A,10.14,5,23
7802,A,45.2,1,23
7815,A,11.34,5,17
7816,B,34.69,1,23
7820,B,35.03,1,22
7825,B,26.62,3,19
7845,A,17.43,2,26
7852,B,37.76,2,25
7854,A,22.84,5,26
7863,A,21.92,3,23
7869,B,10.75,4,30
7873,B,4.7,2,2
7878,A,124.38,6,22
7891,A,84.41,2,21
7898,A,44.69,1,15
7900,A,19.58,1,23
7914,A,18.53,5,20
7919,A,12.88,5,14
7927,A,45.870000000000005,4,24
7933,B,27.22,3,22
7935,A,72.07,3,16
7937,B,22.29,4,30
7939,B,62.91,4,18
7940,B,39.13,1,17
7941,A,54.26,1,21
7944,B,18.12,1,23
7955,B,21.24,5,23
7958,B,76.17,4,22
7959,A,39.84,5,20
7983,A,3.55,4,24
7990,A,13.86,4,23
7996,B,41.59,5,18
8002,A,45.400000000000006,9,22
8003,A,24.75,4,20
8008,B,62.27,1,16
8021,B,11.36,1,21
8027,A,42.76,1,22
8044,A,75.78,1,19
8048,B,43.72,4,20
8050,A,39.09,3,17
8054,A,7.37,5,23
8055,B,9.78,2,15
8070,B,37.9,5,24
8074,B,81.41,2,28
8076,A,29.62,2,21
8083,A,3.93,5,23
8097,B,16.39,1,24
8099,B,5.11,4,23
8104,A,51.11,1,24
8112,A,0.68,3,25
8118,A,8.3,3,19
8129,B,38.94,3,18
8132,B,36.98,2,19
8136,B,6.1,2,21
8138,B,27.66,5,20
8139,B,15.8,4,17
8140,A,34.79,8,20
8146,B,18.71,3,20
8150,B,22.55,1,20
8162,A,113.02,3,19
8187,A,21.65,4,20
8192,B,3.43,3,23
8195,B,58.9,10,22
8214,A,5.3,3,23
8232,A,32.76,3,27
8237,A,32.95,4,21
8241,B,18.24,1,20
8242,B,45.23,5,20
8244,B,29.53,3,15
8248,B,24.45,5,16
8258,A,72.41,4,26
8282,A,23.79,4,5
8286,B,14.11,3,24
8287,B,8.97,1,24
8290,B,26.74,1,25
8293,B,67.44,4,21
8308,A,29.54,4,7
8311,A,22.09,4,20
8313,A,57.18,1,15
8317,A,30.65,1,20
8322,A,0.86,5,24
8325,A,47.58,3,23
8330,B,3.17,5,19
8331,A,28.11,3,21
8334,A,26.09,3,23
8345,A,5.83,3,15
8359,B,29.87,5,22
8364,A,22.67,2,20
8371,B,40.97,5,23
8377,B,5.81,4,22
8389,A,42.019999999999996,8,20
8391,B,111.56,2,19
8402,A,20.69,4,18
8422,A,40.98,2,21
8438,B,20.24,5,22
8443,B,79.55,5,18
8448,A,4.8,5,28
8455,B,18.81,5,24
8465,A,50.58,9,17
8474,B,42.26,2,25
8490,B,45.61,1,5
8493,A,24.68,5,23
8498,A,28.82,4,23
8503,B,6.58,2,18
8517,A,44.65,1,22
8521,B,144.97,7,21
8524,B,31.07,4,21
8527,A,10.65,3,27
8532,A,60.9,4,21
8538,A,44.53,5,19
8553,A,31.05,2,30
8557,A,55.39,3,23
8582,A,16.12,4,25
8585,B,43.39,4,18
8591,B,6.15,2,27
8594,B,24.47,2,24
8600,A,22.21,5,17
8602,A,29.89,2,24
8603,A,45.16,5,23
8608,B,34.31,1,21
8619,B,43.92,4,19
8628,A,25.01,4,20
8634,B,11.27,3,21
8639,A,52.33,5,19
8653,A,52.59,3,21
8654,B,32.21,5,22
8661,A,11.54,1,21
8663,A,1.38,4,21
8670,B,28.31,1,16
8680,B,22.62,4,26
8686,A,50.61,3,16
8692,A,9.67,1,16
8698,A,41.42,1,27
8703,A,14.04,2,27
8704,B,46.23,4,22
8707,A,32.66,5,20
8713,A,24.91,3,25
8720,B,16.57,5,20
8721,A,20.73,3,18
8724,B,32.66,5,13
8743,A,5.02,1,19
8761,B,67.58,4,22
8763,A,37.08,3,19
8765,A,22.15,5,1
8776,A,18.2,4,12
8784,A,19.91,5,23
8785,B,23.56,5,3
8787,A,36.15,3,28
8803,A,76.67,4,23
8808,B,99.26,1,31
8811,B,35.44,2,23
8829,A,9.03,3,24
8830,A,46.87,3,18
8833,B,2.83,1,24
8842,A,2.87,1,9
8850,B,8.17,4,21
8852,A,10.3,5,25
8857,A,66.68,4,25
8863,A,9.57,2,24
8865,A,83.45,1,29
8882,B,18.5,5,20
8884,A,7.36,9,14
8892,B,16.58,3,33
8896,A,16.87,5,20
8904,A,46.48,3,19
8906,B,128.49,5,20
8910,B,31.04,4,23
8911,A,19.58,5,21
8916,A,51.86,3,16
8919,A,30.98,4,28
8928,B,85.31,1,18
8930,B,30.78,2,17
8938,A,10.44,5,28
8940,B,83.47,5,25
8945,A,10.86,5,28
8946,B,34.48,4,27
8949,B,28.28,3,27
8950,B,17.29,1,19
8952,B,6.3,5,17
8958,A,10.26,2,20
8965,A,20.42,4,24
8974,B,35.05,5,22
8989,B,12.04,3,20
9010,B,31.33,2,26
9019,A,21.73,5,20
9020,A,39.13,1,18
9031,A,33.83,3,21
9033,A,22.5,3,21
9043,A,37.65,1,16
9044,B,56.47,4,21
9051,B,57.1,5,22
9054,B,34.9,3,22
9086,A,20.14,3,22
9088,B,42.8,5,19
9092,A,1.29,4,21
9096,B,38.11,4,26
9101,B,19.43,3,19
9106,B,146.22,6,30
9109,A,68.13,1,27
9114,A,49.37,4,20
9115,A,27.62,5,21
9121,B,48.54,1,21
9123,B,37.11,4,24
9160,B,7.47,2,22
9162,B,5.29,5,17
9171,B,30.689999999999998,2,20
9187,A,10.92,5,5
9197,A,79.41,8,20
9205,B,28.49,1,24
9223,B,20.59,1,24
9224,B,41.23,1,20
9225,B,37.480000000000004,10,24
9234,B,3.61,5,20
9249,B,53.34,5,16
9253,B,20.54,4,19
9254,A,19.71,1,18
9256,A,42.76,4,18
9257,B,58.48,1,18
9263,B,38.51,1,20
9266,A,12.54,5,19
9268,B,57.78,3,21
9269,A,25.9,2,22
9277,A,11.26,5,25
9299,A,38.61,3,26
9300,A,43.64,5,20
9312,B,23.02,3,20
9322,A,15.85,4,23
9327,A,12.69,2,20
9337,B,8.79,1,22
9341,A,9.69,2,20
9350,B,33.25,2,28
9357,B,14.92,1,16
9359,A,115.82,3,17
9364,B,13.07,5,3
9375,A,65.06,5,19
9392,B,45.06,2,24
9397,A,45.72,6,23
9406,B,29.44,5,18
9417,A,16.67,3,19
9423,B,75.47,2,21
9425,A,73.62,5,19
9426,B,34.48,4,18
9431,B,73.22,5,18
9438,A,12.15,2,20
9441,A,27.64,4,20
9443,A,15.39,2,19
9451,A,48.12,3,16
9460,A,5.79,5,14
9464,B,46.83,5,20
9480,B,58.47,1,18
9483,A,4.69,1,29
9485,A,9.52,5,20
9494,B,7.18,2,21
9501,B,31.52,4,20
9506,A,25.44,2,15
9514,A,110.09,1,18
9520,A,1.75,5,27
9523,B,64.57,4,20
9526,A,26.92,4,21
9527,A,18.82,3,21
9529,B,33.02,2,17
9532,B,48.61,1,22
9538,A,24.64,5,14
9539,A,19.3,3,22
9541,A,26.95,1,25
9562,B,21.95,5,19
9580,B,16.87,2,27
9582,B,15.38,3,21
9626,B,69.43,2,22
9645,B,27.01,3,22
9646,A,31.86,3,17
9651,A,51.11,3,29
9664,A,16.74,5,27
9670,B,35.04,4,24
9680,B,16.24,4,21
9682,B,9.2,3,20
9684,A,16.99,1,20
9694,B,29.95,2,2
9700,A,70.15,6,24
9702,A,41.28,3,16
9709,B,44.74,3,24
9715,A,64.35,2,26
9716,B,16.39,2,14
9736,B,57.69,2,27
9740,A,21.24,3,19
9746,B,24.66,2,16
9749,A,31.59,1,21
9756,B,12.99,5,20
9758,B,33.22,3,18
9760,B,50.21,5,23
9773,A,58.74,4,19
9776,B,5.71,5,22
9778,A,47.07,5,5
9786,B,61.72,1,22
9787,A,12.58,5,20
9788,A,15.35,4,23
9789,B,15.44,1,19
9814,B,13.43,1,20
9818,A,18.01,2,23
9820,B,39.1,4,23
9823,A,18.57,5,19
9843,B,34.6,5,21
9844,A,37.2,1,6
9870,B,20.39,3,29
9879,A,22.63,3,21
9880,B,45.57,3,21
9882,B,46.01,2,21
9883,B,27.89,5,18
9888,B,20.58,4,24
9892,A,38.99,4,26
9894,B,41.8,3,18
9896,B,60.45,2,17
9901,B,27.25,2,21
9903,B,24.57,1,5
9904,B,44.47,1,17
9916,A,45.92,4,25
9919,B,7.81,3,23
9920,A,30.0,1,20
9922,B,27.9,1,19
9934,B,28.02,5,20
9936,B,45.53,2,21
9944,A,73.03,3,20
9961,A,17.55,1,24
9962,A,1.64,4,27
9963,B,27.54,4,23
9967,B,126.43,3,29
9970,B,52.8,3,27
9986,A,41.32,1,24
9998,A,89.37,4,19
9999,B,70.14,7,28
10000,A,24.46,1,19
10002,B,37.67,6,20
10006,A,13.28,3,25
10008,A,18.98,5,22
10018,B,16.5,4,27
10020,B,13.76,3,21
10024,A,35.11,1,23
10037,B,4.71,1,22
10039,B,7.71,3,26
10041,A,46.1,8,20
10046,A,24.75,1,19
10062,B,99.18,8,21
10065,A,19.62,2,17
10072,A,52.01,1,21
10081,A,12.24,3,26
10082,A,14.07,1,22
10088,B,0.44,2,23
10092,A,7.19,2,26
10100,A,21.86,5,23
10103,A,9.97,4,27
10104,A,46.940000000000005,9,24
10110,A,52.19,5,21
10126,B,66.5,2,17
10135,B,13.29,1,25
10141,A,12.45,5,19
10144,A,27.58,5,4
10157,B,61.19,2,5
10170,A,21.25,4,20
10171,A,31.59,3,23
10172,A,29.5,4,16
10173,B,50.65,1,21
10183,A,82.05,2,18
10187,B,22.97,5,21
10188,B,21.57,1,21
10190,A,14.41,2,13
10194,A,45.27,1,17
10195,B,34.28,2,22
10198,A,72.39,1,20
10208,A,61.94,7,22
10217,B,46.95,5,22
10219,B,23.39,3,24
10221,A,9.31,3,17
10225,A,3.42,4,22
10232,B,57.43,4,25
10248,A,36.42,1,12
10251,A,39.05,5,30
10259,B,53.74,7,21
10275,A,39.77,2,17
10277,B,10.96,2,25
10287,B,25.92,4,20
10290,B,9.23,4,17
10291,A,29.92,1,17
10292,A,88.61,7,27
10299,A,16.98,3,14
10311,A,37.85,4,22
10326,B,11.38,5,25
10330,A,53.59,2,24
10332,B,25.65,1,24
10333,A,39.27,3,24
10340,B,25.06,1,21
10350,A,43.43,2,18
10360,A,80.55,10,21
10367,A,28.51,1,20
10373,B,36.67,2,17
10381,B,21.81,1,21
10403,A,48.42,4,17
10410,A,23.84,2,17
10414,B,11.03,2,23
10424,B,60.72,3,15
10435,B,12.68,5,18
10437,A,49.86,2,25
10447,A,16.13,3,27
10450,A,36.63,5,18
10465,B,85.07,11,17
10469,B,20.17,2,19
10471,B,30.03,3,22
10472,A,37.68,5,16
10478,A,33.7,4,28
10483,A,22.07,3,21
10496,B,69.56,1,22
10507,B,22.87,2,23
10508,B,93.6,2,17
10519,B,23.39,5,20
10522,B,27.44,4,20
10524,B,19.9,1,20
10529,A,17.36,3,21
10531,A,50.28,3,17
10532,B,9.57,3,22
10538,A,47.849999999999994,8,27
10544,A,26.14,4,26
10545,B,21.77,2,4
10547,A,21.5,2,21
10550,B,23.26,4,23
10564,A,16.34,4,21
10573,B,42.57,3,24
10574,B,12.45,3,26
10578,B,45.39,5,22
10581,B,48.07,4,20
10595,A,13.5,4,20
10603,A,49.84,1,23
10605,A,31.57,3,19
10610,B,42.29,3,24
10619,B,17.08,5,24
10622,A,21.5,2,23
10623,A,46.72,3,18
10633,B,79.82,2,21
10677,B,20.41,3,23
10678,A,44.87,4,20
10689,A,71.09,5,20
10697,A,37.79,1,16
10705,A,10.4,2,6
10706,A,19.95,7,21
10715,B,23.23,4,16
10716,A,87.45,1,20
10727,B,58.97,3,27
10729,A,15.12,4,16
10731,A,20.67,1,21
10735,A,26.71,6,22
10745,B,47.59,5,20
10749,B,78.99000000000001,9,19
10750,A,32.52,5,23
10751,B,13.44,2,16
10755,A,53.45,3,21
10758,B,37.87,1,22
10759,A,35.68,5,24
10770,A,50.74,4,22
10782,B,41.04,2,18
10790,A,86.81,6,20
10794,A,74.43,4,18
10811,B,22.77,5,30
10814,A,69.64,3,17
10816,B,8.06,1,22
10818,A,59.57,2,18
10822,A,29.57,2,22
10826,B,77.79,2,22
10835,B,26.89,1,15
10851,B,36.21,5,5
10854,B,11.13,4,22
10862,A,39.25,2,18
10865,B,7.96,1,19
10866,A,53.87,3,18
10872,B,82.01,4,22
10873,B,62.1,4,26
10874,A,6.13,2,24
10882,B,18.7,2,15
10888,B,45.85,1,25
10892,B,34.16,3,20
10904,B,37.46,2,20
10915,A,50.59,1,21
10921,A,33.29,3,17
10924,A,55.17,7,19
10926,B,66.9,4,19
10930,A,34.54,4,20
10939,A,25.35,5,22
10940,A,118.25999999999999,6,27
10948,A,40.34,1,20
10952,A,27.86,1,15
10954,A,53.63,1,18
10962,A,23.29,1,27
10967,A,15.54,3,17
10968,A,38.12,5,20
10980,B,6.01,5,19
10983,A,9.25,4,25
10994,B,27.42,5,19
10995,A,10.21,3,19
10996,B,8.45,1,18
11003,B,27.01,5,15
11010,B,44.21,1,19
11013,B,55.29,2,16
11018,B,97.56,2,2
11019,B,33.66,3,22
11032,A,26.51,3,23
11033,B,59.46,4,30
11046,A,50.44,5,19
11059,B,13.76,5,24
11064,A,97.67999999999999,6,19
11071,A,31.73,1,27
11072,B,94.43,4,29
11074,B,5.18,5,19
11080,A,19.86,4,21
11092,B,12.45,2,21
11093,B,40.4,4,19
11094,A,20.520000000000003,2,17
11105,B,128.99,5,23
11117,A,12.77,2,6
11121,B,29.57,2,22
11128,B,9.21,1,20
11142,A,33.57,2,19
11148,B,19.38,2,18
11149,B,33.45,4,26
11151,A,41.83,1,21
11155,B,124.19,1,27
11158,B,17.9,2,23
11159,A,19.82,4,13
11162,B,41.76,5,24
11172,A,36.98,2,19
11179,B,125.27,2,24
11187,B,31.09,2,23
11188,A,13.11,1,28
11191,A,49.01,2,14
11199,B,23.34,5,30
11233,B,78.57,3,20
11237,B,18.11,3,15
11243,A,9.39,2,22
11244,A,2.7,2,25
11249,B,39.52,3,17
11250,B,41.02,4,27
11256,A,34.0,2,15
11263,A,82.32,5,28
11279,B,31.39,3,13
11281,B,9.61,1,23
11283,B,20.31,4,26
11286,B,23.48,1,19
11290,A,8.45,4,22
11323,B,68.72,8,22
11329,A,9.09,5,20
11332,A,31.45,5,30
11338,A,60.73,5,24
11343,B,6.06,3,24
11345,B,8.44,4,20
11348,B,39.26,2,19
11349,A,48.42,4,22
11355,A,90.02,4,22
11356,B,30.44,5,23
11361,B,59.04,3,21
11364,B,21.38,4,23
11367,A,23.66,1,16
11374,B,51.36,1,17
11393,B,29.27,3,19
11398,A,13.21,5,22
11401,B,86.41,2,24
11406,A,18.43,5,17
11414,B,90.29,5,25
11423,A,55.17,4,20
11430,B,13.75,3,22
11431,A,22.23,1,21
11437,B,151.35999999999999,9,21
11448,B,3.57,5,24
11457,B,28.59,1,26
11464,B,100.14,3,22
11472,B,57.29,5,19
11474,B,79.45,2,22
11477,B,102.44,5,26
11481,A,35.53,4,21
11486,A,19.43,5,24
11501,A,24.59,5,21
11504,A,42.31,5,20
11518,B,1.89,3,22
11524,B,83.44,2,17
11525,B,52.57,1,19
11526,B,78.82,5,24
11529,B,17.560000000000002,4,25
11542,A,27.12,4,23
11548,A,55.22,4,23
11550,B,88.77000000000001,8,21
11560,B,33.58,5,23
11574,B,38.36,3,21
11596,B,27.77,1,24
11600,A,34.77,3,28
11619,B,14.64,2,26
11622,A,25.87,2,23
11623,B,41.26,1,21
11625,A,48.44,2,25
11632,A,24.31,2,23
11634,B,26.24,4,22
11635,A,33.75,1,20
11638,B,151.23,4,20
11641,B,46.92,2,16
11657,A,23.62,5,27
11671,B,58.24,2,29
11676,A,28.85,4,22
11677,A,37.17,1,26
11679,A,72.98,5,19
11683,B,21.83,4,21
11685,B,14.07,4,23
11687,A,17.32,1,24
11694,B,34.63,4,3
11702,B,15.59,5,10
11704,A,84.96,2,26
11708,A,3.06,3,20
11725,A,14.29,2,16
11742,A,3.55,3,21
11748,B,39.34,3,18
11749,A,54.43,5,20
11754,B,50.92,5,16
11765,B,7.45,5,19
11767,B,25.06,5,17
11772,B,6.34,5,18
11774,A,12.29,3,21
11785,B,29.8,1,16
11786,A,18.08,5,28
11787,B,37.88,4,18
11793,A,34.53,1,18
11806,B,29.17,2,19
11807,B,11.63,2,19
11809,A,5.26,2,22
11813,B,23.23,2,23
11824,A,4.26,2,18
11830,A,23.83,5,23
11833,A,17.06,1,19
11847,B,37.69,4,19
11849,A,17.05,2,24
11850,A,24.09,2,19
11852,B,14.3,3,5
11856,A,4.61,3,16
11868,A,15.0,4,25
11870,A,7.26,1,24
11871,B,41.17,1,21
11873,B,46.15,5,23
11874,A,31.72,2,19
11878,B,11.86,2,21
11913,A,65.29,1,26
11919,B,12.88,4,21
11921,B,24.53,1,21
11922,A,21.77,2,16
11929,A,34.23,4,15
11932,B,8.07,3,16
11941,B,56.16,1,22
11942,A,36.0,1,18
11948,B,46.76,1,27
11961,A,56.31,4,16
11965,B,22.04,1,18
11969,A,15.04,4,31
11976,A,41.23,5,23
11987,B,39.87,1,19
11994,A,19.88,5,23
12000,A,39.16,2,4
12005,B,25.73,1,19
12011,B,66.08,4,18
12029,B,33.08,3,18
12037,A,19.54,5,21
12039,A,58.96,9,23
12048,B,17.94,1,21
12065,A,5.06,5,22
12072,B,12.96,6,21
12085,B,4.15,1,26
12088,B,89.14,5,22
12095,A,14.14,4,19
12105,A,3.72,3,20
12114,A,13.35,4,26
12134,A,7.29,1,15
12139,B,29.9,5,23
12142,A,46.61,7,24
12143,B,42.62,5,18
12144,B,62.58,5,23
12148,A,27.49,2,12
12154,A,34.43,7,26
12160,B,28.85,5,16
12161,B,15.47,2,18
12163,A,15.27,4,22
12164,B,97.03,1,14
12166,B,11.1,5,20
12174,A,86.75,3,20
12181,A,77.64,6,25
12193,B,66.32,2,21
12194,A,16.25,5,22
12198,B,76.81,1,21
12203,B,11.41,2,20
12210,B,102.28,5,22
12221,A,35.279999999999994,9,18
12232,A,49.93,2,16
12238,B,61.61,1,20
12239,A,52.15,2,22
12241,B,17.64,3,26
12246,A,15.86,4,20
12257,A,18.06,4,22
12265,B,25.7,3,22
12273,A,79.47,3,29
12276,B,15.8,2,22
12278,B,53.16,5,16
12280,B,21.6,4,23
12281,A,37.35,2,20
12290,A,27.55,5,19
12302,A,65.09,3,21
12317,A,8.88,1,23
12327,A,24.34,3,22
12332,B,7.8,2,22
12333,A,39.78,1,29
12337,A,80.92,1,27
12338,B,38.06,5,19
12340,A,17.85,1,20
12343,B,28.58,5,24
12357,A,53.33,1,24
12358,B,27.71,2,23
12359,A,40.83,1,17
12372,B,78.54,1,27
12376,B,4.55,4,24
12379,A,45.74,3,20
12382,A,3.59,4,19
12394,B,39.45,2,22
12400,B,24.21,3,17
12402,B,17.69,4,26
12411,B,9.56,4,20
12419,B,36.37,4,20
12422,A,28.61,5,18
12427,A,31.43,2,27
12435,B,11.6,2,22
12447,B,19.61,1,4
12453,B,25.58,1,19
12466,B,32.31,3,19
12469,B,67.94,4,15
12473,A,28.13,4,15
12477,B,12.96,1,5
12482,A,27.0,5,18
12487,B,55.11,3,25
12501,B,46.74,2,19
12503,B,16.01,5,21
12508,B,54.02,5,17
12513,B,56.09,2,29
12519,A,21.67,1,19
12521,B,17.01,1,24
12524,B,51.06,1,17
12531,B,19.41,5,21
12540,B,46.57,5,21
12553,B,11.28,2,21
12554,A,49.49,3,18
12562,A,27.36,3,22
12566,B,23.42,4,17
12568,B,55.1,1,20
12573,A,45.23,1,18
12574,B,19.92,3,23
12583,B,13.44,4,20
12588,A,106.84,3,19
12590,A,48.21,1,18
12600,B,25.51,2,24
12610,A,29.41,1,17
12611,B,35.73,4,21
12619,B,20.02,4,26
12620,B,42.66,1,21
12622,B,20.44,2,23
12625,B,27.78,3,24
12626,A,17.3,4,22
12629,A,60.48,2,21
12638,A,71.83,5,25
12639,A,39.44,3,17
12640,A,40.9,4,21
12641,A,76.06,2,11
12648,B,19.72,1,17
12649,A,16.35,4,19
12652,B,6.8,5,22
12653,B,42.59,7,23
12655,B,32.4,2,20
12658,B,43.76,5,26
12660,B,23.9,4,25
12664,A,28.81,3,22
12669,B,29.3,5,23
12672,B,38.82,5,20
12688,A,51.25,2,24
12690,A,75.38999999999999,5,22
12702,A,61.78,9,22
12708,B,30.73,5,17
12710,A,23.61,5,17
12716,B,28.8,4,21
12718,B,20.0,1,23
12720,A,15.12,5,29
12724,B,5.78,5,18
12727,B,23.17,9,23
12728,A,13.31,5,19
12739,B,13.82,4,15
12741,B,24.64,1,19
12761,A,37.88,2,23
12773,B,31.15,2,26
12781,A,23.08,1,24
12782,B,28.4,1,20
12791,A,9.59,5,20
12793,B,63.89,6,20
12795,B,74.23,4,27
12796,A,134.03,1,33
12797,A,13.96,1,20
12801,B,29.84,2,22
12814,B,94.98,10,18
12818,A,20.47,5,19
12820,B,7.85,4,20
12827,B,17.87,4,20
12828,B,76.29,4,27
12846,B,56.45,5,26
12848,A,9.5,5,19
12862,B,121.19000000000001,3,23
12864,B,19.28,2,20
12876,A,15.72,3,22
12882,A,41.42,5,15
12890,B,56.39,3,27
12899,B,66.26,4,23
12905,B,28.29,2,14
12908,B,53.35,5,4
12913,B,20.87,2,18
12918,A,9.94,4,26
12920,B,57.62,5,18
12925,B,9.6,5,23
12930,B,49.27,2,25
12933,B,118.02,5,24
12935,B,74.55,2,28
12948,B,1.99,1,23
12951,A,19.64,1,20
12958,A,14.42,3,20
12959,B,29.76,2,19
12961,B,12.64,1,3
12988,B,30.41,4,20
12989,A,32.75,5,16
12994,A,85.31,3,20
13016,A,52.69,5,15
13022,B,35.63,3,26
13023,B,13.38,4,22
13031,B,86.12,2,23
13034,A,39.54,5,20
13035,B,53.51,5,17
13040,A,27.23,2,15
13042,B,10.35,5,19
13045,B,11.89,2,28
13047,A,146.7,11,19
13053,B,60.86,2,27
13061,A,17.26,5,24
13077,A,7.4,4,25
13079,B,65.87,4,23
13089,A,21.1,3,25
13102,B,15.6,5,23
13105,A,13.07,1,17
13106,B,52.39,1,29
13108,A,44.35,4,22
13112,A,35.71,4,19
13113,B,81.08,6,21
13128,A,22.81,1,16
13129,A,11.93,3,23
13130,A,27.45,3,24
13149,A,11.36,1,14
13156,A,61.61,3,23
13160,B,31.42,5,19
13172,B,2.3,3,27
13174,A,61.68,5,21
13177,B,19.78,4,20
13178,B,21.98,2,14
13193,B,16.78,1,24
13206,A,28.16,3,20
13218,A,50.14,3,22
13219,B,7.41,3,22
13220,B,9.88,2,20
13230,A,11.07,4,24
13233,A,57.83,4,22
13235,B,20.88,3,22
13241,B,26.75,2,23
13242,A,4.75,1,28
13243,B,23.74,1,17
13247,A,8.59,3,22
13253,B,43.84,1,18
13255,B,25.11,1,20
13256,B,14.66,5,20
13267,A,60.9,4,22
13269,A,16.17,4,33
13286,A,3.93,4,18
13296,B,21.85,4,26
13299,A,12.6,2,5
13304,A,25.0,5,19
13306,A,14.74,5,15
13311,A,5.36,1,26
13314,B,9.59,4,20
13320,B,13.09,4,24
13329,A,32.32,1,24
13338,A,30.0,2,24
13344,B,9.48,3,21
13348,B,7.41,1,4
13355,B,18.45,5,23
13357,A,11.04,5,19
13358,A,26.0,3,25
13359,A,40.54,3,23
13368,B,19.86,1,24
13391,B,46.46,4,22
13392,B,64.76,4,22
13396,A,24.8,1,16
13403,B,23.78,1,26
13405,B,26.529999999999998,4,23
13409,A,4.98,5,18
13421,A,13.79,2,21
13425,A,66.98,4,16
13436,A,46.25,3,27
13437,A,12.55,5,18
13440,B,25.46,4,22
13441,B,104.86,6,19
13450,B,41.870000000000005,9,22
13455,B,41.77,3,21
13473,A,13.4,3,20
13485,A,40.76,1,26
13487,B,80.18,3,18
13509,A,42.77,2,23
13530,A,18.0,1,17
13541,B,30.78,4,5
13543,B,16.83,4,17
13548,A,84.95,3,28
13549,B,33.32,1,28
13550,B,27.16,5,22
13551,B,33.04,5,18
13554,B,94.27,6,20
13555,B,33.68,3,19
13559,B,58.07,3,24
13561,B,75.27,3,17
13570,B,38.62,3,20
13574,A,33.35,2,19
13588,A,84.53,5,20
13589,A,22.47,2,25
13597,B,41.55,4,11
13598,A,18.48,5,21
13602,A,76.97,6,19
13608,A,15.1,5,24
13609,A,19.94,4,25
13611,B,37.29,5,28
13614,A,36.64,1,31
13615,B,38.95,1,21
13623,B,31.89,3,15
13628,A,8.06,2,21
13630,B,102.87,1,15
13641,B,24.49,3,24
13644,B,35.14,5,22
13649,B,10.71,5,27
13654,A,130.38,6,26
13659,B,65.89,3,23
13665,A,20.16,3,18
13672,A,45.459999999999994,9,6
13680,B,22.78,2,17
13683,A,9.66,1,21
13692,B,36.58,3,5
13694,B,45.09,5,24
13704,B,77.95,1,26
13716,A,10.14,1,23
13719,B,52.19,10,17
13727,A,30.35,1,24
13729,B,54.02,5,18
13742,B,24.77,2,22
13744,B,8.57,2,25
13749,A,25.18,3,22
13759,B,33.82,5,25
13763,A,63.07,2,21
13767,B,42.82,5,6
13773,B,85.92,4,25
13777,B,64.71000000000001,4,18
13787,B,14.94,5,21
13800,B,50.81,2,25
13804,A,66.14,3,5
13805,A,45.1,3,20
13806,B,51.55,3,22
13808,A,2.98,4,24
13819,A,43.03,2,17
13823,A,34.28,3,21
13829,A,10.71,3,23
13833,A,33.69,4,28
13856,A,13.17,1,18
13861,A,28.52,1,5
13863,B,70.5,4,21
13871,A,82.64999999999999,8,19
13889,B,48.92,2,18
13890,B,28.59,2,23
13892,B,25.17,1,20
13897,B,3.79,2,17
13901,A,20.1,4,22
13906,B,65.77,3,21
13907,A,13.94,5,16
13911,B,95.14,1,21
13917,A,12.73,1,18
13925,B,151.61,5,19
13926,B,22.84,1,21
13944,B,17.99,5,15
13958,B,15.84,1,25
13966,A,20.48,1,20
13969,B,64.05,4,20
13977,B,11.14,1,22
13985,B,73.43,1,25
13992,B,54.63,6,21
14002,B,8.44,2,21
14008,A,19.55,2,21
14015,A,7.06,1,15
14019,A,13.76,1,19
14026,B,67.24000000000001,4,23
14033,A,39.01,1,15
14049,B,39.49,2,15
14055,B,16.98,1,20
14060,B,83.36,3,28
14082,A,6.54,1,5
14089,B,12.38,1,22
14102,B,22.91,4,19
14104,B,39.52,5,15
14123,B,23.39,5,19
14131,B,51.02,5,26
14133,A,54.31999999999999,8,22
14139,B,141.29,5,23
14148,A,26.51,2,24
14154,A,31.58,2,22
14159,B,17.66,4,24
14160,B,7.26,2,17
14164,B,13.59,4,15
14167,B,25.97,4,24
14170,B,62.94,10,24
14182,A,50.34,1,22
14195,B,42.01,5,23
14196,B,46.05,1,22
14200,B,33.4,2,25
14204,A,23.58,3,24
14220,A,15.61,2,22
14227,B,62.39,4,21
14229,B,34.54,2,19
14232,B,54.88,4,4
14250,B,11.21,5,23
14251,B,38.48,4,21
14268,B,39.88,5,17
14271,A,43.85,3,16
14272,B,53.5,4,21
14289,A,36.0,5,23
14302,B,59.51,3,2
14311,B,77.33,4,23
14312,A,64.98,4,22
14319,B,46.150000000000006,9,21
14334,B,24.28,1,20
14345,B,17.25,1,5
14347,B,9.5,3,20
14351,A,28.86,2,20
14355,B,8.05,5,23
14365,B,47.37,4,21
14368,B,22.45,1,20
14369,A,29.25,6,21
14377,B,133.51,5,19
14378,B,15.2,4,15
14382,B,17.08,2,26
14385,A,22.35,2,18
14393,A,15.68,2,23
14395,B,35.79,4,22
14396,A,16.38,4,20
14404,B,42.81,2,24
14406,A,4.98,3,24
14407,A,11.11,1,18
14411,A,20.9,1,5
14413,B,79.26,1,27
14415,B,11.73,4,20
14417,A,34.34,3,19
14432,A,10.47,3,22
14435,B,2.3,1,22
14439,B,78.53999999999999,4,29
14441,B,52.74,3,20
14443,A,27.41,1,17
14449,B,16.09,2,23
14451,A,29.31,3,15
14456,B,82.61,2,19
14457,B,20.53,5,16
14461,B,20.95,1,20
14462,B,73.83,5,19
14469,A,49.0,1,22
14472,A,12.63,2,16
14474,B,29.13,3,18
14477,A,50.49,4,20
14478,A,0.5,2,19
14483,A,5.52,4,21
14493,B,44.45,2,27
14494,A,72.75,8,23
14513,A,29.73,1,20
14515,A,16.46,3,18
14521,A,18.37,5,26
14533,A,65.38,5,22
14547,A,10.83,5,18
14548,A,38.05,5,28
14552,A,33.37,5,17
14554,B,51.27,2,18
14556,B,82.48,2,17
14563,A,16.71,1,18
14564,B,22.76,5,23
14576,B,180.92,6,17
14577,B,11.43,3,16
14579,B,24.07,1,19
14582,B,56.05,1,16
14585,A,6.96,1,19
14588,B,40.64,2,19
14592,B,46.98,3,24
14595,B,25.04,1,21
14600,A,60.8,6,20
14602,A,24.47,4,23
14603,A,86.5,5,22
14605,B,28.06,1,26
14608,B,7.74,3,28
14609,B,37.59,5,25
14632,B,102.05,1,21
14637,A,23.18,5,23
14640,B,30.39,3,20
14642,B,19.69,1,16
14643,A,34.14,1,23
14644,A,53.7,3,20
14647,A,47.56,2,18
14649,A,38.6,5,22
14662,A,13.0,5,19
14679,B,55.94,2,16
14685,A,8.89,1,17
14686,A,7.48,4,28
14688,B,38.77,1,17
14693,A,5.12,2,18
14695,B,86.82000000000001,11,26
14699,A,27.82,1,18
14721,B,30.33,1,25
14727,A,12.52,1,8
14728,A,25.25,4,5
14735,B,17.96,5,18
14740,A,56.91,3,26
14746,B,34.75,1,23
14748,B,51.26,1,29
14754,A,10.16,3,23
14771,A,16.84,1,20
14777,A,30.06,4,25
14781,B,13.25,2,25
14788,B,16.76,3,18
14802,A,41.44,5,25
14805,A,52.93,4,25
14815,A,5.89,4,20
14816,B,41.29,1,29
14817,A,31.4,2,29
14819,A,39.81,1,23
14827,B,4.24,2,16
14828,A,32.84,2,16
14831,B,21.77,2,18
14832,B,29.34,1,24
14836,B,43.61,5,16
14842,B,17.93,4,26
14847,B,30.96,3,23
14848,B,26.46,5,22
14855,B,45.84,5,20
14862,A,27.43,4,24
14865,A,9.19,1,21
14868,A,89.99,5,19
14878,B,59.94,3,17
14889,A,18.74,1,26
14902,A,87.95,1,21
14905,A,15.88,3,19
14908,B,32.94,3,16
14915,A,27.78,2,29
14916,B,47.28,5,18
14926,A,32.77,5,21
14930,B,42.78,3,20
14942,A,74.35,1,22
14944,B,41.55,5,27
14953,B,18.24,5,21
14957,B,27.13,1,15
14961,A,36.9,5,22
14969,B,29.13,2,20
14972,A,12.25,4,20
14974,B,69.21,1,25
14981,B,25.4,1,23
14990,B,20.08,1,13
14997,A,9.99,5,20
15001,B,21.19,5,23
15009,A,3.08,3,23
15013,B,24.36,5,17
15023,A,31.63,4,24
15029,B,44.68,3,25
15035,A,70.41,4,18
15040,B,52.92,5,24
15041,A,31.28,1,22
15047,A,4.71,4,24
15055,B,111.03,7,25
15059,B,10.98,5,22
15061,A,3.46,1,21
15062,A,22.56,5,18
15063,A,6.77,1,15
15071,A,18.02,3,22
15075,B,26.19,4,24
15082,A,19.21,5,26
15083,B,18.47,1,18
15085,A,26.37,4,26
15102,B,51.51,1,26
15103,A,6.02,2,19
15107,A,69.28999999999999,3,22
15113,B,25.75,4,24
15114,B,5.86,4,14
15115,A,11.6,2,26
15117,B,42.3,4,26
15119,A,38.5,1,17
15121,B,35.32,5,26
15126,B,23.71,1,26
15130,A,28.79,4,17
15146,B,22.3,3,24
15155,B,11.83,5,24
15157,B,6.11,2,22
15158,A,47.55,6,19
15161,A,42.17,5,18
15185,B,67.09,2,23
15186,B,42.81,1,20
15195,B,99.68,4,20
15198,A,43.99,4,19
15208,B,87.13,4,21
15210,A,24.87,2,25
15211,B,10.35,3,21
15212,A,16.43,1,23
15219,B,32.74,4,20
15224,B,12.02,3,21
15235,A,3.81,3,19
15244,A,2.3,4,23
15254,A,7.57,1,25
15255,A,5.36,2,3
15256,A,2.08,1,24
15262,B,27.15,1,21
15266,B,28.95,5,25
15269,B,39.51,3,19
15272,B,29.99,1,19
15285,B,15.63,3,28
15290,B,10.58,1,28
15298,A,31.73,5,27
15300,A,176.12,3,16
15301,B,27.72,2,22
15303,A,50.76,4,28
15314,A,13.22,4,20
15320,B,34.09,4,19
15331,B,35.41,4,18
15340,B,76.5,2,24
15342,B,97.59,2,22
15349,B,56.98,2,14
15360,A,33.03,2,21
15376,A,24.45,1,17
15377,A,10.25,5,22
15378,A,45.72,5,21
15386,A,32.84,1,21
15390,B,32.56,1,17
15406,A,10.24,1,20
15409,B,2.69,1,17
15428,A,49.45,5,24
15435,B,52.67,1,21
15452,A,21.8,4,23
15454,A,67.79,1,28
15457,B,91.29,4,17
15464,A,48.44,3,21
15476,B,139.63,5,20
15478,B,17.17,2,19
15479,B,16.28,3,26
15480,A,47.75,5,21
15481,A,16.8,1,24
15484,A,16.03,1,18
15487,A,50.06,5,21
15518,A,26.15,4,19
15536,A,25.56,3,27
15543,A,14.61,2,21
15556,A,76.53,2,28
15560,B,68.96000000000001,5,20
15564,B,39.39,5,18
15574,A,60.05,1,16
15575,A,33.01,4,21
15580,B,72.91,1,22
15582,B,58.1,3,16
15584,A,26.41,3,24
15593,A,32.69,5,18
15596,B,35.75,4,24
15609,A,9.55,1,16
15613,B,46.04,2,5
15616,B,45.45,4,21
15617,B,43.41,5,17
15624,A,23.81,2,17
15630,A,15.59,1,20
15633,B,38.67,3,19
15634,B,80.53,4,19
15635,B,16.05,1,20
15639,A,20.92,4,18
15646,B,40.54,2,22
15650,A,52.4,7,24
15655,A,10.79,1,20
15658,A,12.57,3,19
15670,A,63.4,3,20
15678,A,4.71,4,22
15680,B,36.97,4,24
15683,B,24.9,3,24
15690,A,12.54,1,21
15698,B,102.94,8,19
15702,B,37.0,5,24
15704,A,14.36,3,16
15710,B,15.16,5,17
15711,B,22.84,5,24
15713,B,14.37,5,26
15717,A,7.39,2,16
15721,B,13.57,2,22
15731,A,49.27,2,25
15732,A,23.63,4,25
15735,B,17.48,2,18
15746,A,1.81,3,30
15756,B,55.21,4,26
15758,A,22.53,2,24
15762,A,42.39,1,24
15765,B,33.83,1,19
15767,B,33.34,4,24
15770,A,9.95,4,21
15771,A,32.8,4,24
15775,A,21.4,2,19
15781,B,67.91,4,19
15783,A,32.27,1,21
15787,B,19.51,1,21
15792,B,12.3,4,26
15794,A,10.98,1,24
15796,A,15.37,5,17
15815,B,36.32,5,22
15821,B,19.96,5,22
15824,B,20.64,3,22
15836,B,28.01,4,22
15841,A,7.02,2,18
15850,A,52.15,1,28
15851,B,28.99,2,19
15854,B,34.9,2,22
15869,A,20.36,2,5
15873,A,8.49,3,21
15874,A,72.99,8,19
15891,B,54.33,3,15
15892,B,56.39,6,22
15899,B,25.51,4,17
15901,A,6.57,4,3
15903,B,67.56,1,23
15905,A,17.07,1,24
15906,B,99.62,7,16
15908,A,41.45,5,25
15914,A,6.81,3,20
15920,B,48.75,1,20
15922,A,10.17,4,22
15943,B,33.04,5,18
15944,A,21.39,5,15
15948,A,26.180000000000003,10,24
15960,B,12.1,2,22
15972,A,25.61,2,20
15976,A,15.92,4,20
15984,A,22.53,5,22
15986,A,22.97,2,6
16004,A,28.79,5,27
16012,B,32.71,4,21
16016,A,4.43,1,21
16031,B,150.57999999999998,10,25
16036,B,116.32,3,22
16047,A,21.38,2,21
16049,A,85.03,5,20
16051,B,20.27,5,4
16064,B,47.68,1,16
16067,A,48.98,3,25
16072,A,5.05,4,19
16085,A,23.45,4,21
16089,B,16.93,2,22
16100,A,14.58,4,27
16103,B,44.27,6,23
16115,B,31.94,1,29
16119,B,53.16,5,22
16124,A,17.45,2,22
16129,B,5.81,2,14
16144,A,95.7,4,20
16168,A,10.17,2,21
16192,A,106.72,4,22
16193,A,31.82,5,21
16197,A,6.97,2,27
16204,A,41.83,2,17
16210,A,9.49,2,22
16213,B,130.38,2,18
16217,B,32.02,3,25
16224,A,70.67,2,24
16248,A,34.75,5,18
16250,A,35.88,3,15
16255,B,44.94,5,24
16259,B,54.31,2,25
16262,B,9.49,2,23
16263,A,23.79,5,26
16268,A,13.05,2,15
16269,A,15.27,2,25
16271,A,73.48,1,21
16276,A,16.31,1,19
16283,A,50.14,3,23
16285,B,12.61,1,22
16288,A,10.75,3,23
16299,A,39.74,1,20
16312,B,24.8,1,20
16313,B,53.04,3,19
16320,A,35.81,1,4
16324,B,15.2,5,20
16333,A,37.54,3,18
16336,A,61.08,2,18
16339,B,9.05,5,2
16344,B,35.04,1,17
16374,A,27.43,3,20
16376,A,39.81,5,23
16387,B,13.39,1,16
16388,B,36.98,3,26
16391,A,8.41,4,16
16392,B,21.41,3,4
16396,A,16.63,4,22
16406,B,44.24,3,17
16411,A,14.81,3,26
16422,B,34.56,3,16
16433,A,15.22,1,28
16437,B,4.22,2,24
16440,A,27.59,3,13
16441,A,29.71,5,20
16447,B,31.63,5,19
16448,A,24.89,1,19
16449,B,49.43,5,19
16457,B,21.64,1,22
16461,A,26.5,2,24
16477,A,28.56,4,22
16480,B,42.27,3,18
16493,B,23.45,1,19
16496,B,45.95,4,18
16498,A,176.91,7,20
16513,B,45.77,4,19
16514,B,100.65,1,22
16516,B,96.49,5,24
16520,B,35.269999999999996,4,20
16528,B,47.74,2,30
16543,B,58.41,3,23
16544,A,17.24,2,21
16554,A,2.67,2,20
16556,B,23.14,3,16
16563,B,23.45,4,22
16566,B,13.8,3,30
16567,A,33.24,3,20
16581,B,30.94,4,22
16589,A,35.98,1,14
16592,B,9.47,4,19
16599,A,19.34,5,21
16603,A,59.51,2,29
16613,B,47.92,3,21
16620,B,8.83,3,19
16621,A,73.54,3,22
16627,A,27.23,4,27
16629,A,9.7,5,23
16638,B,25.56,1,16
16643,B,20.54,1,27
16663,B,62.37,2,23
16671,A,13.17,1,6
16682,B,44.56,5,17
16684,B,47.33,4,19
16691,A,20.37,4,24
16701,A,36.01,2,24
16704,A,26.62,5,21
16717,A,29.81,2,23
16738,B,42.88,3,21
16741,B,50.81,5,23
16753,A,20.09,4,21
16755,B,36.54,1,14
16764,A,2.93,5,21
16765,A,74.32,3,18
16766,A,7.68,1,23
16770,A,1.84,3,16
16776,A,27.83,3,21
16777,B,87.69,4,23
16779,A,19.21,2,26
16785,A,7.27,4,25
16801,B,10.75,2,25
16814,B,15.16,3,28
16815,A,14.37,4,18
16822,B,14.38,2,25
16823,B,9.02,3,21
16828,A,23.68,5,22
16836,A,35.75,5,18
16840,B,17.1,3,13
16852,A,18.84,5,19
16855,A,26.84,2,19
16859,A,82.2,3,23
16865,B,41.91,3,22
16891,B,11.32,1,21
16894,A,95.38,1,21
16907,A,37.31,4,15
16918,B,34.74,1,27
16925,B,18.18,2,23
16928,B,67.0,2,17
16931,B,6.26,4,16
16933,A,34.4,1,21
16934,A,20.17,5,17
16936,B,12.24,5,21
16945,B,54.95,4,18
16956,B,27.56,2,16
16960,A,23.81,2,22
16963,B,31.08,5,21
16968,A,62.97,1,24
16971,A,30.16,4,22
16978,A,23.87,1,3
16980,A,54.14,5,16
17003,B,40.62,4,19
17005,A,34.06,1,18
17009,A,22.54,3,18
17011,B,6.7,3,3
17018,B,56.58,5,19
17026,B,4.46,5,16
17029,B,28.91,5,30
17046,A,25.16,5,23
17052,B,87.36,2,24
17054,B,35.02,1,27
17057,A,89.08,2,21
17060,B,60.32,3,25
17072,A,52.07,1,19
17089,B,31.67,4,25
17093,B,37.5,2,3
17094,B,52.93000000000001,6,26
17097,B,19.85,3,16
17106,A,35.58,5,19
17110,A,4.57,5,18
17115,B,74.82,3,18
17124,B,42.37,1,24
17126,A,24.44,3,17
17130,B,17.65,2,26
17138,B,58.8,10,24
17149,B,24.12,5,17
17152,B,17.53,5,20
17153,A,21.19,5,20
17164,B,17.88,4,19
17177,B,56.26,3,17
17186,B,39.65,2,23
17187,B,10.25,5,18
17191,B,61.15,3,24
17196,B,23.25,3,18
17197,A,73.14,1,23
17229,B,43.86,4,17
17231,A,18.48,5,18
17237,A,12.8,2,18
17249,B,9.09,3,28
17252,A,19.19,2,23
17257,A,41.38,1,23
17258,B,18.76,1,17
17279,B,10.97,3,20
17280,A,1.36,1,18
17281,A,74.22,3,32
17285,A,25.85,3,21
17292,A,11.57,5,26
17293,A,87.11,7,23
17309,B,32.8,1,15
17314,B,28.51,4,19
17320,B,74.75,1,27
17321,B,15.39,4,25
17325,A,12.64,5,19
17326,A,13.33,5,19
17329,A,14.65,1,12
17332,B,96.68,3,22
17346,A,4.09,4,19
17349,A,17.11,1,18
17350,A,19.53,3,23
17351,B,47.05,4,5
17353,A,7.14,5,16
17354,A,12.21,4,21
17358,A,29.99,1,19
17364,A,68.36000000000001,6,27
17382,B,24.12,5,25
17396,A,39.72,7,16
17397,A,23.76,5,14
17401,A,2.95,3,22
17404,A,34.49,4,22
17406,B,20.97,4,21
17412,A,7.22,3,22
17421,B,8.67,1,19
17426,B,46.45,4,20
17434,B,10.43,1,20
17435,A,17.0,2,20
17439,A,45.44,3,21
17445,A,36.25,4,27
17446,A,3.89,3,18
17447,A,18.92,5,19
17449,B,17.73,2,20
17455,B,43.33,1,26
17462,A,17.91,3,24
17478,B,17.52,1,21
17479,A,11.22,5,19
17494,A,4.54,4,1
17499,A,8.59,5,22
17504,A,20.0,4,20
17511,A,43.77,2,20
17517,A,38.48,3,19
17520,B,11.19,5,21
17523,B,37.91,2,22
17538,A,19.69,2,22
17541,B,20.81,5,22
17542,A,27.42,4,28
17544,B,51.81,5,21
17546,B,48.15,1,26
17553,A,16.69,2,19
17570,A,25.72,1,3
17571,A,24.67,4,22
17577,A,16.07,5,20
17578,A,69.44,2,14
17580,B,23.53,4,27
17584,A,33.96,3,18
17585,A,5.5,3,22
17610,B,23.14,5,21
17611,A,25.64,4,23
17616,B,40.69,1,21
17622,B,69.32,5,21
17626,A,26.67,3,23
17628,A,30.67,1,23
17635,B,65.87,2,20
17640,B,32.17,5,15
17644,B,30.32,3,20
17645,B,5.57,4,23
17648,B,36.25,5,15
17652,A,36.8,5,18
17657,A,48.15,1,14
17658,B,18.0,4,23
17664,A,21.49,2,20
17671,A,47.89,4,25
17677,A,159.79,3,21
17684,A,16.09,2,19
17693,B,54.629999999999995,7,25
17702,B,12.76,2,19
17703,A,10.11,5,26
17714,B,101.15,3,22
17716,B,31.72,1,22
17717,A,7.95,3,25
17731,A,10.86,2,21
17733,A,28.29,2,13
17735,B,28.66,4,19
17740,B,25.67,5,23
17742,A,70.27,11,22
17744,B,41.21,3,28
17745,B,13.03,4,24
17746,A,20.14,4,20
17749,B,87.26,5,27
17754,B,82.32,3,5
17760,A,30.42,4,26
17762,B,24.69,4,17
17766,B,30.84,7,28
17767,B,82.89,2,16
17770,A,52.56,3,27
17775,A,15.88,5,20
17779,A,17.4,3,20
17783,B,25.96,1,24
17789,A,50.84,2,28
17798,B,55.98,6,24
17802,A,30.95,5,22
17830,B,64.23,1,18
17839,A,37.41,5,18
17840,B,40.36,4,23
17858,B,20.33,3,25
17859,A,93.48,6,22
17862,B,32.74,2,24
17870,B,35.94,2,18
17879,A,3.46,2,26
17880,A,32.1,4,22
17884,B,34.11,1,20
17893,B,20.02,3,20
17897,B,121.32,3,25
17899,B,32.25,1,18
17902,A,15.99,4,21
17910,A,25.9,4,15
17919,A,11.57,1,24
17921,B,78.16,1,24
17928,B,18.5,3,20
17931,B,38.96,5,21
17936,B,18.14,1,23
17943,A,40.45,5,26
17944,A,33.07,3,17
17948,A,19.5,1,23
17949,B,40.49,1,22
17954,B,10.68,5,25
17956,B,61.14,1,25
17958,A,89.53,3,25
17972,A,65.9,4,16
17974,A,47.14,2,25
17975,A,25.59,5,20
17980,B,86.47,5,21
17982,A,6.5,1,21
17986,A,20.76,5,24
17987,A,22.9,1,26
17988,A,19.36,4,20
17993,B,63.96,1,23
17994,B,50.099999999999994,4,25
18016,A,18.91,5,13
18043,A,51.58,4,25
18045,A,45.39,1,7
18047,B,46.11,2,27
18049,B,70.16,2,17
18056,B,22.56,3,12
18072,B,19.24,3,18
18087,A,30.74,4,22
18104,B,11.51,5,19
18107,A,83.4,3,18
18110,A,9.91,1,20
18116,B,21.17,2,19
18118,A,66.24000000000001,5,26
18136,A,16.61,4,25
18143,B,108.74000000000001,9,30
18145,A,48.44,7,22
18147,A,78.38,5,26
18159,A,7.88,4,3
18174,A,44.95,3,27
18176,B,15.13,3,18
18185,A,9.81,5,22
18193,B,15.38,2,24
18218,B,58.19,4,16
18226,B,53.87,4,19
18228,A,38.04,3,28
18240,B,13.9,3,16
18251,A,25.17,1,19
18254,A,36.51,4,15
18255,B,37.05,2,20
18265,A,9.7,5,21
18266,B,92.1,2,22
18275,A,39.83,5,18
18278,B,78.76,3,21
18279,A,27.59,5,19
18281,A,18.33,4,15
18285,A,25.59,3,18
18289,A,22.46,7,22
18291,A,26.32,5,15
18301,B,3.32,3,22
18307,A,23.03,3,17
18315,B,21.85,3,17
18318,B,29.55,5,28
18319,A,63.61,7,20
18324,A,41.01,4,3
18325,A,84.93,3,22
18331,A,23.09,5,21
18336,A,18.85,4,24
18338,B,27.25,2,20
18344,B,47.11,4,26
18360,A,38.25,4,23
18361,B,23.66,3,21
18380,B,55.45,4,20
18383,B,33.78,2,19
18389,A,25.86,1,21
18391,A,27.34,4,27
18398,B,26.37,2,25
18404,A,25.43,2,26
18407,B,17.71,2,24
18409,A,45.29,1,16
18412,B,28.5,2,25
18415,B,63.12,10,21
18427,B,2.78,1,23
18429,A,15.92,3,24
18435,A,21.91,5,27
18442,A,84.06,4,18
18444,B,11.28,4,25
18446,B,22.7,2,18
18449,B,55.37,4,18
18450,A,25.51,5,22
18451,B,44.41,2,24
18454,A,8.59,1,18
18455,B,53.23,3,16
18479,A,31.71,2,24
18483,A,21.44,2,21
18486,B,11.58,1,18
18493,A,24.34,1,19
18495,B,17.58,3,23
18499,A,9.56,3,17
18500,B,22.2,5,21
18502,A,17.15,4,18
18503,A,21.04,3,4
18504,B,16.45,4,23
18507,A,60.46,4,25
18517,B,31.03,5,24
18520,A,17.45,1,26
18526,B,126.87,4,25
18527,B,11.48,3,20
18535,A,41.61,1,19
18542,B,19.98,2,26
18550,A,33.6,2,22
18552,B,26.24,4,19
18561,B,55.37,5,19
18576,A,41.85,1,19
18584,B,21.23,3,22
18588,B,120.49,5,24
18596,B,85.44,5,19
18606,A,48.33,5,16
18608,B,40.36,6,16
18620,A,30.03,4,17
18625,B,16.68,1,19
18626,B,1.61,5,23
18633,B,43.72,2,21
18634,B,38.33,2,4
18640,B,20.77,5,19
18649,A,17.64,1,22
18669,B,85.33,1,22
18676,A,113.36000000000001,5,24
18684,B,46.24,5,25
18687,A,65.81,3,19
18699,A,10.92,4,14
18702,A,28.8,3,18
18715,A,48.89,1,21
18723,B,32.36,1,22
18726,B,15.35,5,18
18739,B,28.64,2,23
18740,B,13.41,4,24
18741,B,74.53,12,28
18748,A,57.57,4,23
18749,A,66.48,4,17
18757,B,39.42,5,27
18761,A,29.96,4,6
18762,A,9.73,1,25
18764,A,34.8,3,22
18770,A,3.29,5,18
18781,A,6.66,1,18
18783,B,78.0,2,22
18787,A,20.04,1,18
18790,B,43.52,1,25
18799,A,9.83,4,18
18800,B,68.01,3,23
18810,A,37.45,2,19
18813,B,19.39,1,19
18814,B,24.53,2,19
18817,B,46.61,5,20
18839,A,16.98,2,25
18842,B,36.75,1,21
18848,A,27.01,4,21
18858,B,27.2,2,24
18861,B,77.97,3,28
18878,A,41.83,2,20
18889,A,29.52,4,23
18892,A,75.59,1,15
18893,A,21.59,5,20
18897,A,31.49,1,26
18905,B,27.91,5,27
18910,A,10.34,2,29
18915,A,46.35,3,21
18916,A,7.38,4,17
18928,A,54.28,3,27
18929,B,20.62,5,21
18933,B,29.82,5,22
18936,B,17.33,5,21
18957,B,27.5,6,27
18961,A,12.26,2,23
18971,B,8.11,2,21
18974,B,68.16,2,22
18976,B,27.32,5,20
18982,B,3.16,4,24
18987,A,42.58,1,5
18989,B,27.95,3,18
18992,B,3.67,4,28
18993,A,51.51,2,18
18995,B,43.32,1,17
19012,A,12.78,5,18
19014,B,90.68,3,17
19015,A,3.74,1,4
19019,A,35.07,2,23
19021,B,31.32,3,20
19027,B,7.43,5,20
19033,A,5.63,2,22
19034,B,3.11,5,18
19050,B,132.25,1,17
19055,A,64.16,4,30
19058,A,52.41,3,20
19063,A,56.59,2,22
19065,A,53.39,3,25
19072,A,86.69,4,22
19074,A,27.05,5,21
19079,B,39.05,2,18
19092,B,33.78,5,21
19093,B,13.33,4,18
19095,A,46.78,4,20
19114,A,80.96,1,17
19117,B,38.63,1,23
19122,A,28.490000000000002,6,20
19127,B,5.28,3,19
19130,B,17.59,5,27
19132,A,14.73,5,27
19138,A,14.51,4,18
19143,B,22.82,3,23
19148,B,6.57,4,25
19153,B,17.12,3,25
19158,B,31.99,3,22
19169,B,44.4,5,18
19172,A,17.47,4,24
19177,B,42.13,1,24
19179,A,44.53,4,27
19181,B,19.95,1,24
19187,B,44.57,1,22
19190,B,11.43,3,14
19195,A,68.62,4,20
19200,B,120.45,7,32
19211,B,14.16,2,20
19226,A,51.15,1,16
19227,B,4.38,5,21
19231,A,93.36,4,20
19236,A,35.21,4,25
19245,B,15.1,5,20
19252,A,45.21,2,23
19253,A,38.65,1,20
19260,A,5.24,1,23
19261,A,24.76,3,22
19270,B,91.16,3,21
19271,B,42.33,3,23
19272,B,22.99,5,20
19283,B,9.75,1,23
19285,A,6.62,1,18
19298,A,15.35,1,4
19303,B,59.04,5,20
19304,B,24.74,2,25
19305,A,11.17,1,28
19309,B,52.97,4,20
19311,A,15.73,1,22
19317,A,17.52,1,25
19323,B,61.769999999999996,6,21
19330,B,28.6,4,20
19334,A,52.84,3,16
19355,A,15.68,2,25
19358,B,40.0,2,20
19361,A,8.92,2,18
19380,B,42.3,1,18
19398,A,4.85,3,22
19401,B,6.06,2,20
19402,A,77.29,3,23
19404,B,2.62,1,20
19414,A,57.51,2,19
19417,B,47.800000000000004,5,20
19425,B,29.7,8,22
19434,A,50.42,3,22
19436,B,17.69,4,15
19437,B,47.43,2,19
19441,B,11.44,3,23
19445,A,16.99,3,22
19447,B,71.9,5,16
19448,A,18.03,5,22
19453,B,41.82,5,19
19463,B,26.46,2,27
19467,B,30.0,4,23
19475,A,20.09,5,17
19478,B,58.09,3,14
19490,B,6.42,3,22
19491,B,33.71,5,20
19495,A,59.69,4,16
19502,B,35.75,1,24
19506,A,47.74,1,15
19519,B,33.01,5,15
19536,A,28.77,4,27
19549,A,49.92,1,24
19551,B,70.76,5,18
19553,A,21.88,7,22
19554,A,48.89,3,18
19560,A,12.53,5,20
19562,A,22.65,5,24
19563,B,15.43,1,21
19575,A,8.81,4,24
19591,A,65.92,1,5
19592,B,8.18,4,25
19595,B,9.76,3,22
19604,B,14.93,2,3
19608,A,39.81,3,18
19611,A,32.6,3,24
19612,B,7.61,2,28
19613,A,71.42,3,15
19617,B,25.4,2,21
19618,B,44.98,1,18
19626,A,9.87,2,15
19628,A,31.29,2,24
19630,A,15.69,1,4
19665,A,71.31,9,25
19666,B,34.52,3,25
19681,A,29.97,5,17
19699,B,30.17,3,19
19712,A,2.31,5,22
19715,B,36.38,3,18
19719,B,1.39,5,22
19724,A,23.28,3,22
19728,B,24.84,4,21
19734,A,26.02,2,18
19744,A,42.01,1,19
19747,B,4.38,3,23
19748,B,21.96,4,5
19757,A,97.67,4,22
19758,A,25.91,2,21
19759,B,28.22,3,22
19791,B,94.62,3,15
19797,A,20.58,3,24
19804,A,48.48,2,19
19808,B,47.53,4,28
19809,B,58.99,5,20
19817,A,14.11,2,29
19820,B,49.08,1,19
19825,A,7.9,5,18
19828,A,34.63,1,19
19829,A,31.02,4,21
19838,B,16.14,4,17
19848,A,16.17,2,13
19850,B,13.82,4,17
19856,B,47.06,3,19
19857,A,63.68,2,20
19866,A,24.72,1,25
19868,A,37.65,5,16
19871,A,23.39,4,22
19873,A,13.0,5,21
19881,A,44.66,1,29
19883,B,22.44,5,22
19886,A,26.43,4,23
19893,A,12.21,3,22
19896,A,30.99,1,27
19899,A,31.0,3,23
19901,B,59.11,3,23
19902,B,7.73,1,24
19929,A,70.47,3,6
19933,A,87.62,3,21
19939,A,123.39,9,22
19957,A,27.9,5,20
19964,B,19.65,4,22
19982,A,20.47,2,25
19987,A,45.879999999999995,6,31
20000,A,27.11,1,21
20007,B,76.16,5,22
20009,B,32.11,5,19
20010,B,109.0,5,23
20012,B,71.71,1,20
20014,A,46.97,5,27
20016,A,39.17,4,18
20020,B,36.03,3,26
20027,A,3.49,4,21
20037,A,15.27,5,22
20041,B,45.47,3,13
20042,A,27.18,3,19
20049,A,50.94,4,19
20056,B,120.57,5,23
20057,A,12.79,4,28
20070,A,46.12,1,21
20075,A,56.98,1,17
20079,B,20.32,3,19
20080,A,16.76,3,24
20083,A,32.95,1,23
20091,B,17.88,5,20
20098,A,45.23,10,23
20107,A,24.49,4,22
20110,B,10.99,3,21
20139,B,23.37,3,27
20142,B,44.2,5,19
20148,A,27.9,3,22
20149,B,26.81,4,24
20153,B,39.14,2,27
20155,B,12.91,4,21
20158,A,40.84,2,24
20162,B,30.03,4,17
20165,B,22.58,1,22
20167,A,22.06,3,21
20169,A,19.5,1,20
20193,B,43.2,2,23
20196,A,4.1,5,24
20214,B,32.55,5,20
20215,B,51.24,2,20
20219,A,39.18,1,26
20228,B,54.1,3,22
20236,A,36.74,5,23
20237,A,89.58,1,31
20250,B,76.71,4,21
20253,A,66.0,5,22
20259,B,27.53,3,21
20269,A,33.68,3,13
20273,A,41.63,4,21
20277,B,9.89,2,20
20278,A,16.87,2,19
20282,B,4.0,1,18
20289,B,33.99,3,26
20290,A,21.89,1,16
20292,A,15.05,1,25
20310,A,6.2,1,24
20317,B,24.94,2,26
20323,B,74.8,1,19
20330,A,64.74000000000001,5,21
20333,A,21.75,3,23
20335,B,36.15,1,16
20345,A,40.88,4,24
20347,B,56.6,1,26
20349,A,6.98,5,16
20365,A,8.52,5,25
20371,B,88.03,4,21
20375,A,64.38,1,24
20379,A,12.96,3,20
20382,B,47.44,4,30
20383,B,22.54,5,14
20384,B,23.54,3,18
20389,B,51.67,3,17
20394,B,26.66,4,17
20400,A,39.78,4,5
20402,B,44.15,5,27
20405,A,16.74,2,25
20407,B,11.75,3,22
20411,A,29.77,5,24
20413,B,44.59,1,21
20414,A,55.08,2,18
20424,A,23.42,1,17
20427,A,6.02,1,23
20462,A,15.21,5,25
20474,A,20.36,3,16
20477,B,71.38999999999999,7,18
20487,B,12.98,3,17
20491,B,67.71000000000001,9,20
20495,A,24.83,1,24
20496,B,20.88,5,15
20499,B,35.45,5,20
20501,A,65.53,4,21
20502,A,25.73,5,20
20504,B,105.43,5,17
20505,A,47.72,5,23
20510,B,20.26,1,25
20516,B,32.59,3,24
20517,B,13.12,2,21
20527,B,30.22,1,14
20540,A,23.17,4,24
20542,B,26.69,5,18
20559,B,26.64,1,25
20568,A,23.57,4,26
20576,A,16.15,5,17
20580,A,28.63,3,19
20592,A,16.85,1,22
20593,A,61.76,5,22
20601,B,35.96,5,26
20609,B,49.96,7,26
20620,B,25.56,3,14
20621,A,31.53,3,15
20631,B,25.08,3,22
20639,A,33.41,3,17
20641,B,70.71,5,19
20645,B,36.28,4,17
20646,A,36.260000000000005,5,24
20649,A,55.75,4,19
20657,A,6.56,3,18
20660,B,36.19,3,25
20663,B,14.52,3,22
20665,A,47.67,3,22
20670,B,35.72,2,29
20672,A,19.42,3,18
20679,B,17.21,5,3
20687,A,47.32,5,24
20689,A,15.96,4,20
20695,B,85.9,7,31
20698,B,92.43,3,21
20705,A,41.64,1,20
20706,B,14.51,5,4
20719,B,45.96,5,23
20725,B,24.7,4,21
20731,B,9.66,2,19
20733,B,25.66,5,17
20745,A,31.39,5,28
20749,A,43.83,4,25
20763,A,38.31,4,24
20765,B,37.66,1,23
20768,B,42.04,2,23
20775,B,13.5,2,21
20776,B,9.75,5,18
20782,B,50.769999999999996,6,16
20790,A,82.16,6,26
20793,B,43.14,3,19
20812,B,26.5,4,26
20816,B,62.31,3,23
20831,A,104.77,3,22
20836,B,91.52,1,20
20852,B,72.4,4,22
20859,B,10.3,2,18
20865,B,89.78,10,20
20868,B,33.06,4,17
20869,A,76.46,3,26
20877,B,30.8,4,23
20878,B,25.67,1,20
20888,B,8.02,3,3
20899,A,43.47,3,23
20902,A,36.41,4,28
20910,B,47.13,1,21
20911,A,33.98,3,21
20914,B,69.75,4,26
20918,A,28.53,4,24
20919,A,56.6,4,20
20929,A,59.72,4,23
20933,A,20.29,5,21
20939,B,30.98,3,21
20951,A,82.21,1,21
20960,A,81.54,8,18
20961,A,23.67,4,24
20964,B,10.86,1,19
20972,B,34.89,1,19
20973,B,20.06,2,23
20981,B,13.13,1,18
20983,B,6.72,3,19
20985,B,17.53,4,22
20995,B,35.0,4,18
21000,B,69.08,3,23
21011,B,40.37,4,15
21013,B,36.39,4,16
21017,B,15.44,1,19
21024,A,4.78,2,19
21035,B,41.32,4,26
21038,A,63.66,14,16
21052,A,57.13,3,20
21053,B,47.64,7,20
21058,B,8.82,3,24
21064,B,19.39,5,20
21066,A,36.25,1,20
21073,B,64.46,2,20
21081,B,38.48,4,3
21085,A,3.36,5,21
21087,B,63.67,5,27
21091,A,74.81,7,19
21093,A,12.99,4,19
21095,B,132.07999999999998,6,24
21115,B,35.39,2,20
21117,A,20.99,4,21
21130,B,79.1,2,20
21131,B,27.09,4,25
21134,A,55.53,10,25
21138,A,31.34,5,21
21139,B,23.55,5,18
21145,A,13.27,3,17
21157,A,50.86,2,22
21172,B,25.7,4,20
21178,A,11.86,4,26
21180,B,63.91,1,23
21183,A,6.44,3,19
21192,B,37.18,5,20
21197,A,16.73,2,26
21201,B,2.01,5,22
21206,A,34.65,3,18
21211,B,25.82,4,18
21226,A,73.82,2,21
21228,B,30.31,1,19
21238,A,90.91,3,14
21256,A,56.9,3,22
21265,A,50.11,1,23
21266,A,15.01,5,17
21271,B,15.66,5,23
21273,B,13.1,1,17
21275,B,20.76,4,18
21279,A,5.93,1,21
21282,A,31.18,3,21
21285,A,38.99,2,27
21298,A,39.19,4,20
21312,B,11.13,1,22
21317,A,13.12,2,19
21321,B,19.08,3,18
21325,A,27.68,3,24
21332,B,30.16,2,26
21335,B,32.17,1,25
21341,B,35.35,1,21
21343,B,43.48,1,18
21363,B,28.35,2,31
21367,A,41.14,5,20
21369,A,13.63,2,20
21370,A,32.02,5,19
21382,A,1.63,1,24
21397,A,27.81,3,20
21398,B,36.08,3,18
21404,B,52.81,2,24
21406,B,53.9,1,23
21410,B,21.01,4,14
21414,A,14.06,3,24
21417,A,21.14,4,22
21420,A,10.69,4,20
21425,B,35.65,1,18
21428,A,11.1,2,28
21432,B,13.75,2,28
21433,B,29.79,1,26
21436,B,2.63,5,23
21437,A,24.77,5,20
21447,A,14.28,5,22
21466,A,12.96,1,22
21476,A,45.7,3,21
21479,B,14.95,4,26
21482,A,37.03,5,19
21487,A,38.2,5,24
21495,B,3.54,4,21
21501,A,37.92,5,22
21504,A,75.67,5,20
21517,A,32.18,3,20
21518,A,3.91,2,15
21521,A,52.56,1,19
21525,A,5.39,3,24
21531,A,16.28,4,22
21542,A,55.120000000000005,8,20
21557,B,80.98,4,21
21561,B,12.92,3,22
21578,A,18.12,2,20
21580,B,42.28,3,19
21589,A,30.82,5,17
21614,B,17.67,1,20
21618,A,7.92,1,19
21633,B,46.25,4,20
21636,A,34.36,5,17
21642,B,15.74,2,17
21648,A,78.86,5,29
21651,B,20.09,3,24
21654,B,3.98,5,20
21668,B,34.0,5,18
21672,B,25.46,3,19
21676,A,76.47999999999999,5,19
21677,A,28.31,4,15
21688,B,36.27,5,23
21700,A,9.68,4,18
21702,A,12.18,5,24
21713,B,24.57,3,20
21724,A,35.03,5,4
21730,A,44.23,2,16
21740,B,32.89,4,22
21741,B,15.99,4,24
21749,A,29.07,3,21
21757,A,62.99,2,27
21760,A,37.7,5,20
21761,A,8.03,5,22
21764,A,64.1,5,16
21767,B,43.63,5,21
21768,B,21.63,4,21
21773,B,7.54,5,24
21790,A,43.8,1,19
21799,A,57.45,1,20
21800,A,6.34,1,21
21805,B,90.16,4,18
21806,A,15.12,1,16
21808,A,119.04,2,22
21811,B,28.83,1,24
21813,B,23.71,4,15
21825,B,37.95,5,19
21826,A,38.17,2,18
21834,B,24.05,4,21
21844,A,17.74,2,23
21845,B,56.2,1,13
21851,B,5.54,1,23
21858,A,29.71,5,22
21868,B,40.76,6,21
21876,B,58.84,3,22
21877,A,23.64,2,17
21881,A,16.99,1,22
21890,A,28.04,3,17
21891,B,54.9,5,24
21894,A,5.61,5,25
21898,A,26.09,3,24
21922,A,9.12,2,18
21924,B,30.9,3,28
21927,B,9.19,4,18
21928,B,25.97,3,17
21935,B,24.59,1,17
21944,B,65.2,5,21
21945,A,13.84,5,23
21963,B,41.1,1,21
21964,B,35.57,4,22
21976,B,16.34,2,19
21987,A,15.96,5,5
21990,B,85.63,6,19
21993,B,33.96,5,20
22000,B,14.45,1,19
22003,A,31.53,4,23
22005,B,35.21,5,16
22027,A,34.67,4,25
22031,B,7.41,5,31
22033,B,31.39,3,23
22035,B,55.85,2,22
22046,B,59.31,5,16
22053,B,16.7,4,18
22055,B,68.56,5,28
22057,A,107.87,2,15
22064,B,11.2,4,22
22065,B,5.64,5,21
22069,A,67.33,3,22
22075,A,55.97,5,20
22077,A,10.01,5,20
22081,A,11.05,3,17
22087,A,44.14,3,22
22094,B,59.39,5,27
22096,B,24.42,1,26
22103,B,154.14,5,26
22126,B,44.52,3,15
22127,A,14.44,1,26
22130,B,16.96,1,21
22134,B,63.99,2,11
22136,A,53.66,1,23
22142,B,63.59,5,18
22143,A,63.519999999999996,14,22
22147,A,52.11,2,22
22148,B,19.92,7,22
22158,B,20.01,2,27
22160,B,32.08,4,22
22162,B,17.76,2,4
22173,A,30.28,1,15
22175,B,27.43,5,23
22184,A,14.88,4,17
22187,A,61.47,5,19
22197,B,15.98,4,23
22201,A,31.76,5,14
22212,B,23.94,4,25
22213,B,79.01,1,25
22215,B,17.68,4,16
22222,A,21.59,1,27
22228,A,12.27,3,19
22233,A,35.91,3,22
22235,B,19.0,1,22
22241,A,10.08,5,22
22242,A,4.29,2,19
22260,B,8.34,2,23
22264,B,43.61,2,23
22282,A,59.9,5,18
22283,B,16.45,1,22
22295,B,29.11,1,19
22301,B,49.59,11,23
22304,A,15.96,1,19
22325,B,8.91,1,26
22340,B,15.62,5,20
22343,B,41.63,4,20
22350,B,46.02,4,21
22353,A,43.93,3,26
22359,A,35.54,8,31
22365,B,55.71,4,23
22367,A,7.22,2,26
22381,A,62.3,5,24
22389,A,28.05,2,19
22390,B,33.26,3,25
22399,B,41.27,5,25
22402,B,5.44,3,3
22403,B,14.91,3,21
22407,B,44.68,5,19
22433,B,123.64000000000001,6,20
22444,B,28.63,2,29
22446,B,55.48,3,20
22457,A,12.89,5,26
22462,A,31.27,1,18
22465,B,34.57,5,27
22472,B,11.41,1,21
22473,A,33.13,5,22
22477,B,8.52,4,15
22485,A,58.589999999999996,9,22
22486,B,50.11,4,25
22487,A,60.79,2,21
22497,B,21.85,1,23
22503,B,8.65,4,25
22522,B,29.43,5,20
22527,A,11.38,2,29
22529,A,13.45,4,6
22537,A,19.7,4,16
22543,A,14.07,1,18
22563,A,26.97,3,27
22567,A,32.74,5,3
22568,A,9.92,5,23
22569,B,4.08,1,23
22574,B,25.18,4,17
22582,B,12.84,2,23
22584,B,79.73,5,31
22585,A,32.02,5,23
22590,B,76.31,9,22
22591,B,17.86,1,19
22599,A,26.83,2,26
22611,B,30.8,4,18
22621,A,54.99,1,23
22627,A,43.56,2,25
22637,B,7.22,4,20
22654,A,11.71,5,25
22655,B,51.35,1,19
22665,B,45.65,5,22
22690,A,25.45,5,21
22699,B,38.38,5,24
22700,B,21.01,5,21
22717,B,31.35,2,25
22718,B,3.84,2,21
22720,A,34.57,1,18
22726,A,17.14,1,29
22728,B,36.3,3,27
22737,B,25.38,1,16
22739,A,48.26,5,4
22742,A,29.74,2,22
22756,B,65.39,3,26
22757,A,12.64,2,23
22764,B,30.72,5,22
22767,A,16.73,5,21
22781,B,87.45,2,14
22782,A,31.68,4,23
22783,B,19.36,4,22
22788,A,16.71,4,20
22793,A,8.84,2,18
22797,A,23.17,4,20
22800,B,40.55,2,2
22801,A,11.6,4,23
22802,B,27.39,3,12
22808,A,26.41,1,20
22814,B,57.84,1,16
22818,A,10.79,4,20
22821,A,34.55,1,22
22826,A,22.29,2,19
22831,B,18.24,2,23
22832,A,34.08,5,19
22848,B,9.11,1,20
22850,B,27.16,4,24
22854,B,45.52,1,19
22857,B,29.49,2,24
22860,A,32.24,4,21
22865,A,32.3,2,20
22880,B,8.07,5,24
22891,A,28.48,5,21
22900,B,114.77000000000001,6,22
22901,B,37.52,3,23
22905,B,31.43,2,21
22908,B,37.92,2,23
22911,B,109.95,1,27
22928,A,55.910000000000004,6,13
22934,B,57.77,1,19
22936,B,23.23,5,17
22939,A,17.88,3,21
22951,A,79.56,6,26
22955,A,28.16,1,20
22962,A,3.25,2,27
22964,A,50.51,2,20
22966,A,12.41,5,21
22975,A,48.46,9,16
22976,A,29.75,3,21
22979,B,9.3,3,20
22984,B,18.28,1,29
22990,A,16.61,5,22
22991,A,58.56,3,22
23008,A,76.78,2,20
23015,B,29.54,5,23
23020,B,34.09,4,21
23030,A,18.06,3,23
23036,A,7.61,3,21
23037,A,36.78,1,28
23043,B,47.02,2,19
23046,B,15.24,2,27
23051,A,37.91,1,23
23053,A,15.32,4,20
23057,B,36.06,3,21
23065,B,10.78,3,5
23079,A,22.96,2,24
23082,A,54.269999999999996,2,26
23084,A,56.5,1,22
23096,B,57.95,3,25
23101,A,52.55,5,19
23103,A,57.52,3,27
23122,A,11.8,4,21
23125,A,89.75,7,22
23130,A,11.24,5,19
23131,A,7.16,3,24
23138,A,42.36,5,19
23145,A,28.72,3,22
23148,A,40.83,1,5
23152,B,44.98,5,20
23161,A,29.0,5,18
23168,B,140.88,1,24
23176,B,42.21,3,16
23183,B,53.71,3,19
23186,B,16.11,5,16
23190,A,8.32,2,5
23192,B,26.95,2,18
23201,B,14.58,1,25
23203,A,1.47,4,17
23204,B,77.99,2,19
23208,B,23.49,5,20
23213,B,31.26,5,25
23219,A,30.82,1,23
23229,B,58.97,5,21
23231,B,44.07,5,2
23244,B,15.21,2,21
23248,B,46.95,5,18
23274,A,24.6,2,21
23277,A,19.09,5,25
23284,B,8.04,3,20
23287,A,157.69,1,15
23296,B,22.6,1,20
23299,B,55.12,4,23
23301,B,39.19,2,16
23302,B,8.64,4,19
23303,A,31.24,5,24
23305,B,28.02,4,4
23308,B,21.45,1,22
23327,B,15.65,3,17
23328,A,58.38,4,21
23329,A,22.97,2,19
23331,B,17.02,2,22
23333,A,80.45,2,22
23337,A,25.84,3,19
23355,A,39.23,3,20
23359,B,83.16000000000001,4,16
23363,A,73.07,2,18
23374,A,28.1,3,19
23389,A,55.78,3,20
23390,A,104.49000000000001,5,18
23398,A,33.5,2,22
23399,B,36.04,6,26
23402,A,28.71,1,23
23418,A,27.92,5,22
23424,A,63.0,5,26
23428,A,38.06,4,24
23433,A,31.22,5,18
23439,A,26.46,3,17
23462,B,31.29,1,26
23478,B,17.74,2,23
23480,B,19.42,3,23
23492,B,52.67,4,26
23496,A,12.49,4,23
23499,A,130.71,2,30
23503,A,8.36,4,20
23514,B,30.3,3,23
23528,A,16.76,3,24
23538,A,15.96,5,22
23555,A,55.25,3,19
23556,B,18.01,2,20
23561,A,14.94,3,22
23566,A,8.38,2,22
23568,A,40.94,5,23
23570,A,17.74,5,20
23578,B,80.08,1,30
23590,B,52.89,1,27
23593,B,68.62,6,16
23594,A,43.0,3,22
23595,A,25.51,1,25
23601,A,48.19,1,18
23604,A,9.43,3,20
23611,B,3.36,3,19
23616,A,23.36,3,22
23617,B,89.79,10,20
23621,B,61.96,4,19
23649,A,20.36,5,22
23651,A,53.44,5,24
23660,A,14.06,5,21
23666,A,49.26,4,21
23670,B,44.04,5,21
23672,A,1.9,5,25
23676,A,48.89,5,25
23683,B,15.92,5,18
23687,A,54.96,5,23
23693,B,21.42,4,18
23697,A,94.42,10,24
23703,B,41.38,3,22
23704,B,35.36,5,24
23711,A,41.34,3,21
23720,A,16.88,4,24
23734,B,28.03,4,20
23745,A,2.79,4,22
23757,A,74.58000000000001,9,21
23760,B,11.97,5,26
23763,B,13.83,4,22
23766,A,68.55,3,18
23771,B,44.71,5,22
23779,B,11.02,2,20
23805,A,14.42,3,16
23817,A,4.07,4,25
23822,A,65.16,7,14
23824,B,7.34,3,22
23829,B,24.43,1,24
23855,B,25.31,2,19
23858,B,40.38,1,25
23859,A,5.34,5,23
23861,B,5.59,3,20
23866,B,66.39,5,25
23868,A,25.75,3,23
23870,B,13.5,3,19
23873,A,46.94,5,26
23876,A,36.03,9,18
23896,A,56.98,2,23
23900,B,63.54,1,20
23901,B,15.28,5,22
23923,A,20.7,5,16
23926,A,28.65,5,16
23930,A,4.58,4,20
23933,A,40.42,3,23
23936,A,20.8,3,25
23939,B,11.92,2,19
23940,A,32.73,4,23
23942,B,28.08,3,22
23944,A,18.27,5,22
23952,A,53.32,3,19
23954,B,18.73,1,21
23959,B,18.68,4,23
23961,A,40.21,4,23
23966,B,32.52,1,16
23971,B,34.19,4,26
23974,B,18.76,1,22
23978,A,28.8,4,21
23986,A,48.26,1,18
23996,A,33.27,2,23
24003,A,71.94,1,23
24008,B,14.28,5,24
24009,B,18.05,4,22
24024,A,14.06,1,12
24026,B,25.87,3,20
24027,B,9.58,3,22
24033,B,19.73,4,26
24035,B,16.92,1,21
24049,B,22.08,1,16
24050,A,10.86,5,20
24062,B,52.78,1,21
24066,B,82.03,3,26
24072,A,40.08,1,25
24082,B,36.81,3,20
24083,A,15.54,3,19
24088,B,53.4,4,19
24098,A,26.47,3,17
24102,B,26.78,4,17
24114,A,47.93,3,19
24132,A,46.1,5,25
24143,B,12.45,2,17
24150,A,59.05,7,23
24151,A,10.25,1,21
24159,B,41.9,2,22
24161,A,15.7,1,17
24176,A,27.35,4,27
24183,B,32.54,2,23
24185,A,22.21,2,27
24186,B,7.15,4,13
24191,A,13.29,1,20
24212,A,13.19,1,25
24214,A,23.57,3,14
24217,A,24.01,1,11
24218,B,92.75,3,16
24219,B,30.26,2,19
24226,B,16.14,4,18
24230,B,29.06,2,22
24236,B,46.57,1,23
24242,A,26.33,5,20
24244,B,25.55,4,25
24255,A,62.25,4,20
24257,B,104.76,5,19
24261,B,29.63,5,26
24271,A,143.59,1,17
24274,B,12.05,3,17
24283,B,52.11,5,32
24287,A,41.59,2,20
24293,A,13.64,4,25
24298,B,2.91,4,15
24300,B,31.55,2,26
24302,A,31.82,5,20
24305,B,34.69,1,23
24323,B,22.08,1,25
24327,B,9.1,4,24
24330,A,46.94,5,24
24334,A,13.13,2,22
24336,B,22.19,1,25
24355,A,200.07999999999998,6,21
24356,A,29.14,2,20
24358,B,84.4,5,22
24366,B,23.12,4,21
24368,B,56.72,1,15
24370,B,9.81,3,23
24371,B,30.07,3,13
24373,A,2.39,2,27
24383,B,21.75,1,20
24388,A,49.43,1,13
24390,A,76.16,1,20
24396,A,53.77,2,17
24397,A,11.79,4,22
24405,A,42.71,5,23
24411,A,81.02,10,25
24421,B,40.22,5,25
24423,B,17.5,3,4
24429,B,7.98,3,23
24435,B,55.09,4,24
24438,A,60.3,5,17
24439,B,36.61,5,3
24441,A,21.47,5,22
24443,A,6.13,1,7
24451,A,29.07,3,21
24459,B,8.9,3,23
24469,A,37.77,1,21
24472,A,30.46,2,19
24475,B,27.77,3,24
24479,A,18.03,4,21
24480,A,14.06,3,19
24488,B,6.33,2,24
24493,A,11.4,5,20
24497,A,19.91,2,14
24504,A,47.72,3,15
24506,A,32.95,5,20
24509,A,58.93,5,30
24517,B,25.95,7,18
24520,B,7.61,2,17
24528,A,25.36,5,21
24530,A,13.04,2,17
24537,B,27.27,2,33
24549,A,36.63,4,22
24551,A,37.79,2,26
24558,B,39.94,3,26
24560,A,98.4,5,24
24566,A,6.8,1,22
24572,A,18.0,5,18
24573,B,11.57,4,21
24585,A,9.82,2,23
24594,A,22.89,4,17
24597,A,17.21,4,23
24598,A,20.19,2,21
24599,A,19.33,5,27
24604,B,48.11,2,21
24609,B,87.19,5,21
24610,A,8.15,1,23
24616,B,4.11,1,19
24641,A,41.34,3,20
24643,B,51.2,4,23
24646,A,48.84,3,16
24652,B,9.89,2,14
24662,B,12.64,2,24
24666,B,26.56,4,21
24668,A,8.01,5,15
24672,B,60.99,1,19
24679,B,19.16,3,23
24680,A,32.66,5,17
24686,A,35.81,5,23
24688,A,25.95,2,17
24691,B,27.73,4,24
24692,A,12.61,2,23
24694,B,22.54,1,17
24696,A,7.52,1,17
24701,B,37.96,3,19
24709,A,35.29,2,20
24713,B,23.03,4,23
24717,A,87.0,3,18
24722,B,20.77,2,15
24729,A,30.46,3,24
24733,B,28.4,5,27
24734,B,27.97,1,23
24736,A,25.16,5,22
24750,B,41.43,4,19
24755,B,25.44,4,19
24765,A,25.61,1,18
24771,A,22.7,2,19
24780,A,31.07,6,27
24790,A,11.08,1,30
24792,B,7.97,5,16
24795,B,38.05,3,13
24802,A,30.37,3,21
24810,A,18.02,4,18
24816,B,78.97,4,25
24822,A,43.6,4,17
24825,A,16.94,5,22
24829,B,51.72,5,18
24835,B,6.04,4,21
24842,A,9.98,4,30
24849,B,10.41,1,21
24857,A,9.41,3,18
24863,A,23.17,5,15
24868,A,32.89,4,18
24876,B,33.52,4,20
24892,A,69.62,8,18
24893,B,47.6,3,24
24894,B,5.94,2,21
24896,B,49.76,4,15
24912,A,29.59,1,5
24924,A,20.21,2,18
24927,A,22.74,3,25
24928,A,9.78,2,16
24937,A,134.24,5,18
24945,A,32.64,4,24
24950,A,52.36,1,23
24969,B,26.19,2,21
24974,A,45.53,5,21
24984,A,28.39,5,17
24989,A,12.27,3,22
24991,A,35.78,5,24
24994,A,30.37,2,22
24997,B,43.51,4,24
25006,B,57.77,3,29
25007,A,32.25,1,21
25009,A,36.05,5,3
25011,A,84.36,1,19
25013,A,5.21,4,18
25020,B,45.72,5,20
25034,B,90.48,1,24
25038,B,12.7,1,23
25042,A,24.33,1,24
25051,A,47.51,4,17
25055,B,55.9,5,22
25056,A,23.69,2,12
25065,A,61.44,2,24
25069,B,56.71,4,14
25082,A,33.13,1,32
25090,A,40.98,2,24
25108,B,7.38,5,18
25125,B,20.89,2,23
25130,B,11.17,5,18
25138,B,24.35,2,20
25139,B,53.42,5,19
25143,B,6.36,2,16
25144,B,2.21,2,25
25145,B,62.37,5,4
25147,B,12.36,1,24
25151,A,37.09,5,21
25155,A,4.69,2,21
25157,A,71.88,5,18
25166,B,64.76,2,19
25177,A,35.54,5,22
25182,A,19.45,3,22
25183,B,28.23,2,21
25186,A,9.87,1,13
25187,A,27.52,5,24
25190,A,60.15,3,20
25201,B,17.0,3,18
25210,A,16.74,5,21
25212,B,75.06,2,25
25217,B,7.33,3,21
25219,A,19.25,5,24
25220,B,61.589999999999996,5,23
25222,B,49.0,4,17
25223,A,67.32,4,22
25227,B,28.61,3,22
25235,A,19.62,1,18
25236,B,55.01,3,18
25239,B,7.36,1,19
25242,A,102.37,13,24
25260,B,44.87,3,17
25271,B,32.23,1,22
25279,B,73.26,2,17
25286,A,7.58,1,15
25293,A,35.0,2,17
25298,A,112.75,3,22
25302,A,20.26,2,22
25308,B,22.59,5,17
25312,B,10.2,2,19
25316,B,20.01,3,17
25323,A,22.33,4,21
25329,A,12.2,5,21
25347,A,27.85,1,23
25354,A,40.62,5,21
25355,A,23.69,1,20
25357,B,33.72,7,20
25360,B,37.09,5,14
25369,B,22.46,1,13
25374,B,20.1,2,23
25377,A,34.5,2,20
25392,A,9.08,3,19
25399,B,24.37,2,21
25401,B,78.29,2,17
25411,A,30.85,6,22
25414,B,27.74,1,20
25417,B,14.58,5,23
25422,B,11.74,2,20
25433,B,73.67,3,18
25441,A,71.24000000000001,7,21
25444,B,11.17,2,29
25445,B,95.11,5,19
25446,A,40.77,4,28
25451,B,46.01,1,18
25452,B,27.56,3,21
25457,B,138.57,1,19
25462,B,108.33000000000001,4,18
25466,A,21.68,4,20
25470,A,35.85,3,21
25472,B,29.63,4,27
25494,A,14.06,2,22
25499,B,21.52,4,22
25504,A,29.61,5,22
25507,A,18.62,4,4
25514,A,19.79,4,5
25523,B,15.05,2,21
25526,B,22.43,5,21
25546,A,31.96,3,18
25553,B,27.98,1,22
25564,A,8.43,3,23
25581,B,5.1,2,22
25599,A,36.08,1,18
25602,B,69.26,5,22
25605,A,46.57,2,15
25611,B,84.14,4,22
25612,B,42.31,5,18
25631,A,14.31,1,22
25632,A,23.48,4,24
25633,A,39.17,1,17
25642,B,110.33,4,23
25645,A,40.94,4,18
25646,A,16.88,3,20
25647,A,17.15,3,20
25648,A,76.06,4,20
25655,B,17.26,3,17
25672,A,28.97,3,26
25674,A,44.55,4,22
25689,B,12.06,2,22
25690,B,49.34,1,28
25696,A,30.14,3,20
25705,B,46.78,3,24
25710,B,36.74,5,22
25716,B,22.64,3,23
25721,B,11.1,1,20
25723,A,10.0,4,22
25724,B,50.08,1,20
25728,A,52.42,8,19
25735,A,65.3,5,24
25745,A,70.28,10,19
25749,A,146.8,3,18
25757,A,28.13,4,21
25758,B,37.5,3,20
25772,A,46.78,2,25
25775,A,74.19,7,20
25777,B,13.38,3,21
25787,B,50.04,5,18
25799,A,14.67,5,25
25805,B,20.95,3,25
25807,A,116.74,2,12
25817,B,115.62,2,36
25839,A,35.29,3,21
25844,A,33.14,3,24
25863,A,11.76,1,23
25865,B,8.9,1,21
25872,A,27.3,4,21
25873,A,69.29,5,24
25882,A,19.16,4,20
25883,B,14.68,4,20
25895,A,36.83,5,23
25899,A,19.13,10,28
25919,B,78.43,4,18
25923,B,27.09,5,18
25939,A,14.66,3,26
25943,B,35.47,1,24
25945,B,21.59,1,26
25951,B,85.28,3,23
25953,A,18.22,2,25
25955,B,10.61,2,26
25956,A,17.93,5,27
25962,B,13.29,4,25
25967,B,39.22,2,22
25982,A,59.66,11,24
25984,A,37.87,4,26
25987,B,5.09,4,26
25988,A,7.33,2,18
25995,B,55.81,2,6
26002,B,20.06,3,20
26010,B,127.34,9,22
26012,B,18.02,3,18
26013,A,13.2,5,26
26021,A,25.59,2,21
26023,B,45.87,2,22
26028,B,29.34,2,21
26037,A,33.72,3,20
26039,B,69.36,1,24
26040,B,16.25,5,19
26045,A,6.48,1,29
26048,A,24.58,2,26
26050,B,9.2,1,22
26061,B,17.96,5,20
26064,B,23.39,1,22
26067,A,10.88,5,16
26071,A,71.17,4,22
26072,B,11.66,1,3
26075,A,11.6,4,17
26079,A,46.25,2,21
26082,B,87.78999999999999,6,26
26083,B,32.35,2,21
26087,A,36.53,4,21
26094,B,50.45,5,16
26103,B,19.16,4,21
26107,A,51.06,3,22
26114,B,47.8,2,20
26118,A,11.09,3,21
26120,A,40.1,3,28
26153,B,10.4,1,22
26167,B,39.85,3,18
26168,B,8.17,2,26
26171,A,40.57,2,24
26176,B,42.82,3,19
26180,B,30.94,4,26
26188,B,11.11,1,3
26189,A,38.49,1,17
26196,A,36.77,1,20
26197,A,55.21,3,24
26199,A,26.99,3,30
26201,B,52.25,1,5
26204,A,26.84,2,22
26206,B,13.18,4,20
26213,A,22.07,1,5
26214,A,25.16,3,29
26216,A,43.9,2,16
26221,B,38.19,3,22
26222,A,10.24,4,15
26225,B,36.68,1,17
26226,B,15.41,3,18
26227,B,20.71,5,24
26231,A,40.4,5,17
26234,A,12.95,1,19
26240,B,48.21,4,25
26247,B,31.61,2,25
26248,A,29.91,5,19
26250,A,22.57,4,25
26266,B,25.14,5,16
26269,B,93.16,10,20
26277,A,12.83,4,23
26287,B,35.34,5,31
26288,A,3.02,5,26
26290,A,131.42,5,21
26291,B,8.84,2,19
26297,B,52.78,2,23
26305,A,69.32,1,22
26311,A,25.38,5,25
26312,A,63.76,4,31
26313,A,42.35,5,31
26314,A,110.95,5,21
26324,B,7.87,4,19
26328,B,5.78,4,21
26339,B,52.88,4,24
26352,A,15.48,5,5
26354,B,88.38,4,22
26357,A,38.72,3,17
26365,A,38.93,2,15
26374,B,6.68,2,19
26378,A,27.64,1,17
26379,A,69.86,5,25
26381,B,23.95,2,17
26391,B,133.76,4,15
26393,A,91.06,5,20
26396,A,68.72,5,21
26397,B,13.47,5,3
26418,A,9.39,4,17
26421,B,20.25,4,23
26427,A,56.71,2,26
26435,A,26.57,3,27
26436,B,14.83,4,24
26437,A,11.96,5,28
26446,B,9.18,4,15
26447,B,84.01,5,19
26450,B,42.26,3,24
26453,B,10.26,2,26
26465,A,10.58,5,17
26469,A,40.67,2,20
26470,B,24.23,1,17
26474,B,79.6,2,24
26477,B,23.1,4,23
26495,B,39.96,1,22
26497,A,16.74,1,23
26498,B,24.08,5,13
26508,B,12.65,1,21
26512,B,18.67,2,21
26528,B,28.93,1,3
26537,A,54.230000000000004,6,20
26542,A,35.83,3,20
26553,A,21.84,4,25
26554,A,53.62,4,23
26555,A,16.23,5,20
26561,B,9.48,5,18
26570,B,27.02,2,20
26571,B,4.06,5,20
26581,B,63.17,10,22
26583,B,22.62,4,15
26586,A,9.14,5,24
26588,A,68.11,5,25
26589,A,52.06,2,30
26592,A,9.78,3,21
26596,A,10.5,1,17
26597,A,86.99,5,22
26600,A,36.22,3,21
26606,A,19.67,2,27
26609,B,81.37,5,22
26625,A,13.92,2,27
26630,A,62.22,3,25
26648,A,9.18,4,17
26650,B,30.25,3,14
26653,A,20.37,5,23
26666,B,8.82,2,20
26667,A,10.87,2,26
26677,A,69.33,3,15
26681,B,21.41,1,23
26682,B,10.58,2,20
26689,B,27.78,4,23
26694,A,56.56,3,20
26705,A,6.88,2,24
26709,B,67.99,3,18
26712,B,27.25,4,22
26717,A,21.87,4,20
26722,B,30.87,2,21
26724,A,26.13,4,27
26727,A,9.18,4,24
26728,A,13.82,2,19
26730,A,37.09,1,21
26737,A,72.43,1,30
26746,B,55.22,1,16
26752,B,28.36,4,18
26753,B,24.4,1,20
26757,A,113.58,2,23
26760,A,43.98,5,14
26765,B,69.84,3,20
26769,A,127.28999999999999,7,27
26770,B,19.14,5,20
26771,B,136.38,2,17
26776,A,15.53,1,23
26778,A,18.15,5,19
26785,A,28.83,1,21
26787,A,22.34,5,24
26795,A,15.75,3,22
26807,B,51.99,5,20
26821,A,16.37,3,20
26840,B,77.32,1,22
26842,A,37.65,3,26
26849,A,46.25,1,16
26859,B,67.37,5,30
26874,B,15.52,4,24
26878,A,21.29,2,22
26880,B,70.66,3,23
26882,B,19.76,1,21
26891,B,39.56,5,27
26925,B,23.62,2,23
26929,B,16.97,4,21
26932,B,24.17,1,17
26933,B,2.33,5,4
26943,A,38.82,2,25
26947,B,24.03,4,22
26949,B,34.37,3,21
26958,A,68.61,4,19
26960,B,67.01,4,17
26972,A,61.76,3,27
26984,A,58.53,5,19
26985,A,40.69,4,30
27000,A,49.28,5,6
27006,B,42.59,3,23
27013,A,7.5,4,29
27014,B,41.26,1,17
27032,B,7.96,4,29
27043,B,11.48,5,25
27060,B,20.69,2,26
27075,A,18.07,4,17
27076,B,101.27,3,23
27078,B,12.58,1,16
27088,B,27.03,3,17
27093,B,17.94,2,21
27099,B,23.15,4,20
27120,A,48.87,2,18
27124,A,32.57,1,24
27128,B,2.97,2,23
27129,B,58.18,3,20
27139,A,37.15,4,18
27140,B,19.14,3,14
27143,B,18.72,4,18
27145,A,2.78,1,17
27146,A,10.54,4,25
27150,B,23.5,2,18
27153,A,61.14,2,23
27165,A,63.84,4,22
27175,B,15.62,3,25
27177,A,27.8,2,19
27180,B,43.89,5,22
27186,A,63.6,2,20
27190,B,53.9,3,21
27193,A,4.47,5,18
27195,A,42.02,1,24
27197,A,28.45,2,6
27200,A,48.61,6,23
27201,B,14.74,5,34
27202,B,80.71000000000001,10,20
27206,A,12.02,4,15
27207,A,44.56,5,20
27212,B,4.5,4,26
27215,A,49.24,8,21
27218,A,20.42,5,27
27229,B,44.96,5,19
27244,A,30.96,3,15
27258,A,21.01,5,19
27267,A,35.1,2,21
27273,A,63.64,4,21
27275,B,31.87,4,21
27279,A,21.75,1,24
27289,B,28.39,2,23
27300,A,31.69,1,12
27304,B,15.1,5,20
27305,B,23.61,1,21
27306,B,75.69999999999999,5,24
27314,B,88.62,9,26
27317,A,11.71,5,18
27327,B,32.89,2,19
27335,B,88.2,6,21
27338,B,34.7,3,17
27341,B,5.3,1,21
27346,A,27.56,4,27
27352,B,13.64,3,21
27353,A,9.75,5,21
27365,B,28.18,3,20
27366,A,30.47,1,22
27398,B,21.71,5,19
27400,B,56.12,2,23
27402,B,21.61,2,23
27416,B,71.84,5,15
27424,B,41.67,5,25
27425,A,36.47,5,26
27431,A,10.35,3,12
27433,B,64.49,4,21
27462,B,9.19,4,19
27467,A,23.98,2,20
27468,A,34.25,5,21
27469,B,32.0,5,26
27470,A,94.08,5,18
27472,A,37.54,2,24
27481,B,19.5,4,27
27483,B,9.15,1,21
27486,B,31.96,5,27
27489,A,15.64,1,21
27492,B,96.37,6,24
27501,A,77.86,3,6
27537,A,17.66,5,21
27539,A,70.28,3,24
27549,A,13.13,5,4
27557,A,10.24,4,15
27569,A,10.95,3,23
27573,B,28.14,9,24
27576,A,25.98,3,23
27578,A,30.91,4,17
27583,B,52.19,5,4
27598,B,45.5,3,21
27609,A,52.48,2,19
27611,A,35.94,5,27
27614,B,64.05,10,14
27618,A,33.77,4,27
27620,B,9.18,4,21
27622,A,35.13,2,20
27625,A,61.6,5,23
27627,B,30.27,2,22
27634,B,35.97,1,19
27645,A,76.16,2,18
27646,B,41.07,2,20
27651,B,74.0,1,24
27657,B,13.28,4,21
27664,B,9.01,3,18
27665,B,3.35,4,18
27689,B,39.54,7,18
27701,A,30.12,2,20
27719,A,29.0,1,21
27728,A,71.18,7,17
27733,A,41.97,1,5
27745,A,37.34,4,26
27765,A,14.96,5,26
27770,B,16.27,2,22
27785,B,6.29,2,21
27795,A,56.5,5,25
27797,B,26.32,1,3
27805,B,36.4,1,23
27810,B,12.79,1,22
27811,A,10.19,4,14
27818,A,40.69,1,18
27828,A,56.24,3,25
27831,B,27.3,2,24
27835,A,94.48,2,21
27857,A,23.32,3,23
27864,A,31.26,2,17
27875,B,17.02,1,18
27876,A,22.17,3,22
27879,A,16.71,1,26
27880,A,66.56,2,17
27882,A,3.09,4,16
27897,B,51.8,4,18
27898,A,19.03,3,26
27900,A,17.48,2,18
27907,A,23.3,5,18
27910,A,30.279999999999998,8,16
27911,A,9.84,3,7
27926,B,30.8,2,21
27928,A,27.81,1,22
27931,B,64.02000000000001,8,20
27941,A,29.58,1,21
27947,A,30.7,3,19
27957,B,9.6,4,22
27977,B,33.86,2,22
27981,A,38.69,2,24
27987,A,48.56,3,19
27992,B,7.46,3,27
27994,B,11.87,5,27
27996,B,71.92,5,3
27999,B,45.5,3,4
28003,B,26.26,2,21
28004,B,65.4,5,27
28015,B,11.12,4,12
28017,B,8.01,1,19
28019,B,25.97,1,23
28023,A,15.53,4,19
28026,A,57.59,4,22
28031,A,36.4,3,20
28042,B,39.8,2,20
28045,A,67.16,4,21
28050,B,116.74,2,21
28051,A,7.54,2,19
28052,B,8.07,5,21
28053,A,7.17,5,19
28059,A,19.72,2,23
28060,A,19.08,4,25
28061,B,23.69,5,22
28063,B,35.79,3,20
28078,B,42.39,4,24
28091,A,23.7,1,21
28097,B,15.75,4,23
28101,A,11.28,2,23
28103,B,23.07,5,17
28108,B,70.03,7,19
28114,B,47.69,3,18
28115,B,37.75,2,20
28117,B,21.46,2,20
28131,B,19.69,2,24
28144,A,56.8,1,22
28154,A,13.51,3,26
28156,A,43.12,8,29
28157,A,7.26,4,23
28161,A,7.15,2,19
28165,A,11.81,2,15
28167,B,24.92,4,21
28175,A,15.45,4,19
28176,B,25.09,1,22
28187,A,11.66,5,30
28188,A,35.52,2,26
28191,B,58.69,5,23
28196,B,78.21,3,26
28203,A,11.56,3,23
28209,B,49.83,6,20
28210,A,23.12,3,23
28211,A,40.67,3,18
28214,A,24.81,5,18
28226,B,125.57,6,20
28228,B,51.67,1,20
28230,A,43.54,5,16
28233,A,37.88,1,28
28239,B,7.86,5,24
28240,A,45.37,5,27
28241,A,7.47,1,19
28242,A,41.69,1,22
28245,A,19.11,5,8
28251,B,18.55,4,15
28260,B,19.05,2,18
28261,A,59.95,4,22
28263,A,20.86,2,5
28264,B,76.93,3,25
28274,A,7.4,2,25
28275,B,40.62,1,18
28279,B,69.04,5,26
28280,B,5.58,5,18
28287,A,30.24,1,21
28324,B,74.44,1,22
28325,B,13.75,5,25
28327,B,43.44,5,26
28332,A,33.26,1,22
28346,B,57.32,2,20
28355,A,8.51,3,13
28371,B,24.01,4,22
28378,B,84.47,1,10
28387,B,20.27,5,18
28390,A,72.52,1,29
28392,A,54.46,3,18
28405,A,131.05,5,23
28411,A,57.92,4,20
28416,B,46.06,4,16
28423,A,25.13,1,22
28424,A,29.02,1,24
28426,A,65.49000000000001,6,20
28427,A,27.19,2,19
28440,B,26.31,3,20
28442,B,13.8,5,17
28445,A,11.96,3,25
28447,B,43.79,2,22
28456,B,58.39,3,24
28464,B,53.16,2,22
28471,A,64.34,2,19
28485,A,23.87,1,21
28491,A,13.23,2,23
28494,A,64.87,10,21
28495,B,25.51,5,19
28505,A,77.96,4,15
28507,A,21.35,1,23
28508,B,40.28,3,18
28519,B,18.04,2,21
28522,B,53.0,3,26
28525,B,18.9,1,15
28528,A,36.04,5,25
28530,A,9.23,5,12
28547,A,11.3,1,6
28552,B,28.45,1,21
28558,B,10.38,4,24
28564,B,58.58,3,21
28567,A,22.85,1,24
28568,B,24.12,3,19
28580,A,32.06,4,29
28587,B,11.68,2,18
28597,A,57.32000000000001,2,20
28603,A,33.5,5,27
28608,A,30.54,4,26
28612,B,25.16,1,23
28616,B,34.51,1,22
28617,A,14.7,1,18
28639,B,17.12,5,20
28640,B,12.07,4,19
28656,A,32.37,1,18
28663,B,22.25,3,21
28669,B,24.8,4,22
28670,B,47.14,1,22
28678,A,17.99,5,20
28679,B,27.36,1,16
28688,B,6.53,3,16
28692,B,13.24,4,14
28704,A,14.77,2,22
28705,A,5.79,3,20
28708,A,89.38,1,27
28709,A,19.03,2,18
28710,B,4.86,5,18
28713,B,96.44,3,25
28724,B,24.66,4,25
28725,B,20.1,2,19
28732,B,14.46,4,22
28774,A,25.4,4,20
28776,A,13.29,4,19
28782,A,31.59,2,21
28787,A,59.85,1,21
28789,A,17.09,3,24
28791,A,8.56,3,20
28792,A,61.86,5,6
28793,B,52.69,5,16
28795,A,16.41,4,26
28802,B,24.26,5,24
28817,B,31.9,5,29
28819,B,13.47,3,23
28821,B,29.71,1,19
28830,A,12.82,3,21
28831,B,28.76,1,19
28840,A,17.92,4,23
28842,B,21.58,3,20
28846,B,55.49,2,21
28853,A,21.2,1,18
28858,A,123.61,3,21
28862,A,123.71,1,24
28867,A,26.76,5,22
28878,A,13.53,2,15
28880,B,54.28,5,27
28885,B,23.32,5,19
28889,B,98.61,4,22
28891,B,67.88,1,22
28894,A,20.46,1,25
28895,A,78.62,1,23
28896,B,15.05,3,23
28898,B,78.0,1,27
28903,A,13.67,5,27
28905,A,41.11,5,19
28911,B,13.35,1,18
28927,B,92.4,4,21
28928,A,23.99,3,20
28933,A,56.239999999999995,4,15
28935,B,97.79,4,22
28937,B,49.45,1,20
28942,A,52.51,5,24
28943,B,56.77,2,13
28948,B,12.3,2,23
28949,A,14.77,5,18
28952,A,16.07,5,20
28955,B,28.88,3,24
28965,B,42.73,1,23
28981,A,22.42,4,21
28991,B,10.04,5,14
29003,B,36.67,3,26
29011,B,2.15,2,23
29026,B,25.62,4,19
29028,A,51.86,1,25
29033,B,23.03,4,24
29039,A,38.23,1,25
29055,B,8.24,2,28
29060,A,8.2,2,22
29064,B,73.84,1,22
29069,B,82.81,5,13
29072,A,31.51,3,16
29074,A,25.21,4,24
29076,B,9.06,3,29
29079,B,150.63,4,25
29083,A,0.28,5,24
29090,A,47.89,2,29
29096,A,23.79,2,21
29099,B,19.95,1,29
29100,A,7.05,3,22
29105,B,37.63,1,19
29108,A,16.68,1,22
29111,A,10.92,1,23
29121,A,16.24,5,28
29130,A,3.76,4,18
29148,B,66.26,1,19
29150,B,70.74,4,16
29160,A,23.99,3,16
29162,A,9.08,1,17
29167,A,55.24,3,23
29171,B,120.00999999999999,10,23
29177,A,3.52,4,22
29180,A,31.35,2,30
29185,B,37.43,2,21
29187,B,125.29,5,18
29188,A,43.92,5,23
29196,A,15.48,5,27
29206,A,25.46,3,19
29216,B,34.84,1,23
29230,B,40.36,5,21
29232,B,19.65,2,20
29240,B,41.9,4,25
29241,B,41.8,4,25
29248,A,51.12,1,18
29249,B,33.74,3,22
29250,B,34.14,5,18
29251,B,120.34,9,26
29257,B,2.7,2,4
29262,B,15.9,1,17
29264,B,99.83,2,16
29275,B,10.0,3,17
29286,A,17.99,3,25
29291,B,43.92,5,17
29308,A,57.34,2,16
29319,B,34.8,5,18
29324,B,13.37,1,22
29329,B,46.44,2,19
29344,B,54.08,4,19
29346,A,30.49,1,20
29354,B,1.95,3,21
29356,A,59.35,3,27
29357,B,66.42,2,20
29358,A,48.82,2,25
29364,B,20.63,3,23
29367,A,60.3,2,25
29371,B,101.91,3,23
29375,B,47.03,2,22
29387,A,18.38,5,16
29394,A,10.5,2,19
29399,B,17.19,2,25
29404,B,80.35,7,21
29429,A,43.77,2,23
29437,B,26.1,1,25
29441,A,47.15,1,22
29452,B,30.33,1,19
29454,A,54.34,4,20
29456,B,37.15,4,15
29464,A,15.1,2,25
29471,A,47.06,1,18
29486,A,91.01,10,21
29492,A,5.9,4,19
29513,B,90.93,3,20
29518,A,86.56,5,21
29532,B,38.76,1,24
29540,A,29.55,5,18
29541,B,22.2,2,24
29544,B,66.27,7,25
29552,A,11.57,1,20
29555,B,22.72,5,29
29556,B,9.36,5,26
29562,B,19.76,1,17
29571,A,2.55,4,14
29580,B,23.24,3,21
29586,A,26.99,4,12
29597,B,28.76,4,22
29611,A,5.77,5,3
29616,A,27.82,3,18
29625,A,47.03,4,25
29628,A,43.16,7,22
29632,B,77.07,2,3
29634,B,22.4,1,20
29637,B,26.13,2,24
29639,B,54.77,3,15
29657,A,12.45,1,19
29670,B,21.36,4,20
29671,B,38.91,2,23
29683,B,46.95,4,19
29688,A,37.41,4,21
29690,A,63.51,3,18
29704,B,10.74,2,19
29705,A,79.21000000000001,6,30
29711,A,49.42,3,17
29724,A,7.71,4,24
29750,B,101.4,3,21
29753,A,8.92,3,21
29756,B,63.09,1,25
29787,A,38.87,5,21
29790,A,54.06,6,20
29792,A,32.44,4,20
29796,A,16.68,5,20
29813,A,26.73,4,27
29825,B,35.57,4,23
29828,A,43.36,3,25
29835,A,86.91999999999999,6,19
29842,B,13.35,3,22
29846,A,31.04,3,21
29847,A,20.24,4,21
29849,B,43.37,2,23
29853,A,22.47,2,20
29859,A,31.01,4,18
29872,A,18.44,2,21
29873,B,69.07,4,15
29875,A,2.83,2,7
29887,B,20.39,2,21
29894,B,55.34,5,20
29895,B,97.3,2,28
29903,B,27.24,2,19
29905,B,159.67,5,28
29910,A,27.8,2,23
29912,A,52.5,3,19
29914,A,9.55,3,24
29923,A,56.67,9,25
29933,A,37.03,5,18
29936,A,2.19,5,24
29937,A,40.73,2,25
29944,A,11.08,5,25
29945,B,50.14,5,21
29947,A,34.62,5,19
29956,B,24.8,2,18
29960,B,25.57,3,24
29965,B,33.49,3,24
29976,B,32.64,3,18
29981,A,16.96,5,12
30000,A,19.5,2,19
30002,B,53.71,5,25
30003,B,47.12,2,17
30006,A,21.45,4,20
30008,A,21.72,3,12
30012,A,2.83,3,19
30035,B,6.96,4,21
30053,A,35.25,5,20
30058,A,46.88,5,15
30061,A,49.0,8,19
30070,A,13.5,3,20
30083,B,35.4,5,19
30084,A,27.28,1,21
30095,B,11.93,4,23
30109,A,58.809999999999995,9,22
30110,B,5.53,3,20
30111,B,12.2,3,4
30113,B,35.41,5,24
30117,A,3.21,5,23
30120,B,20.42,4,21
30131,B,17.73,5,26
30145,B,11.95,3,21
30147,A,71.79,5,25
30150,B,38.49,1,17
30154,B,59.46,3,22
30157,A,23.79,2,21
30163,A,22.34,3,21
30169,A,25.39,1,23
30171,B,11.09,1,22
30177,A,10.92,4,18
30184,B,39.94,1,23
30190,B,15.06,2,19
30199,A,39.3,3,18
30202,A,63.400000000000006,3,17
30206,A,19.74,4,20
30207,A,48.92,1,23
30216,A,30.6,2,25
30221,A,41.25,4,7
30222,A,11.5,5,25
30236,A,95.51,3,21
30240,B,38.69,4,22
30244,A,29.59,2,13
30247,B,7.79,1,15
30259,B,27.96,4,22
30272,A,50.27,3,23
30275,B,25.349999999999998,3,23
30276,A,48.18,5,26
30280,B,76.64,2,24
30286,A,44.95,4,25
30294,B,17.3,3,23
30300,A,16.95,3,19
30303,A,62.68,5,24
30314,A,32.45,3,31
30319,B,49.64,5,27
30320,B,21.23,4,27
30321,B,3.33,5,24
30324,B,17.26,2,19
30326,A,16.79,5,24
30333,B,43.67,2,19
30347,B,27.68,1,19
30350,B,20.25,5,21
30351,B,54.64,4,20
30357,A,48.43,7,4
30359,B,85.28,5,20
30361,B,65.8,3,22
30390,A,3.56,2,19
30391,B,21.43,4,20
30395,B,33.92,3,23
30397,A,47.47,8,18
30400,B,30.71,1,19
30408,B,20.94,4,19
30410,B,21.45,1,26
30411,B,49.27,1,27
30413,A,38.17,3,22
30425,B,21.92,5,18
30426,B,33.1,2,21
30431,B,20.15,1,22
30438,A,15.41,4,18
30442,A,56.88,4,21
30455,B,13.39,4,28
30459,A,58.15,5,21
30466,A,16.1,3,18
30467,B,43.37,5,17
30468,B,79.28,1,18
30470,A,47.66,2,17
30473,B,38.0,4,24
30476,A,16.42,1,17
30477,A,21.88,5,23
30479,A,80.79,3,20
30492,B,33.34,5,22
30496,A,32.37,2,23
30503,A,43.25,4,25
30514,A,12.87,2,17
30524,B,54.29,1,24
30532,B,98.85,14,25
30534,A,65.74,1,23
30539,A,16.72,1,25
30542,B,22.55,4,18
30547,A,6.89,5,26
30567,B,2.53,2,20
30568,B,33.34,1,15
30574,A,68.69,4,19
30575,A,59.95,3,3
30584,A,49.879999999999995,7,21
30609,A,19.45,2,24
30623,B,7.92,2,23
30624,B,8.9,1,23
30629,B,81.35,4,24
30654,A,30.86,4,21
30658,A,37.12,2,12
30667,A,4.96,5,16
30670,A,53.99,5,22
30671,A,31.23,4,24
30673,A,33.79,1,16
30677,A,48.48,2,31
30684,A,13.22,5,19
30685,B,34.74,2,23
30692,B,17.88,1,20
30695,B,3.61,1,14
30719,B,23.36,4,23
30735,A,43.98,2,20
30736,A,32.05,4,23
30746,A,39.52,5,27
30747,B,13.76,1,21
30752,A,28.19,4,19
30757,A,27.42,3,17
30759,A,66.32,5,26
30760,B,36.35,2,17
30761,A,35.37,4,23
30764,B,46.4,2,25
30777,B,12.62,3,25
30782,A,63.24,5,25
30785,A,27.87,5,21
30786,A,40.84,5,16
30802,A,41.21,5,22
30803,A,30.14,2,15
30809,A,30.18,5,15
30816,B,24.01,1,19
30818,B,16.81,5,21
30829,B,12.87,3,20
30848,B,15.48,2,21
30851,B,14.87,3,4
30852,B,13.91,3,20
30853,B,138.16,7,21
30857,A,4.17,5,17
30858,A,17.38,2,23
30866,B,47.14,3,3
30873,A,37.4,3,20
30876,A,30.07,4,18
30878,A,2.31,3,21
30887,A,18.18,2,27
30889,B,27.65,2,20
30896,A,20.07,5,23
30912,A,49.51,3,21
30919,A,15.65,4,24
30941,B,35.55,3,18
30946,B,49.09,2,22
30949,A,40.73,4,18
30950,A,24.16,4,14
30951,B,75.89,5,23
30952,B,24.83,5,20
30959,B,31.47,5,25
30962,A,14.1,3,25
30969,A,26.32,3,22
30970,A,76.24,10,24
30994,B,13.17,1,29
31006,A,12.88,1,14
31008,B,39.74,5,23
31009,B,42.78,4,21
31010,B,26.11,2,16
31013,B,5.14,3,22
31015,A,48.62,6,23
31018,A,28.68,1,6
31020,A,10.44,1,21
31022,B,15.09,1,19
31025,A,23.87,4,22
31027,B,66.87,4,21
31029,A,18.14,4,13
31036,B,26.58,3,24
31048,A,12.35,3,25
31055,A,60.46,5,28
31056,A,34.15,1,14
31061,A,19.31,4,31
31065,B,18.57,1,22
31071,A,45.1,4,18
31073,B,23.11,4,21
31078,A,8.03,1,26
31096,B,16.15,5,19
31097,B,78.79,1,5
31099,A,14.75,2,22
31111,B,12.85,1,22
31114,B,9.83,4,4
31119,A,30.85,4,21
31122,B,40.01,2,22
31123,A,19.55,1,20
31129,A,60.28,2,25
31131,B,6.92,4,19
31133,A,42.23,2,23
31142,B,79.49,5,30
31151,A,13.72,2,7
31160,B,45.01,1,23
31161,B,42.25,3,20
31164,A,5.29,4,25
31170,B,80.08,4,20
31174,A,34.94,4,24
31176,B,6.94,1,30
31183,A,11.31,3,25
31196,B,49.62,4,17
31206,B,42.459999999999994,7,21
31208,B,8.03,5,21
31209,B,40.02,4,16
31211,B,95.01,6,18
31223,A,4.58,4,7
31228,A,6.73,1,16
31229,B,43.34,5,21
31233,B,52.88,2,22
31237,B,18.31,4,28
31239,B,21.39,5,21
31243,A,123.39,12,19
31244,B,9.5,3,19
31252,A,7.65,2,21
31255,B,66.51,3,24
31259,A,21.86,2,15
31263,A,28.47,2,24
31264,B,62.41,1,27
31270,A,6.74,3,19
31276,B,35.44,4,22
31282,B,9.98,4,20
31284,A,18.05,2,14
31293,A,18.07,2,3
31302,B,6.99,5,21
31313,B,26.59,4,20
31317,B,14.54,4,26
31323,A,7.91,4,23
31324,A,17.95,5,22
31332,A,30.84,2,14
31334,A,11.12,1,18
31341,B,35.46,5,23
31345,A,25.41,5,17
31355,A,12.42,1,14
31358,B,8.89,1,21
31367,B,14.17,3,26
31376,B,19.28,1,22
31383,B,46.83,2,22
31391,A,95.8,1,17
31403,A,39.87,1,21
31408,B,52.96,4,25
31410,A,33.45,4,21
31419,A,45.980000000000004,7,21
31427,B,7.26,5,20
31429,A,26.01,3,23
31433,A,14.71,2,23
31435,A,76.08,8,21
31444,A,3.31,3,18
31448,B,44.88,1,23
31450,B,31.01,1,17
31464,A,40.07,5,20
31465,A,114.54,7,20
31467,B,22.16,3,21
31469,A,25.19,5,18
31487,B,80.12,5,17
31490,B,35.74,3,21
31491,A,40.79,7,21
31492,A,33.66,9,24
31493,B,2.74,5,27
31503,A,35.64,4,17
31505,A,12.21,3,18
31508,B,3.47,2,23
31510,A,48.76,5,22
31511,A,15.61,3,21
31512,A,40.66,3,27
31522,A,14.15,2,23
31524,B,38.59,2,20
31534,B,11.51,2,18
31541,A,16.75,5,5
31545,A,4.79,2,23
31548,A,29.7,2,23
31550,B,34.94,1,18
31553,A,8.59,2,17
31562,A,125.97,3,18
31572,B,68.24000000000001,6,16
31582,B,29.1,4,22
31590,A,13.37,4,32
31598,A,34.07,3,27
31601,B,22.59,3,25
31617,A,16.76,1,22
31630,B,45.08,3,18
31633,A,50.46,5,23
31637,B,27.21,1,28
31641,A,32.0,5,20
31643,B,29.810000000000002,5,18
31644,A,26.54,3,3
31645,B,106.97,5,23
31648,B,58.76,1,16
31658,B,42.76,3,21
31663,B,18.3,2,23
31667,B,17.03,5,19
31673,A,33.4,2,22
31676,B,35.8,1,18
31688,A,19.67,1,14
31691,A,39.2,5,32
31694,A,13.88,4,26
31701,A,25.17,2,21
31709,A,16.14,3,23
31714,B,18.47,5,21
31718,B,111.27,2,26
31724,A,41.35,4,25
31728,B,37.05,4,24
31733,A,43.94,2,19
31738,B,41.64,4,24
31741,A,7.84,5,18
31742,B,38.76,3,16
31744,B,27.4,5,24
31745,A,14.03,1,20
31759,B,23.06,1,20
31762,B,8.12,1,19
31764,B,19.19,4,24
31767,B,81.9,5,19
31770,B,21.7,1,25
31773,B,38.83,4,23
31786,A,62.03,2,28
31798,A,32.52,2,18
31822,B,16.42,3,20
31829,A,30.22,3,18
31832,A,36.43,3,24
31833,A,45.4,4,21
31836,B,48.51,4,16
31840,B,33.55,1,20
31848,A,4.26,5,24
31851,A,27.9,4,16
31866,A,50.27,10,21
31884,B,45.2,4,25
31885,B,29.12,1,17
31888,A,22.68,5,27
31890,A,14.39,2,15
31891,B,25.62,3,22
31906,B,8.39,4,15
31907,B,31.65,4,22
31909,A,35.14,8,25
31914,B,26.88,2,20
31916,B,51.45,4,23
31919,B,36.15,2,27
31921,B,17.42,1,14
31927,A,17.66,4,19
31928,B,89.68,5,24
31931,B,26.02,5,21
31950,B,29.46,3,17
31957,B,17.79,3,18
31966,A,2.77,1,24
31967,A,36.54,4,6
31969,A,78.84,7,19
31977,A,24.03,1,13
31988,B,12.18,1,21
31997,A,70.72,7,28
32009,B,35.09,4,28
32012,B,74.88,2,23
32024,A,38.13,4,28
32029,A,15.69,2,14
32042,B,9.41,4,22
32045,B,5.64,5,23
32046,A,35.63,4,28
32052,A,47.15,4,22
32057,A,37.79,4,17
32058,B,60.5,4,23
32059,B,22.58,2,26
32064,A,4.62,1,23
32071,A,11.01,2,20
32076,B,35.53,2,22
32080,B,49.85,1,25
32086,B,32.8,5,17
32101,B,55.34,4,18
32104,B,18.9,2,20
32110,B,35.56,3,21
32111,B,22.13,5,15
32114,A,30.18,5,27
32119,B,27.14,1,27
32122,A,82.88,2,21
32127,B,25.2,1,19
32135,A,106.47,5,18
32137,A,22.06,3,19
32138,B,13.48,3,23
32143,A,11.55,4,16
32145,A,75.31,6,29
32147,B,8.16,4,26
32162,B,12.73,4,22
32167,B,7.8,1,20
32175,B,42.47,2,29
32179,B,49.6,3,29
32182,A,7.1,3,21
32194,B,14.13,3,19
32195,B,41.709999999999994,8,21
32198,A,59.49,5,23
32200,A,23.37,1,26
32201,B,99.59,4,18
32204,A,40.12,3,20
32213,B,49.6,2,21
32214,A,31.87,3,26
32221,B,9.53,4,24
32234,A,10.17,3,18
32239,B,51.08,2,18
32242,B,14.41,1,27
32252,B,23.17,3,29
32253,A,46.52,5,23
32268,A,10.79,3,23
32279,A,135.09,1,18
32292,A,31.24,4,27
32297,A,22.9,1,18
32303,B,38.06,5,25
32308,B,20.55,4,20
32310,A,32.69,4,17
32314,A,20.72,4,24
32315,B,4.99,5,16
32319,B,16.6,3,17
32322,A,42.12,3,21
32330,A,9.08,2,18
32333,B,34.62,4,23
32343,A,20.38,5,20
32348,A,47.23,4,22
32357,A,41.3,1,15
32364,B,27.56,1,25
32374,B,13.72,2,24
32377,A,60.11,1,24
32378,B,7.68,4,23
32384,B,22.14,1,23
32394,A,7.52,4,23
32399,A,17.31,1,19
32405,B,57.769999999999996,8,28
32416,A,7.58,1,19
32418,A,13.2,2,21
32422,A,5.76,3,24
32423,A,22.53,3,22
32434,A,78.69999999999999,13,19
32436,B,32.85,4,17
32440,B,29.2,2,24
32454,B,5.24,4,23
32455,B,3.71,4,18
32462,B,27.05,5,21
32464,A,43.85,1,28
32470,A,33.51,9,19
32484,B,27.74,5,23
32488,A,44.67,4,16
32489,B,28.91,1,16
32494,A,17.0,4,21
32498,A,110.16,8,21
32501,A,12.46,4,24
32503,A,1.81,1,19
32506,A,14.76,3,19
32512,B,84.8,5,18
32513,B,50.27,3,17
32515,B,61.38,4,24
32522,A,13.23,2,16
32523,A,7.01,5,19
32536,B,21.8,1,28
32537,A,26.75,1,20
32540,A,66.7,4,24
32541,A,53.37,6,22
32544,A,5.91,5,24
32556,A,94.17,4,21
32583,A,37.2,3,26
32586,A,64.7,5,13
32589,B,33.01,4,14
32608,B,27.53,2,13
32610,B,34.87,2,5
32613,B,21.42,3,24
32623,A,21.73,3,23
32632,B,78.08000000000001,8,23
32635,B,24.17,2,21
32639,B,16.14,2,23
32647,A,35.31,3,25
32654,B,42.02,2,23
32660,B,48.76,2,29
32671,A,31.57,5,18
32672,A,34.73,3,19
32674,B,48.99,7,23
32685,A,4.11,1,23
32691,A,37.92,5,17
32715,B,38.65,1,25
32720,B,18.57,4,23
32743,A,41.29,5,26
32747,A,35.42,4,26
32755,B,24.25,3,26
32762,A,1.92,5,19
32769,B,10.74,3,18
32779,B,2.68,5,23
32783,B,55.35,5,23
32784,B,46.78,4,18
32789,A,28.97,5,23
32792,A,17.31,4,20
32798,A,39.71,3,26
32801,A,16.17,1,24
32804,B,3.68,2,21
32807,A,24.04,1,21
32810,B,17.52,2,2
32833,A,19.32,3,24
32837,B,28.72,3,22
32844,A,1.68,2,5
32846,A,20.59,4,21
32856,B,23.61,4,18
32862,B,33.28,2,22
32870,B,64.49,2,17
32875,A,97.01,2,22
32879,A,93.59,3,20
32886,B,61.59,2,18
32889,B,7.46,1,23
32893,B,51.42,1,22
32895,B,49.69,4,22
32899,B,44.15,5,17
32901,A,26.42,2,23
32911,B,80.1,3,20
32912,B,59.16,5,19
32913,A,67.34,4,16
32916,B,5.7,1,22
32919,A,23.13,3,20
32922,A,28.15,5,28
32946,B,75.22,2,23
32952,B,48.99,5,28
32959,B,24.15,5,16
32965,B,13.21,2,31
32970,B,61.61,7,21
32973,A,28.98,3,22
32974,B,86.68,2,24
33006,B,78.26,1,19
33008,B,28.82,4,18
33012,A,5.62,1,19
33013,B,39.71,5,22
33014,B,50.69,6,21
33021,B,23.8,4,26
33022,B,16.32,4,21
33024,A,35.68,4,20
33035,B,27.43,3,20
33050,B,42.02,5,18
33053,A,8.69,4,23
33061,B,15.18,3,22
33092,A,53.42,3,23
33099,A,19.55,3,18
33102,A,20.45,4,21
33109,A,5.84,3,20
33127,A,43.65,5,15
33132,A,80.80999999999999,6,25
33137,A,52.21000000000001,7,19
33141,B,15.09,1,20
33145,B,26.85,5,29
33151,B,13.23,5,22
33153,A,38.66,4,11
33160,B,36.37,5,24
33164,B,41.2,3,16
33165,A,14.47,2,19
33168,A,13.43,5,17
33179,B,26.57,2,18
33185,A,8.16,2,25
33190,A,27.84,2,21
33194,A,5.77,3,30
33200,A,12.92,4,20
33205,A,19.62,1,23
33213,B,13.69,1,19
33218,B,40.94,2,18
33221,B,65.42,7,18
33223,A,6.24,2,24
33227,A,42.82,4,21
33234,A,1.96,1,24
33236,A,9.75,4,27
33244,B,17.61,5,23
33256,A,23.53,3,25
33259,A,27.5,3,16
33262,A,18.83,3,21
33265,A,17.79,1,20
33277,B,34.66,3,23
33278,A,25.92,3,17
33279,A,8.51,4,23
33285,A,14.61,1,23
33286,A,20.83,1,18
33288,A,34.31,2,19
33292,B,39.42,5,29
33312,B,37.03,5,17
33314,B,66.4,5,24
33324,B,44.62,3,21
33337,A,36.32,1,15
33339,A,5.96,3,21
33343,B,12.22,4,15
33358,B,43.3,2,21
33362,A,11.98,5,17
33366,B,34.02,2,27
33375,A,75.55,1,20
33385,A,3.42,2,22
33394,B,65.48,3,17
33409,B,36.4,4,23
33418,B,60.08,1,22
33426,A,24.23,5,20
33437,A,32.77,2,29
33446,A,9.32,4,23
33456,A,35.38,4,22
33457,B,45.77,5,24
33463,A,10.18,4,16
33470,B,51.730000000000004,10,28
33475,B,26.19,5,23
33477,A,85.81,1,16
33482,A,50.15,4,21
33483,A,0.85,1,6
33487,A,55.04,5,23
33488,B,74.4,2,26
33490,A,24.8,4,7
33505,B,74.57000000000001,4,17
33546,A,15.96,1,22
33552,A,65.28,4,25
33557,A,42.08,2,24
33566,B,61.34,8,19
33568,A,40.78,3,26
33576,B,13.03,1,22
33579,A,13.04,5,21
33583,A,33.97,1,19
33587,A,8.69,3,23
33595,A,24.38,2,20
33598,A,16.52,5,5
33603,A,63.2,4,25
33605,B,35.84,5,26
33617,A,51.36,1,21
33625,A,7.44,5,14
33629,B,61.87,5,17
33633,B,66.32,2,22
33643,A,45.18,3,22
33644,B,12.75,4,26
33650,B,47.25,4,27
33660,B,23.91,5,22
33661,B,56.77,4,18
33667,A,31.94,3,28
33670,A,25.01,1,21
33677,A,56.52,4,17
33690,A,16.29,1,20
33691,A,106.32000000000001,5,6
33703,B,22.27,4,18
33705,B,1.72,5,25
33711,A,39.26,5,23
33713,B,8.15,4,20
33724,B,3.16,1,16
33725,A,5.79,1,5
33727,B,107.4,3,20
33735,B,32.43,2,28
33738,A,26.25,4,22
33745,A,31.32,2,13
33750,A,38.68,5,23
33754,A,9.76,4,20
33764,A,39.08,2,21
33768,B,15.91,3,21
33775,A,26.43,2,23
33785,B,4.37,5,32
33795,A,69.05,5,22
33806,A,92.56,1,21
33808,A,15.08,4,17
33814,B,4.8,5,22
33815,A,14.94,3,20
33819,B,13.55,2,20
33826,B,51.56,2,19
33832,A,26.07,1,14
33838,B,5.56,5,27
33848,B,4.86,1,22
33855,A,27.06,1,15
33871,B,51.06,4,17
33888,A,22.45,5,19
33896,B,39.17,2,5
33900,A,7.39,5,18
33903,A,33.67,3,17
33909,A,11.58,3,23
33923,A,26.45,2,16
33929,B,1.61,5,24
33931,B,24.57,5,17
33934,B,28.84,4,23
33944,A,13.49,4,19
33948,B,60.79,3,22
33963,A,16.83,3,24
33965,B,128.4,5,17
33969,A,84.86,5,22
33974,A,96.07,4,21
33976,B,130.23,2,22
34005,A,17.68,1,21
34008,B,22.52,2,24
34009,B,0.72,3,20
34010,B,19.07,5,19
34026,A,18.71,3,21
34028,A,5.94,2,20
34035,A,12.33,3,21
34038,A,23.77,4,11
34040,A,2.41,1,23
34044,A,71.28,2,25
34045,A,116.55,11,24
34050,A,15.09,4,26
34059,A,29.35,5,19
34065,B,17.73,2,22
34066,B,19.2,2,4
34067,A,6.19,1,21
34073,A,95.2,6,12
34080,B,33.6,5,25
34081,B,27.16,2,25
34109,B,33.76,4,21
34127,B,28.48,3,20
34132,B,21.56,4,26
34138,B,51.12,3,20
34139,A,8.53,3,21
34143,A,77.82,7,26
34151,A,10.06,3,6
34154,B,70.33,4,21
34156,B,72.0,5,29
34157,B,12.91,5,20
34164,A,100.01,8,26
34173,A,14.85,4,20
34175,A,64.9,1,21
34187,A,24.62,1,24
34192,B,47.15,3,24
34193,B,39.9,2,21
34199,A,16.88,5,20
34202,A,11.46,5,32
34203,A,26.24,5,23
34211,B,31.31,4,28
34212,B,42.66,2,20
34221,A,5.66,4,29
34224,A,19.97,5,22
34227,B,49.33,1,15
34229,A,37.04,5,26
34232,A,31.21,1,22
34246,A,36.19,4,5
34247,A,37.5,2,29
34260,A,49.18,1,19
34262,B,71.43,7,19
34268,A,4.29,4,20
34273,B,39.64,2,2
34278,A,40.04,2,25
34280,A,38.18,1,22
34295,B,22.74,5,20
34300,A,20.29,1,18
34301,A,29.35,3,18
34315,B,27.49,3,19
34316,A,66.66,3,25
34317,B,22.43,4,23
34324,A,41.96,5,20
34329,A,8.15,2,22
34331,A,8.03,2,25
34333,B,42.04,2,24
34335,B,17.72,2,22
34336,A,12.21,5,23
34350,A,15.35,4,23
34357,B,46.89,5,21
34363,B,38.18,2,24
34367,B,41.61,9,16
34371,B,4.75,5,24
34372,B,12.02,2,26
34374,B,30.41,1,18
34381,A,97.27999999999999,7,22
34387,A,35.41,4,20
34398,A,9.15,5,22
34402,B,30.69,3,20
34403,A,23.23,2,26
34414,A,5.18,4,16
34415,A,49.0,4,20
34416,B,62.78,1,21
34421,B,43.23,5,21
34427,A,12.46,4,20
34428,B,65.64,5,27
34429,A,47.41,1,28
34434,B,78.48,2,21
34443,A,3.11,1,23
34451,A,11.41,8,27
34455,A,31.67,1,22
34487,A,136.12,1,21
34490,A,5.06,3,22
34492,A,41.78,1,18
34501,A,24.77,3,19
34508,A,4.9,3,19
34509,B,56.19,3,16
34515,B,76.74,1,20
34518,A,16.76,1,22
34520,B,48.85,4,19
34528,A,10.83,4,26
34533,B,20.05,5,24
34535,B,66.28,3,28
34542,A,12.53,2,21
34545,A,9.48,2,29
34552,B,31.13,5,19
34553,B,11.79,3,23
34559,B,10.54,1,20
34571,A,42.93,1,23
34585,A,7.35,2,23
34586,A,82.26,4,24
34589,B,23.31,2,22
34591,B,34.16,4,24
34595,B,25.53,3,3
34599,B,165.75,8,19
34601,B,71.46,2,23
34608,B,36.69,1,20
34613,B,10.49,3,17
34615,B,67.64,5,17
34627,B,22.81,1,25
34633,A,12.92,3,32
34634,A,53.62,4,25
34635,A,30.28,5,24
34641,A,17.84,5,23
34642,B,54.5,1,23
34644,B,30.5,3,20
34647,B,8.28,1,16
34648,A,31.1,1,24
34649,A,14.34,2,25
34668,A,11.53,3,21
34686,B,32.23,2,27
34691,A,25.89,5,23
34692,A,33.89,5,23
34699,A,28.54,3,25
34709,B,24.35,1,27
34720,A,23.87,3,17
34721,B,17.31,3,22
34726,A,53.62,3,19
34734,A,52.77,3,24
34737,A,13.63,4,24
34739,A,13.16,1,17
34743,A,3.65,3,20
34746,B,11.75,4,4
34747,A,9.32,1,26
34749,A,68.48,2,22
34755,B,46.29,3,19
34756,A,9.52,1,19
34763,B,31.97,4,14
34764,B,91.97999999999999,5,23
34772,B,36.54,5,20
34784,B,29.38,3,22
34816,A,23.5,2,21
34821,B,29.43,1,18
34823,B,9.91,5,27
34838,A,9.93,1,18
34848,A,19.8,1,22
34851,A,8.66,4,20
34857,B,36.26,8,18
34885,B,147.20999999999998,7,26
34891,A,26.63,3,20
34905,A,23.29,4,22
34911,B,6.01,5,23
34918,B,45.13,3,6
34930,A,49.54,4,6
34939,A,7.11,5,21
34944,A,48.22,4,25
34958,A,53.39,1,16
34971,B,4.89,2,19
34974,A,36.29,1,27
34984,B,29.51,1,19
34995,A,33.3,3,19
35004,B,32.84,4,17
35019,B,31.53,3,19
35021,A,11.75,5,26
35027,A,5.82,2,17
35046,B,48.84,1,22
35047,B,30.53,2,22
35051,B,30.24,3,25
35055,B,66.28,5,24
35058,B,26.96,5,21
35060,B,33.06,4,21
35067,B,66.32,4,15
35072,B,38.14,3,23
35076,A,40.41,5,22
35077,B,70.22,4,18
35085,A,3.32,4,19
35089,B,10.88,3,25
35091,B,58.9,2,26
35099,B,36.29,5,22
35101,B,103.6,6,20
35112,A,33.51,2,19
35119,B,20.97,2,20
35120,A,12.44,3,20
35130,A,12.67,1,18
35132,B,33.08,2,23
35137,B,127.36,2,15
35140,A,60.510000000000005,8,21
35143,B,6.2,5,17
35148,A,30.14,3,18
35153,B,21.71,4,23
35158,B,93.35,5,16
35161,A,31.28,5,19
35168,A,39.05,5,24
35178,B,18.2,5,15
35179,A,40.94,5,25
35184,B,16.31,2,23
35187,B,31.49,5,18
35190,A,44.84,2,24
35191,B,4.69,3,15
35202,B,76.54,8,21
35207,B,7.93,4,24
35213,A,13.89,3,22
35215,B,57.61,10,18
35217,B,85.65,4,32
35220,A,17.27,2,20
35225,A,59.65,2,24
35230,B,11.94,1,20
35244,A,17.16,4,17
35252,B,36.96,1,26
35253,B,29.78,5,25
35257,B,39.38,5,25
35272,B,27.4,1,22
35274,B,10.78,1,25
35280,B,19.7,3,23
35285,A,44.05,3,4
35307,B,73.48,2,22
35309,A,27.65,5,20
35325,A,15.1,3,23
35335,B,14.88,2,12
35338,B,20.13,1,21
35345,A,62.370000000000005,7,29
35346,B,9.63,4,19
35350,B,25.88,4,29
35356,A,55.65,2,15
35364,A,47.33,2,20
35370,A,10.11,2,20
35372,B,31.31,2,19
35379,B,27.31,5,18
35381,B,63.38,4,21
35387,A,50.78,1,23
35406,A,14.6,1,25
35408,B,69.9,1,18
35417,A,5.09,1,16
35428,A,36.66,1,24
35434,A,25.0,8,23
35448,A,26.87,3,28
35456,A,77.47,6,22
35472,B,2.76,3,3
35475,B,9.76,2,19
35480,B,53.1,3,24
35485,B,108.15,5,28
35487,B,33.91,2,22
35509,B,7.34,3,3
35523,B,2.3,2,20
35528,B,28.39,5,20
35536,A,14.65,2,18
35549,A,26.31,2,17
35563,A,63.86,4,21
35565,B,52.81,1,17
35566,A,4.82,5,16
35576,B,9.55,4,23
35593,B,14.95,3,24
35598,B,3.25,4,4
35602,B,35.120000000000005,7,19
35607,B,20.65,3,24
35615,A,29.48,8,22
35618,A,22.52,2,19
35620,B,134.91,7,28
35624,B,42.93,4,25
35630,A,14.4,5,19
35632,A,11.67,3,21
35640,B,30.65,3,24
35648,A,10.95,1,19
35652,B,31.46,2,20
35653,A,36.03,1,27
35656,B,66.52,7,23
35657,B,18.4,1,22
35659,B,31.14,2,24
35661,B,36.28,4,26
35663,A,13.63,1,22
35665,A,11.35,4,22
35666,A,86.73,4,24
35667,A,9.01,5,15
35669,A,17.34,5,26
35671,A,10.89,2,5
35672,B,35.9,6,23
35680,A,48.16,3,23
35691,B,10.34,3,18
35703,A,35.88,1,23
35708,A,7.02,2,22
35739,A,15.77,5,21
35743,A,5.57,5,18
35746,B,9.05,3,23
35760,A,13.02,5,6
35778,B,33.6,4,27
35785,A,9.53,2,21
35800,A,17.49,1,21
35817,A,64.37,3,19
35828,B,5.53,4,19
35840,B,20.42,5,24
35844,B,64.43,5,26
35857,B,31.32,5,21
35859,B,7.88,5,19
35865,A,21.76,4,21
35868,B,66.99,1,22
35869,B,10.44,2,25
35870,A,18.0,1,25
35873,A,57.88,5,15
35878,B,14.870000000000001,8,19
35901,A,56.81,4,26
35902,A,43.14,4,18
35908,B,14.63,4,25
35910,A,10.63,1,6
35911,B,121.23,2,19
35927,A,24.28,1,28
35934,B,14.35,3,20
35936,A,27.96,3,24
35939,A,47.16,2,28
35942,A,37.89,3,21
35945,A,62.25,7,28
35949,A,24.73,5,22
35956,A,47.12,3,13
35966,A,22.88,2,20
35992,A,38.2,4,22
35998,A,38.010000000000005,6,21
36015,B,20.67,1,24
36020,A,33.24,4,22
36023,B,98.2,16,18
36030,A,43.09,4,14
36033,A,14.32,2,26
36034,B,22.69,3,22
36047,A,10.84,4,16
36049,B,99.16999999999999,8,19
36052,A,16.36,5,24
36071,A,51.09,9,18
36072,A,18.97,2,30
36091,A,53.99,2,22
36096,B,50.15,4,20
36104,A,15.82,5,25
36105,B,79.7,5,21
36107,B,9.04,5,27
36114,A,102.06,6,23
36119,B,17.94,3,23
36123,A,73.32,4,19
36126,B,24.37,5,24
36132,A,22.65,3,19
36138,A,64.48,3,24
36141,B,23.37,5,22
36142,A,15.01,1,20
36145,B,29.51,1,25
36147,A,30.51,4,23
36159,A,17.02,1,20
36166,A,62.31,11,17
36196,B,32.6,2,20
36209,B,16.2,3,24
36229,B,0.6,1,21
36230,B,26.46,2,16
36259,B,12.52,3,18
36270,A,26.3,1,17
36277,B,125.87,6,24
36278,B,98.64,5,26
36281,B,21.55,2,22
36288,B,24.67,5,20
36296,B,6.28,5,19
36297,B,22.18,2,16
36299,B,34.61,2,15
36301,B,83.77,3,22
36308,A,41.1,4,27
36315,A,127.95,5,21
36318,B,102.05,11,18
36320,A,41.93,2,20
36328,A,88.1,3,26
36329,A,62.5,5,27
36332,B,23.31,1,25
36333,B,54.86,3,17
36352,A,44.93,5,23
36356,B,73.93,1,27
36367,B,65.81,3,21
36369,B,19.35,2,24
36371,A,26.85,1,16
36377,B,75.7,4,18
36378,B,27.05,1,22
36379,A,91.01,4,24
36382,A,6.44,5,19
36389,A,28.96,2,28
36393,B,73.61,4,23
36395,A,9.2,2,3
36398,A,36.06,4,20
36404,A,44.73,3,29
36411,B,17.32,2,23
36415,A,37.1,5,19
36421,B,71.44,5,25
36423,B,7.84,3,23
36424,B,13.55,1,18
36425,B,110.53,3,2
36431,B,16.45,4,23
36436,B,29.19,5,18
36438,A,39.1,1,19
36439,A,30.61,5,21
36441,B,24.95,2,25
36443,B,27.7,5,26
36447,A,25.700000000000003,4,17
36471,A,6.25,5,22
36473,B,19.08,2,20
36485,A,39.54,3,19
36498,B,20.84,5,20
36504,A,19.3,1,24
36509,A,39.88,1,3
36513,A,58.76,1,26
36515,A,53.86,8,21
36516,B,32.58,2,18
36521,A,6.09,4,25
36527,A,40.66,2,17
36529,B,35.94,2,23
36531,A,24.64,4,18
36534,A,34.87,1,28
36535,B,28.95,5,20
36541,A,40.72,5,18
36548,A,0.67,3,21
36554,A,22.21,5,21
36571,B,27.68,2,21
36583,A,6.18,3,23
36591,B,24.03,4,17
36593,B,43.05,5,20
36594,A,9.44,1,23
36603,B,14.58,2,16
36615,A,58.19,5,18
36620,B,3.42,5,20
36621,B,13.98,3,20
36637,B,53.53,5,21
36640,B,51.59,5,21
36644,A,51.59,5,28
36649,B,21.1,2,22
36656,A,62.58,5,25
36669,A,27.28,5,22
36670,B,144.26,6,20
36679,A,18.43,3,21
36684,B,19.07,2,17
36686,B,10.1,4,22
36693,A,31.62,2,19
36695,B,31.35,1,16
36699,B,63.52,2,23
36707,A,21.87,5,17
36712,B,12.88,2,19
36717,A,123.4,10,23
36720,B,77.7,4,18
36731,A,22.65,1,18
36737,B,31.62,3,19
36740,B,67.2,5,23
36756,A,26.08,7,19
36757,A,80.67,4,23
36764,A,12.9,4,25
36768,B,33.12,3,19
36770,B,9.61,3,21
36780,A,13.17,2,24
36806,A,4.04,5,20
36809,A,72.74,5,16
36810,A,23.11,3,21
36817,A,19.3,4,18
36825,B,24.86,1,33
36828,B,28.84,2,26
36835,B,135.10000000000002,5,21
36851,B,33.17,2,19
36854,B,22.72,4,17
36862,A,10.13,3,21
36866,A,22.4,5,23
36871,B,60.17,2,4
36881,B,11.04,1,24
36886,A,81.67,4,23
36887,A,26.43,5,19
36890,A,21.75,2,26
36913,A,24.54,1,19
36918,A,62.49,4,19
36921,A,14.15,4,15
36935,B,3.32,5,20
36940,B,4.26,3,21
36952,B,7.61,2,19
36955,A,5.64,3,16
36961,A,69.77,5,23
36965,A,33.53,5,20
36969,B,24.22,5,14
36987,A,24.44,1,17
36991,A,17.74,5,24
36995,B,47.45,3,20
37013,A,44.09,5,23
37014,B,56.14,3,16
37027,A,62.2,3,18
37029,B,4.3,2,20
37030,A,23.47,2,5
37036,B,16.42,5,25
37041,A,28.66,3,19
37045,B,76.97,5,22
37050,A,57.95,3,24
37051,B,24.95,5,21
37054,B,54.16,4,29
37067,A,120.12,1,6
37077,A,36.5,1,5
37078,A,29.18,4,20
37092,B,44.39,5,3
37098,B,61.17,3,16
37101,A,26.99,1,21
37104,B,10.13,1,19
37105,B,108.92,2,18
37118,A,18.68,3,13
37132,B,12.23,5,15
37136,A,61.71,1,21
37143,A,59.39,4,18
37145,A,26.45,4,20
37158,A,13.22,4,27
37169,B,17.96,1,26
37171,B,58.7,5,21
37188,A,140.34,9,26
37191,A,59.1,3,21
37198,B,23.7,5,21
37200,B,19.1,4,5
37204,B,14.51,2,14
37207,B,39.29,4,23
37219,A,25.2,2,13
37220,A,17.34,3,17
37225,B,41.73,2,22
37230,B,31.6,2,15
37231,B,47.06,2,20
37233,B,34.84,5,20
37242,A,42.31,3,4
37247,A,33.12,4,18
37266,B,66.0,1,27
37268,B,12.4,2,20
37270,B,56.14,2,20
37275,B,46.71,5,21
37276,B,35.1,5,20
37277,B,9.24,3,22
37278,A,38.43,2,21
37292,A,17.82,4,22
37298,A,29.94,2,17
37307,B,48.13,1,18
37310,A,32.82000000000001,9,18
37315,B,33.23,5,3
37323,A,28.94,1,18
37325,B,89.83,2,22
37328,B,51.52,4,21
37332,B,19.24,5,16
37341,A,9.84,4,22
37346,B,42.94,3,19
37354,A,20.96,1,23
37356,B,68.44,1,20
37365,A,41.89,4,22
37372,A,35.79,2,22
37374,B,44.55,3,23
37380,B,46.6,4,19
37385,B,52.44,2,18
37391,A,94.24,1,15
37392,A,41.55,3,18
37393,A,68.5,3,23
37395,B,21.49,10,18
37396,B,19.78,5,23
37398,B,48.41,7,22
37402,B,39.92,1,17
37406,A,42.39,6,21
37411,A,13.36,5,15
37415,B,47.23,3,19
37416,A,33.47,1,25
37424,A,20.68,2,17
37429,A,19.05,2,17
37448,A,52.81,2,14
37453,A,77.66,3,22
37459,A,16.33,5,22
37466,B,43.55,3,20
37467,A,31.56,1,23
37469,A,48.34,3,18
37470,A,15.0,2,23
37500,B,5.68,2,16
37502,B,46.22,5,17
37515,A,29.42,2,23
37518,A,71.53,2,23
37535,B,47.19,1,29
37552,B,23.28,4,21
37557,A,33.67,5,21
37567,A,37.89,5,15
37570,B,48.35,4,23
37571,B,67.87,4,25
37573,B,45.77,1,20
37576,A,26.51,5,25
37586,A,29.2,4,20
37590,B,105.46,2,24
37600,A,25.54,5,25
37601,A,6.37,3,18
37611,A,23.12,1,8
37612,A,12.48,5,16
37614,A,11.63,3,18
37618,B,21.38,5,20
37623,A,15.9,5,23
37640,A,18.63,5,18
37643,A,4.6,2,28
37652,A,49.05,4,19
37656,A,9.11,1,6
37657,A,15.05,1,18
37660,A,74.96000000000001,8,22
37661,B,86.44,5,15
37671,B,43.21,4,4
37675,A,47.36,2,20
37677,A,24.52,3,29
37678,A,23.81,5,14
37680,A,7.31,5,19
37682,B,29.34,3,21
37686,A,53.84,5,20
37687,B,43.6,5,20
37692,A,19.98,2,24
37718,B,51.69,8,26
37720,B,22.4,2,15
37721,A,73.27,4,16
37722,A,12.81,3,22
37730,A,32.65,5,24
37740,B,40.02,5,20
37743,A,58.27,3,27
37750,B,65.13,5,25
37754,A,70.97,3,24
37776,B,29.19,2,15
37777,B,29.86,5,19
37786,B,9.39,4,25
37790,B,2.16,3,21
37810,B,18.89,1,25
37811,A,37.65,5,17
37820,A,37.55,4,19
37826,A,62.03,7,19
37842,A,47.12,2,14
37852,B,11.93,5,15
37856,A,14.98,3,27
37857,B,22.32,5,29
37864,A,23.27,3,19
37873,B,9.09,4,18
37877,A,12.35,3,21
37883,A,38.84,2,21
37886,B,15.14,2,22
37896,A,22.57,3,15
37902,A,13.38,5,23
37911,B,17.86,2,22
37935,B,32.12,3,23
37937,B,10.86,3,25
37938,A,26.1,1,19
37949,B,13.56,1,20
37953,A,21.11,5,20
37958,B,34.56,3,25
37965,B,43.73,2,18
37982,A,69.21,11,24
37987,A,32.35,3,18
38005,A,14.56,4,18
38009,A,11.86,5,24
38016,A,24.55,5,21
38036,B,41.95,2,25
38042,A,11.63,3,4
38052,A,13.48,5,18
38066,A,11.12,2,25
38067,B,29.66,4,24
38088,A,18.87,2,23
38099,B,21.64,3,20
38108,B,33.76,4,20
38111,A,15.06,1,16
38119,B,8.66,4,13
38147,B,9.4,5,24
38152,A,34.89,2,22
38154,B,124.18,1,18
38163,B,44.43,4,21
38164,B,114.44000000000001,3,28
38165,B,32.0,4,23
38171,A,36.39,4,25
38173,A,22.82,3,16
38176,A,23.19,1,21
38177,A,49.37,5,24
38190,A,10.94,3,23
38197,A,43.65,2,21
38199,A,36.45,2,17
38204,B,39.87,5,17
38214,A,32.52,4,21
38215,B,7.87,1,20
38259,A,18.6,4,26
38260,A,18.3,1,20
38261,B,29.17,4,25
38268,B,17.97,3,21
38277,A,24.09,5,24
38278,B,19.37,3,18
38280,B,29.1,1,13
38281,A,25.54,1,20
38324,B,61.91,5,22
38327,A,46.02,5,23
38336,B,13.82,1,18
38341,B,38.68,2,22
38346,A,27.8,4,23
38352,B,31.72,4,18
38363,A,30.42,4,23
38373,B,26.28,5,28
38374,B,30.88,2,14
38377,B,24.56,5,23
38380,B,16.43,4,30
38388,B,55.04,1,23
38389,A,34.03,2,17
38393,A,32.65,1,16
38394,A,29.54,4,21
38407,A,24.04,4,23
38409,B,40.66,1,21
38414,B,10.96,5,17
38415,A,82.45,1,27
38425,A,64.84,7,21
38429,A,10.18,4,25
38437,B,45.39,5,14
38438,A,17.92,4,14
38450,A,97.55,4,23
38458,B,46.77,4,2
38461,B,18.49,1,20
38462,A,32.97,4,3
38466,A,29.35,1,18
38470,A,31.28,3,22
38474,B,17.47,4,19
38475,A,12.34,4,20
38480,B,68.28,7,18
38488,B,11.34,1,19
38489,A,20.12,2,17
38490,B,6.29,4,23
38493,A,11.47,1,18
38504,A,29.81,2,24
38521,B,75.57,6,28
38541,A,91.65,4,25
38544,B,35.15,3,22
38545,B,20.56,1,18
38563,A,25.46,1,20
38568,A,30.44,5,23
38569,B,8.88,5,17
38571,B,45.32,6,19
38575,B,20.68,7,22
38594,A,17.71,5,5
38609,A,3.83,5,20
38627,A,79.86,3,18
38647,A,20.14,1,21
38653,B,51.26,5,22
38676,B,53.22,4,18
38677,B,64.49,3,14
38683,B,45.39,5,19
38685,A,6.95,4,16
38688,B,35.26,5,18
38689,B,13.88,2,26
38698,B,63.09,3,21
38699,B,30.09,4,17
38713,A,95.63000000000001,7,20
38721,A,10.87,4,23
38722,A,6.59,6,21
38725,B,8.21,1,20
38727,B,70.67,1,15
38731,B,35.17,1,24
38734,B,45.06,1,23
38738,A,48.77,4,18
38759,B,38.67,5,15
38761,B,4.37,5,22
38763,B,19.55,2,19
38766,A,23.11,5,14
38770,B,94.96,2,19
38807,A,21.22,5,26
38810,B,57.89,1,26
38814,A,15.88,1,21
38821,B,15.12,2,21
38824,A,20.58,5,22
38828,A,4.48,1,24
38833,B,3.22,3,16
38837,B,50.6,5,17
38839,B,34.3,3,23
38849,B,22.55,5,26
38854,B,38.78,1,23
38855,A,43.85,2,20
38887,B,24.29,3,14
38888,A,64.41,11,22
38896,B,39.93,1,22
38898,A,51.3,1,26
38899,A,20.61,5,26
38924,B,91.62,5,24
38925,B,7.03,4,21
38937,A,79.52,3,25
38938,B,42.68,1,19
38941,B,21.2,3,22
38943,B,52.51,3,19
38946,A,10.45,2,5
38949,B,41.45,3,23
38953,B,31.93,1,21
38968,B,33.84,1,23
38971,A,33.49,5,26
38973,B,28.65,4,20
38974,B,14.89,4,22
38975,B,67.86,2,24
38978,B,36.85,2,18
38984,A,30.41,7,21
38996,B,32.78,5,27
39003,A,31.93,4,28
39009,B,81.49000000000001,5,22
39021,A,88.0,2,20
39022,A,10.87,3,26
39029,B,11.35,5,21
39030,A,27.57,1,13
39035,B,82.26,2,21
39036,A,22.42,1,19
39037,A,13.18,3,24
39040,B,46.86,1,20
39044,A,27.08,1,24
39047,B,19.41,5,22
39057,B,37.53,1,22
39074,B,49.04,1,23
39076,A,41.52,1,6
39078,A,49.57,5,19
39084,A,15.82,3,25
39088,A,20.7,4,25
39092,B,44.199999999999996,7,21
39094,B,21.81,2,20
39107,B,46.21,1,18
39109,A,12.84,4,20
39135,B,41.07,5,15
39139,A,24.78,5,21
39142,A,34.7,5,23
39153,B,8.79,5,22
39158,A,18.38,5,18
39161,A,54.51,3,25
39164,B,21.75,3,20
39168,B,9.99,4,26
39169,A,32.21,3,18
39171,B,70.18,4,15
39172,B,2.54,5,25
39182,A,43.54,1,34
39183,A,23.42,4,21
39190,B,80.98,5,13
39199,A,33.17,2,22
39207,B,24.45,2,24
39212,A,30.19,5,21
39215,A,72.85,4,22
39220,B,37.15,2,16
39227,A,37.07,4,18
39234,A,17.77,4,15
39238,B,82.86,1,2
39242,A,53.97,5,20
39254,A,17.25,1,14
39261,B,40.39,2,19
39262,B,47.79,3,20
39268,A,46.54,1,22
39271,B,40.76,2,19
39276,B,10.0,3,19
39281,A,30.78,4,20
39283,B,0.49,5,17
39292,A,49.0,2,24
39295,B,8.85,1,22
39301,A,9.24,5,16
39302,B,16.81,1,25
39306,B,24.73,3,19
39315,B,56.45,4,25
39323,B,20.24,5,25
39332,A,43.33,5,20
39349,A,47.7,6,19
39361,B,61.36,2,19
39363,B,23.55,1,15
39365,A,22.9,5,18
39369,A,32.41,5,18
39370,A,62.02,5,24
39378,B,24.07,5,16
39389,A,20.12,3,24
39391,A,6.09,5,20
39392,A,26.08,5,22
39393,B,32.2,3,22
39410,B,20.05,1,28
39433,B,40.82,5,18
39434,B,34.34,5,27
39436,B,8.3,3,16
39438,A,62.7,3,23
39440,A,52.06,4,17
39442,B,26.95,4,20
39449,A,31.12,2,22
39455,B,30.3,1,19
39460,A,10.05,5,3
39464,B,49.989999999999995,4,21
39465,A,19.66,1,23
39466,A,9.19,1,25
39470,B,13.59,3,11
39473,A,55.37,3,17
39503,A,35.5,5,29
39505,B,51.54,1,19
39508,A,67.93,3,21
39513,B,174.84,10,20
39514,B,41.89,4,19
39517,B,28.15,3,16
39519,B,16.86,1,24
39530,A,10.96,1,22
39557,A,45.37,6,16
39563,A,141.42000000000002,9,20
39578,A,12.73,4,21
39582,B,59.19,3,21
39593,A,26.07,1,20
39602,B,19.22,5,21
39611,B,29.08,3,24
39633,A,62.08,1,22
39638,A,44.53,4,30
39658,A,32.61,6,25
39663,B,3.33,1,22
39664,B,28.5,4,19
39667,B,16.35,1,28
39671,A,23.51,4,23
39673,B,24.25,3,21
39679,B,6.74,2,20
39681,B,33.45,5,20
39682,A,27.25,5,21
39686,A,16.65,4,26
39688,A,19.03,4,20
39689,B,35.88,5,16
39690,B,18.68,5,24
39691,A,10.85,3,15
39693,A,36.85,2,23
39712,B,19.99,3,32
39717,B,33.91,2,17
39727,B,16.36,3,24
39729,A,3.24,5,22
39732,B,54.52,1,15
39738,A,18.46,1,19
39742,A,68.56,3,27
39746,A,23.35,2,25
39753,A,47.95,4,19
39755,A,55.86,7,18
39759,B,21.53,2,22
39787,A,39.21,4,17
39790,B,12.76,1,20
39797,A,14.66,5,22
39811,A,18.54,3,24
39812,B,11.19,3,22
39822,A,10.33,5,23
39825,A,10.33,5,26
39827,A,15.98,5,25
39836,A,27.82,5,23
39845,A,20.58,2,24
39851,A,35.27,1,26
39852,A,32.39,1,21
39864,A,15.2,2,19
39867,A,19.62,3,15
39877,B,27.24,3,21
39887,B,14.9,5,28
39889,B,34.41,4,20
39890,B,8.35,5,20
39892,A,96.5,13,20
39894,B,50.18,5,17
39900,B,37.32,4,24
39904,A,16.27,3,17
39908,B,32.37,2,26
39916,B,50.54,5,26
39928,A,21.9,4,19
39934,A,81.89,1,22
39939,A,41.53,4,3
39949,A,73.05,1,19
39952,B,29.69,3,23
39956,B,29.93,3,20
39957,B,31.96,5,24
39959,B,40.51,3,27
39960,B,37.0,5,17
39962,A,14.28,5,17
39963,B,27.3,2,23
39967,B,39.01,5,20
39976,A,17.46,1,23
39992,B,14.23,4,16
39997,A,3.43,5,18
39998,B,22.28,5,19
40008,A,14.93,2,23
40012,A,42.52,1,27
40016,B,26.98,1,23
40022,B,26.84,5,24
40024,B,45.58,3,19
40027,A,21.13,3,17
40029,A,24.73,4,22
40030,B,16.09,5,22
40032,A,20.17,1,21
40044,B,32.68,4,24
40054,A,24.8,4,26
40057,B,11.32,1,25
40058,A,55.08,5,23
40061,B,10.19,1,17
40073,A,41.49,6,22
40080,B,5.58,5,13
40097,A,19.2,4,29
40099,B,37.97,5,22
40110,B,24.35,2,17
40111,B,13.31,4,26
40115,B,59.7,1,16
40122,B,18.23,5,21
40131,B,46.09,2,28
40132,A,10.61,5,28
40137,B,46.87,5,23
40145,B,8.54,4,22
40150,A,78.17,3,22
40154,B,60.2,4,28
40159,B,45.79,4,26
40177,A,25.91,4,23
40183,B,20.79,5,19
40186,B,13.26,1,19
40190,A,24.97,3,19
40197,A,27.09,3,26
40202,B,26.56,1,25
40206,A,44.69,3,16
40214,A,14.88,2,22
40223,B,17.87,3,23
40252,B,14.41,3,24
40255,A,27.6,3,24
40262,A,17.59,2,21
40273,A,23.12,4,28
40275,A,7.5,5,16
40282,A,27.53,1,3
40303,A,19.18,2,21
40305,B,37.62,4,23
40307,A,10.17,3,18
40312,B,54.05,3,24
40315,B,24.44,1,17
40327,A,91.76,2,23
40332,A,50.15,3,23
40342,B,28.45,4,22
40346,A,17.06,1,18
40351,B,45.35,5,19
40358,B,8.05,1,19
40360,A,7.02,2,21
40368,A,39.62,3,15
40375,B,66.32,4,18
40381,B,28.69,2,18
40385,B,43.489999999999995,2,28
40387,B,84.64,5,22
40392,B,12.21,1,10
40402,B,5.25,5,16
40403,A,43.15,4,20
40418,A,39.4,4,20
40419,B,10.39,1,17
40425,A,10.16,4,23
40429,A,5.74,5,24
40433,B,22.26,1,25
40438,A,63.85,4,16
40455,A,85.79,5,19
40456,A,65.66,1,16
40462,B,67.84,3,20
40474,B,9.51,4,19
40477,B,48.269999999999996,8,18
40479,B,68.53999999999999,5,18
40482,B,34.86,5,23
40499,B,64.94,5,26
40501,A,9.57,5,23
40517,A,72.77,2,20
40520,B,36.120000000000005,4,28
40522,A,28.28,4,23
40533,A,70.07,8,24
40535,B,1.66,2,21
40544,B,74.4,4,20
40548,B,27.01,4,20
40550,B,24.17,4,23
40552,B,23.69,4,25
40554,A,13.81,3,17
40560,A,16.16,4,18
40562,A,25.18,3,19
40567,B,38.03,4,18
40573,B,28.59,1,22
40589,B,15.82,2,21
40592,A,87.31,3,24
40595,A,28.54,4,11
40609,B,18.62,1,18
40614,B,19.09,4,14
40618,A,61.13,5,20
40619,A,12.15,1,18
40623,A,25.64,6,26
40624,A,9.91,2,22
40631,A,76.74000000000001,6,23
40636,A,4.58,4,20
40637,A,35.3,4,21
40640,B,16.81,1,19
40641,A,32.66,2,22
40647,B,4.74,5,19
40654,B,8.99,5,22
40655,A,55.120000000000005,4,17
40669,B,22.6,2,30
40708,B,43.07,3,18
40719,A,14.29,4,20
40726,B,19.82,4,19
40727,B,33.35,3,22
40731,B,10.07,2,15
40739,A,18.64,5,22
40740,B,14.74,3,21
40745,A,14.66,1,16
40747,A,33.3,2,17
40755,B,100.04,4,21
40757,A,52.47,1,16
40764,B,107.0,2,18
40773,A,41.64,3,14
40797,B,57.3,2,20
40803,A,46.98,2,22
40805,B,10.93,4,26
40807,A,58.699999999999996,4,16
40809,B,38.69,7,31
40813,B,4.58,5,21
40816,A,27.23,6,22
40823,A,36.05,1,20
40828,B,58.45,1,16
40830,A,56.92999999999999,4,22
40833,A,31.34,2,18
40841,B,80.28,9,20
40843,A,25.62,4,17
40844,B,103.57,7,17
40845,B,18.13,2,19
40859,A,43.05,3,26
40874,B,6.89,3,22
40875,B,28.39,2,21
40878,B,43.17,9,17
40887,A,15.86,3,26
40889,A,12.5,5,4
40896,B,106.21,1,25
40898,B,100.98,3,20
40899,A,24.88,1,23
40901,B,35.61,1,19
40902,A,34.77,4,18
40914,B,31.87,4,24
40916,B,14.13,1,20
40923,B,100.79,5,20
40934,B,67.17,1,20
40941,A,41.43,1,20
40943,A,50.92,1,19
40949,B,54.4,5,15
40952,A,46.25,4,22
40961,B,56.4,2,25
40969,B,51.56,5,23
40971,A,42.38,7,18
40974,A,26.78,1,21
40983,B,1.35,4,22
41012,A,34.9,7,26
41018,A,43.68,5,28
41050,A,58.01,5,15
41056,B,69.25,3,24
41058,A,37.4,5,22
41064,A,14.26,2,2
41074,A,10.78,2,19
41079,B,42.64,4,17
41091,A,67.6,3,23
41104,A,21.07,4,20
41105,B,50.3,5,16
41108,B,52.61,3,16
41125,A,77.41,6,22
41127,A,26.55,5,18
41144,B,35.31,5,18
41147,A,23.7,3,23
41149,B,17.49,4,20
41160,B,14.95,4,18
41169,A,60.42,2,20
41172,A,84.57,7,26
41189,A,19.28,2,25
41196,A,50.04,2,15
41198,A,17.73,3,25
41217,B,67.92,3,23
41219,A,28.31,5,23
41220,A,31.03,5,26
41224,B,29.61,5,24
41226,B,48.39,1,19
41227,B,67.44,1,15
41229,B,17.0,4,19
41230,A,23.86,3,17
41246,A,37.89,3,5
41274,B,18.11,1,23
41283,A,76.52,5,22
41289,A,29.07,2,23
41294,A,26.0,2,18
41312,A,16.89,5,18
41321,B,36.21,4,19
41340,A,53.0,4,28
41344,B,7.2,2,25
41352,A,17.8,5,26
41367,A,79.78999999999999,7,20
41368,A,30.93,2,22
41369,B,51.9,1,20
41376,B,5.75,4,15
41377,B,16.54,4,23
41381,A,10.8,2,18
41383,A,27.53,3,19
41387,A,68.07,5,21
41392,A,0.85,5,21
41397,B,44.74,7,19
41398,B,25.85,4,18
41415,B,132.25,10,22
41439,A,37.96,4,23
41442,B,117.09,1,22
41445,A,19.37,4,25
41447,A,17.85,4,21
41451,B,61.11,1,27
41457,B,56.01,2,21
41459,B,76.18,2,27
41468,A,43.35,3,23
41470,A,22.1,4,21
41480,A,46.39,3,16
41482,A,16.93,1,13
41484,A,14.12,4,21
41495,B,31.72,3,20
41498,A,24.43,1,26
41501,B,33.76,5,20
41505,A,21.81,2,13
41509,A,31.22,5,15
41514,A,6.0,1,22
41528,A,25.12,3,17
41537,A,51.61,7,24
41548,B,63.27,1,24
41586,B,7.61,4,17
41588,A,104.92,2,24
41591,B,17.3,4,19
41592,B,10.33,2,23
41599,B,29.69,2,20
41607,B,21.98,4,21
41615,A,13.05,2,25
41617,B,46.28,5,12
41621,B,82.05,3,18
41625,A,16.17,2,18
41634,B,1.54,5,18
41637,A,20.21,2,22
41644,A,18.82,3,22
41645,A,38.43,1,21
41651,A,39.31,5,25
41657,A,31.37,1,19
41659,A,33.16,4,21
41660,B,39.97,3,24
41666,A,32.53,2,26
41672,A,6.22,1,27
41686,A,34.04,5,25
41690,B,41.91,1,17
41699,B,23.24,1,22
41702,A,36.3,3,21
41704,A,24.49,3,22
41710,A,70.01,2,16
41713,B,20.810000000000002,5,22
41717,A,10.95,4,15
41730,A,42.42,3,23
41736,A,25.19,3,21
41737,B,24.59,5,22
41744,B,19.37,4,23
41749,B,23.06,5,24
41750,B,19.22,1,20
41755,A,11.94,4,24
41761,B,73.58,8,24
41762,A,25.24,4,24
41777,B,3.34,5,22
41782,B,11.04,1,18
41792,B,35.53,5,19
41796,B,91.65,4,18
41798,B,70.67,4,22
41805,A,4.25,3,24
41812,B,18.87,3,17
41817,B,23.85,3,21
41824,B,13.1,1,19
41826,B,14.55,3,22
41827,A,23.81,3,24
41828,A,6.35,1,22
41845,A,19.44,1,22
41858,B,41.77,4,16
41861,A,8.13,2,4
41865,B,16.27,5,19
41877,B,23.16,2,23
41880,A,60.61,3,17
41882,B,51.99,3,23
41883,A,75.03,4,27
41897,B,49.53,1,15
41900,B,50.55,3,21
41901,B,42.54,2,26
41911,A,22.99,1,25
41916,B,20.57,4,22
41926,B,4.78,3,29
41928,B,44.05,2,28
41932,B,20.94,2,20
41937,A,26.39,2,27
41943,A,30.59,3,19
41944,A,12.01,4,22
41945,A,33.17,5,24
41950,B,10.93,2,25
41960,A,16.2,1,26
41964,A,144.48000000000002,8,24
41965,B,45.19,4,28
41966,B,21.07,5,27
41971,B,35.33,2,17
41977,A,27.58,5,23
41978,A,12.91,3,19
41987,B,4.47,1,21
41988,A,77.55000000000001,11,21
41990,B,21.01,5,21
42012,B,23.05,1,18
42026,A,32.79,5,25
42035,B,27.51,3,29
42036,B,39.7,3,22
42044,B,9.43,4,28
42052,A,47.07,1,24
42055,A,20.99,3,24
42063,B,58.24,3,16
42070,B,69.99,1,4
42071,A,27.02,3,17
42074,A,81.37,1,27
42084,A,23.16,2,20
42093,B,6.72,2,3
42098,A,29.13,1,26
42105,A,2.42,2,20
42106,B,29.26,5,25
42110,B,45.58,4,17
42120,A,10.4,5,25
42132,A,14.88,5,21
42139,A,47.44,4,20
42142,B,5.9,4,21
42145,A,25.88,1,25
42149,B,23.2,4,21
42151,A,69.52,1,17
42156,B,22.57,3,16
42168,B,32.58,1,28
42173,B,15.84,5,25
42175,B,28.92,2,25
42178,B,5.48,1,27
42179,A,72.76,5,20
42187,B,4.24,5,18
42194,A,59.66,1,25
42201,B,13.08,2,19
42212,B,49.63,5,28
42215,A,8.59,2,29
42220,B,32.76,5,19
42222,B,30.94,1,28
42223,A,9.14,4,28
42225,A,49.25,3,22
42230,B,8.81,4,19
42239,A,33.11,10,18
42240,B,20.35,3,20
42242,A,58.56,1,23
42248,B,64.59,4,27
42253,A,35.61,1,27
42254,A,46.16,2,22
42257,B,40.27,1,18
42259,A,23.33,2,20
42270,A,14.58,5,16
42273,B,26.31,5,21
42288,B,17.41,5,19
42292,A,18.73,4,26
42299,B,24.43,2,22
42301,B,50.53,1,18
42303,B,76.34,4,19
42305,B,114.53999999999999,5,24
42309,A,33.48,3,20
42311,A,2.4,5,26
42329,A,51.74,4,21
42340,A,43.24,5,19
42360,B,35.31,3,17
42362,A,7.48,3,17
42367,B,64.64,5,19
42372,A,55.41,4,22
42379,A,25.84,2,22
42385,B,11.84,2,16
42386,A,25.08,1,21
42387,A,57.73,4,19
42407,A,25.33,1,23
42411,B,47.38,4,19
42418,A,48.2,3,22
42419,B,18.95,3,24
42428,B,81.03,5,23
42430,A,121.27,4,27
42450,A,9.61,3,19
42451,B,1.05,3,23
42455,B,12.79,3,23
42458,B,54.27,1,25
42460,A,37.65,3,29
42479,B,31.99,4,17
42487,B,66.46,3,20
42500,B,25.9,4,21
42502,B,12.84,2,21
42509,B,17.09,3,20
42513,B,9.76,3,20
42514,B,40.96,2,14
42520,B,32.58,5,24
42522,A,31.59,1,20
42528,A,28.5,3,21
42533,B,16.23,5,23
42538,A,5.61,4,19
42555,A,45.42,4,24
42559,B,42.04,1,22
42573,A,43.18,4,23
42581,A,55.5,10,29
42584,B,13.75,3,19
42588,B,77.35,2,22
42591,A,39.93,5,25
42594,A,66.1,2,19
42598,A,50.57,2,20
42616,B,67.23,5,14
42624,B,16.96,5,25
42639,B,107.08,2,21
42644,B,15.87,2,21
42646,B,82.5,2,21
42650,A,12.59,1,22
42660,A,17.36,1,17
42663,A,36.23,1,23
42665,A,5.08,2,19
42667,B,20.86,4,21
42675,B,31.44,2,16
42676,A,5.4,4,5
42678,A,30.2,3,15
42684,A,17.41,3,21
42685,A,14.67,5,3
42686,B,59.06,5,27
42690,A,10.51,4,18
42700,A,76.15,3,17
42706,B,27.29,5,15
42710,B,39.73,3,19
42720,B,53.41,5,22
42721,B,74.38,7,24
42722,A,10.98,1,20
42725,B,22.93,2,24
42734,B,31.79,2,25
42743,A,64.61,3,18
42744,B,84.81,5,28
42745,A,102.83,7,23
42752,A,16.98,1,18
42756,A,55.59,3,29
42761,B,45.26,2,18
42765,B,39.76,2,20
42767,B,58.33,5,25
42768,A,43.95,4,25
42776,A,7.76,2,27
42790,A,27.56,6,23
42793,B,27.96,1,21
42797,B,38.89,1,24
42800,B,30.48,2,19
42807,B,51.38,3,22
42812,B,54.18,4,23
42819,A,8.82,5,20
42820,A,20.34,1,21
42826,B,55.24,2,21
42837,A,21.34,4,17
42840,B,33.3,5,22
42841,A,12.34,2,15
42847,B,39.49,3,18
42850,B,32.22,2,17
42864,B,29.63,2,22
42871,B,47.02,4,23
42872,B,14.36,5,21
42877,A,37.12,4,22
42879,B,26.44,1,22
42882,A,5.78,1,7
42884,A,55.77,7,19
42888,B,47.87,1,19
42893,A,24.17,3,24
42895,B,42.36,5,27
42896,A,18.57,2,18
42903,A,49.27,3,17
42906,B,69.03,3,17
42919,A,2.5,3,28
42920,B,24.67,1,14
42923,B,5.55,5,19
42924,B,28.39,7,21
42928,A,78.04,3,7
42932,B,30.119999999999997,8,17
42934,B,132.18,6,20
42936,A,78.14,2,17
42943,A,44.84,5,22
42947,B,16.75,5,22
42954,B,23.93,2,19
42955,A,25.89,5,25
42962,A,62.85,1,26
42971,A,17.1,4,24
42977,A,14.48,3,23
42990,A,60.65,5,28
42996,B,31.03,1,19
42998,B,12.4,4,19
42999,B,52.480000000000004,5,27
43001,A,33.129999999999995,6,16
43007,B,70.49000000000001,6,30
43027,A,23.03,1,21
43030,B,21.22,4,20
43031,A,24.27,4,25
43035,A,21.83,4,6
43045,B,15.35,4,19
43048,B,34.77,4,21
43053,A,28.26,3,16
43056,B,30.860000000000003,3,14
43063,B,14.88,4,25
43084,B,85.97,4,23
43095,A,43.81,1,21
43103,A,6.12,1,19
43107,B,15.02,1,20
43124,B,32.73,5,21
43133,A,71.85,5,21
43149,A,43.88,1,23
43159,A,13.98,5,15
43161,A,27.46,3,20
43163,A,14.46,4,20
43168,A,17.98,4,16
43179,A,4.48,2,22
43182,A,2.94,4,23
43185,B,10.47,5,21
43192,B,27.17,4,18
43199,B,90.84,3,24
43201,A,24.13,1,25
43206,B,20.82,5,19
43212,A,26.59,3,23
43213,A,12.54,2,19
43218,B,11.92,4,29
43220,B,5.89,3,19
43223,B,32.02,5,23
43231,B,149.69,12,21
43233,A,33.64,3,19
43244,A,7.66,3,23
43246,B,52.06,4,21
43248,B,57.32,3,33
43249,B,19.25,1,25
43258,B,23.48,2,13
43265,A,5.4,4,21
43270,A,53.54,1,21
43272,B,4.51,4,21
43274,A,62.55,3,21
43282,A,20.54,5,24
43283,B,22.31,4,22
43285,B,19.84,5,28
43289,B,42.66,7,20
43293,B,20.07,3,18
43300,A,40.74,2,20
43309,B,25.22,2,23
43311,A,91.59,1,24
43315,B,14.24,3,22
43329,B,38.83,3,21
43334,B,46.14,1,16
43343,B,27.75,1,22
43354,B,42.95,2,22
43361,B,16.21,2,27
43372,B,94.77,3,21
43374,B,26.0,4,22
43386,A,26.2,2,16
43387,B,34.15,4,22
43395,A,19.19,5,3
43404,A,52.089999999999996,5,19
43415,A,20.38,4,26
43416,B,56.66,1,24
43419,B,0.44,3,19
43422,A,25.11,5,21
43428,B,11.06,4,27
43431,A,27.1,3,16
43434,A,12.76,1,26
43438,B,10.22,4,22
43442,B,17.44,4,25
43458,B,23.91,2,19
43472,A,62.2,5,19
43475,B,54.23,4,22
43477,A,39.53,2,20
43479,A,24.12,5,22
43482,A,57.69,3,22
43483,A,9.96,5,15
43485,A,30.97,1,23
43492,B,39.36,4,17
43497,A,21.34,1,20
43502,A,13.18,1,24
43503,B,14.52,2,17
43511,B,94.22,3,24
43513,B,45.93,5,21
43514,B,3.69,2,19
43517,B,3.63,1,26
43536,A,12.59,1,19
43548,B,26.4,5,18
43556,B,79.44,2,27
43571,B,93.22,1,18
43580,B,31.51,2,23
43587,B,20.61,4,18
43589,B,56.85,3,29
43598,B,14.95,4,18
43612,A,24.75,4,19
43623,A,23.53,4,20
43624,A,6.42,3,19
43625,B,36.78,1,31
43636,B,28.13,5,19
43645,A,26.95,4,20
43649,A,59.09,3,26
43651,A,25.54,5,21
43656,B,17.83,3,23
43661,B,13.97,1,22
43663,A,1.8,3,24
43665,B,23.76,3,19
43677,B,85.14000000000001,9,31
43683,B,56.98,2,20
43696,B,6.32,3,27
43711,B,18.67,5,23
43713,A,83.92,1,14
43724,B,15.17,1,25
43725,A,14.55,1,21
43740,A,14.73,2,26
43742,B,12.3,3,19
43743,B,7.59,3,4
43751,B,30.64,5,19
43752,A,73.63,8,21
43760,A,41.55,1,24
43761,B,31.3,5,21
43762,B,49.93,3,23
43770,B,55.7,3,22
43776,A,39.46,2,3
43779,B,52.77,1,28
43781,A,23.47,2,21
43794,B,16.11,3,24
43799,A,47.02,5,18
43804,B,25.39,2,21
43810,A,5.85,5,17
43812,A,16.29,1,17
43821,A,6.72,2,17
43832,A,24.69,5,21
43835,A,47.300000000000004,6,13
43841,A,27.1,1,28
43849,B,12.91,2,19
43850,A,23.29,5,25
43855,A,18.18,2,24
43856,A,25.8,2,26
43859,A,20.88,5,5
43865,A,2.08,1,20
43871,A,17.67,4,22
43875,A,30.33,4,25
43876,A,69.62,1,18
43880,A,12.92,4,25
43886,A,13.0,1,6
43893,B,42.34,2,18
43898,A,86.58,6,23
43900,A,29.96,2,14
43902,A,36.72,4,23
43909,A,88.07,1,19
43911,A,77.00999999999999,8,30
43912,A,13.34,4,22
43921,A,32.45,2,18
43922,A,28.5,1,25
43927,B,8.11,1,18
43930,B,9.98,5,18
43940,A,23.94,3,21
43945,A,50.71,1,22
43958,B,102.02,7,24
43959,B,124.45,8,27
43960,B,13.18,2,17
43961,A,63.27,1,21
43968,A,11.58,2,4
43971,B,9.86,5,24
43974,B,21.11,2,24
43985,B,17.34,3,28
43986,A,70.2,3,21
43988,B,12.4,1,23
43989,A,72.67,1,21
43997,B,24.8,3,3
44000,B,45.88,3,24
44004,B,52.55,3,17
44015,A,26.52,5,25
44019,B,103.19,7,19
44024,A,34.61,5,24
44027,B,32.62,1,21
44032,B,24.59,3,22
44037,A,50.42,5,26
44045,A,32.94,5,27
44046,B,75.38,4,18
44051,B,6.3,5,2
44052,B,31.61,3,22
44054,A,20.82,1,15
44068,B,40.730000000000004,7,20
44070,A,25.26,5,24
44076,A,12.02,4,7
44085,A,10.81,3,18
44088,A,3.91,2,21
44091,B,21.45,2,20
44092,B,52.69,3,21
44100,A,10.46,5,24
44104,A,40.17,3,30
44108,B,6.77,3,27
44110,B,14.33,4,18
44115,A,41.33,3,21
44116,A,3.42,2,17
44124,B,25.8,5,17
44127,A,20.15,3,19
44132,B,25.6,4,20
44137,B,28.93,5,17
44145,A,13.6,4,18
44146,A,43.05,1,21
44148,A,11.18,4,19
44153,A,12.16,3,17
44169,B,103.07,1,21
44177,A,31.34,2,26
44179,A,15.0,4,21
44187,B,7.87,3,16
44195,A,25.34,3,26
44202,A,65.27,8,25
44210,B,28.41,2,25
44214,A,17.01,5,16
44216,B,40.79,3,4
44224,A,41.35,4,16
44228,B,113.74,5,24
44239,B,16.33,4,15
44240,B,105.34,1,17
44249,B,17.01,2,19
44250,A,24.83,1,22
44258,B,39.22,4,22
44260,B,45.12,2,13
44266,A,59.88,2,17
44286,A,13.97,5,30
44290,B,36.7,5,24
44295,A,5.08,2,22
44299,B,70.88,1,19
44324,B,7.93,1,24
44327,B,33.58,4,19
44350,A,41.16,1,4
44352,A,14.34,2,19
44379,B,71.37,2,18
44380,A,22.49,2,23
44382,B,10.33,3,18
44400,A,44.02,3,22
44401,B,65.15,1,15
44402,A,37.29,9,24
44409,A,68.56,5,25
44410,B,22.2,2,19
44427,B,84.05,3,23
44443,B,20.92,5,21
44476,A,86.47,5,17
44479,A,22.48,2,24
44481,B,19.6,5,22
44482,B,9.53,4,18
44491,B,53.2,5,23
44499,A,8.63,1,26
44502,A,12.95,4,25
44503,B,13.49,4,22
44506,A,43.93,3,24
44512,B,6.87,2,4
44521,B,58.04,5,20
44530,A,19.91,4,17
44549,A,20.73,2,22
44556,B,47.47,1,23
44558,B,36.27,3,20
44564,B,57.7,4,19
44565,A,15.99,2,14
44568,B,34.75,2,24
44571,A,30.19,2,19
44572,B,93.53999999999999,9,20
44574,B,16.28,2,5
44576,A,14.46,5,29
44578,A,12.07,4,17
44583,A,51.19,6,20
44588,A,35.95,4,20
44592,A,103.69,7,21
44595,B,26.79,3,23
44602,A,3.36,3,23
44603,B,73.59,5,23
44606,A,71.87,4,17
44615,B,107.69,5,19
44623,A,30.13,3,18
44626,B,57.7,2,24
44628,A,39.08,5,22
44656,B,11.89,1,26
44657,B,45.02,3,19
44664,A,37.03,5,21
44666,B,64.19,5,22
44675,A,22.59,4,21
44690,A,28.45,1,25
44703,A,11.89,1,24
44708,B,54.0,1,18
44714,A,36.04,2,26
44717,A,34.54,2,25
44731,A,24.13,4,20
44735,B,29.32,2,23
44736,A,40.42,1,24
44742,B,13.03,3,28
44749,A,35.16,3,28
44751,B,62.75,3,26
44752,B,23.1,5,15
44755,A,14.6,2,19
44758,B,47.4,5,22
44771,A,25.75,3,18
44775,A,18.24,5,23
44776,A,22.39,5,26
44783,A,29.33,3,18
44792,A,18.11,4,19
44796,A,24.43,5,24
44800,A,14.81,5,28
44801,B,9.79,1,25
44816,A,41.45,2,26
44831,A,53.21,4,24
44833,B,11.93,1,16
44852,B,63.76,4,21
44854,B,38.96,5,23
44856,A,75.0,7,15
44860,B,4.63,1,17
44863,A,25.36,4,18
44869,B,45.419999999999995,8,17
44872,A,26.55,2,20
44877,A,14.5,5,29
44880,A,29.3,2,20
44882,A,14.78,4,25
44889,B,35.17,3,28
44892,A,0.94,4,30
44894,B,3.57,1,19
44920,A,12.17,3,19
44922,A,39.17,4,21
44930,A,35.89,3,18
44938,A,55.41,1,18
44940,A,16.4,5,18
44971,B,57.67,7,19
44978,B,32.45,4,16
44981,B,7.85,3,24
44986,B,63.85,3,21
44993,A,18.13,4,11
44994,A,27.16,4,19
44996,A,20.12,3,23
44997,A,65.09,1,17
45002,B,15.52,5,25
45004,B,89.87,7,24
45013,A,31.84,2,24
45019,A,44.16,3,28
45020,B,17.31,3,22
45023,B,10.95,4,23
45026,A,18.92,2,19
45029,A,13.7,4,22
45044,A,30.82,1,23
45047,B,29.03,2,24
45061,A,49.04,3,25
45062,A,37.3,1,21
45066,B,59.6,2,18
45079,B,25.66,4,16
45086,A,49.19,3,22
45087,B,13.05,2,21
45090,A,4.48,2,27
45092,B,52.98,5,21
45096,B,46.9,5,24
45102,B,10.99,2,25
45105,A,14.08,5,20
45112,A,23.73,2,17
45121,A,40.7,1,18
45125,A,62.29,2,25
45130,B,5.29,5,21
45137,B,7.66,2,17
45145,A,11.86,1,22
45153,A,1.8,1,22
45155,B,10.61,1,26
45157,A,67.8,5,27
45166,B,57.91,5,18
45176,A,42.33,4,21
45178,B,43.14,6,28
45180,A,5.58,2,23
45185,B,30.91,3,26
45194,B,29.18,4,15
45200,A,17.9,4,23
45205,A,37.72,3,19
45232,B,24.85,2,13
45233,A,11.5,5,24
45238,A,50.99,2,20
45249,B,30.06,3,23
45258,B,27.11,4,15
45260,B,72.22,5,19
45266,B,47.25,5,17
45270,A,13.01,3,23
45280,B,22.83,3,21
45287,A,7.64,5,6
45288,A,63.89,3,23
45290,B,28.64,2,23
45294,B,31.85,3,21
45305,B,33.79,4,19
45311,A,17.92,4,25
45317,A,18.07,3,24
45318,A,29.36,4,25
45338,A,27.93,3,17
45341,B,22.35,1,22
45354,A,41.7,2,21
45370,A,16.45,5,21
45383,A,11.76,4,26
45385,B,14.92,2,21
45394,A,77.95,5,17
45402,A,7.5,3,18
45407,A,36.38,4,23
45411,A,33.48,5,23
45412,A,12.22,3,16
45417,B,31.2,4,20
45430,B,30.46,1,24
45437,B,27.15,4,24
45444,B,63.58,1,24
45451,B,60.97,2,27
45453,B,16.25,5,24
45461,B,33.03,1,20
45462,A,100.92,2,16
45463,A,14.11,4,14
45464,A,66.66,5,27
45465,B,122.05,3,24
45471,A,22.06,2,23
45474,A,2.01,1,25
45481,B,19.57,2,12
45495,B,23.29,3,26
45505,B,43.67,5,21
45506,A,49.95,2,24
45515,A,43.58,3,18
45518,B,28.63,5,22
45526,A,62.54,2,31
45532,A,66.26,5,18
45535,B,67.33,4,17
45537,A,19.59,3,23
45541,B,52.86,4,20
45548,B,54.06,4,19
45553,A,24.18,3,25
45556,A,4.56,4,19
45557,B,23.11,5,22
45568,B,14.11,2,24
45596,B,2.55,4,20
45599,B,58.17,2,20
45605,A,42.91,5,24
45618,A,18.25,3,25
45621,A,59.599999999999994,7,21
45622,B,10.82,1,21
45632,A,20.59,5,22
45635,A,17.9,5,21
45636,B,36.34,6,24
45644,B,20.54,4,15
45656,B,56.17,5,23
45664,A,32.92,1,18
45667,B,38.34,2,18
45669,A,57.18,1,21
45676,A,9.65,2,19
45677,B,18.82,3,14
45679,A,72.29,3,21
45684,A,22.96,2,14
45691,A,7.74,2,20
45703,A,18.55,2,23
45713,A,28.78,4,18
45718,A,66.23,1,23
45721,B,26.19,2,19
45723,A,29.45,3,24
45729,B,20.73,2,25
45738,A,8.85,3,26
45742,A,48.04,2,24
45755,B,29.19,3,21
45758,B,16.45,2,22
45762,A,46.39,4,4
45779,B,42.86,1,2
45795,A,45.72,1,25
45798,A,76.27000000000001,8,7
45801,B,9.51,4,22
45802,B,53.12,1,26
45803,A,12.33,4,16
45806,B,27.2,5,23
45807,A,59.43,3,5
45808,B,62.34,4,16
45811,A,20.87,1,22
45814,B,140.35,2,28
45816,A,65.37,6,20
45823,B,43.48,2,15
45826,B,18.61,3,16
45833,A,35.54,3,25
45842,B,22.73,3,21
45856,B,16.05,1,20
45859,B,118.78,3,17
45860,B,46.37,1,23
45863,A,15.52,2,22
45864,B,21.63,1,5
45869,A,38.1,4,22
45871,A,23.94,2,20
45884,B,11.16,2,21
45885,A,46.25,4,18
45889,B,43.02,4,19
45915,B,28.88,5,24
45922,B,19.4,4,23
45930,B,8.31,4,5
45933,A,28.38,2,25
45935,A,35.19,3,24
45937,B,7.74,5,18
45938,A,15.32,5,24
45939,B,32.83,2,16
45952,B,18.65,1,22
45959,B,18.19,2,28
45961,B,59.57000000000001,7,22
45966,B,29.33,2,22
45971,A,46.24,4,24
45986,A,24.3,3,20
45992,A,19.33,1,22
45995,A,31.47,3,19
46003,A,29.31,5,18
46008,A,18.53,5,20
46010,B,32.2,2,26
46029,A,19.91,5,25
46034,B,71.17999999999999,7,19
46041,B,153.11,3,22
46044,A,54.37,5,19
46045,A,20.26,2,24
46055,B,61.39,4,18
46058,A,35.19,1,28
46060,A,8.41,4,20
46061,B,31.25,2,22
46064,B,19.23,1,21
46068,A,35.86,2,24
46072,A,88.98,6,16
46073,A,39.53,1,26
46082,B,30.19,5,20
46084,A,22.03,2,19
46085,B,32.36,1,19
46086,B,60.84,3,13
46089,A,49.26,4,28
46101,A,57.48,3,20
46120,B,52.41,2,26
46129,A,44.2,1,22
46134,A,11.65,2,16
46135,A,35.94,2,23
46140,B,18.26,5,17
46151,A,82.77,1,28
46155,B,62.44,5,22
46162,B,3.69,4,19
46172,A,40.64,5,14
46178,A,89.91,3,29
46194,A,25.49,5,24
46195,A,33.9,5,30
46197,B,26.81,1,21
46202,B,11.82,3,20
46205,B,22.46,5,18
46208,A,12.41,2,20
46213,A,36.51,2,21
46221,B,7.77,1,23
46231,A,7.16,2,27
46232,B,27.14,1,13
46233,A,9.53,2,24
46239,B,12.540000000000001,4,24
46247,B,21.64,2,24
46249,A,37.43,4,23
46252,A,10.16,3,22
46254,A,6.49,1,20
46258,A,15.88,4,21
46261,A,20.85,2,26
46270,B,53.400000000000006,7,23
46271,A,33.74,2,31
46285,A,25.81,5,22
46293,A,74.42,6,26
46294,A,26.74,5,22
46299,A,21.55,5,5
46303,A,10.57,2,21
46311,A,18.21,1,28
46318,B,2.14,2,20
46325,A,12.68,4,24
46330,A,85.28,2,23
46335,A,38.28,3,19
46339,A,19.93,5,17
46340,B,35.56,3,27
46350,B,28.47,1,4
46353,B,64.62,1,23
46358,B,96.73,1,22
46362,B,28.55,9,21
46367,B,31.09,4,23
46384,B,27.24,1,17
46388,A,28.87,2,18
46393,A,45.09,3,21
46401,A,12.77,3,16
46409,A,22.49,2,18
46410,B,14.23,4,17
46427,B,41.06,2,15
46430,A,57.7,2,19
46453,B,99.53,3,20
46456,B,14.66,4,17
46458,A,48.2,4,18
46459,A,22.14,2,22
46460,B,36.7,5,16
46473,B,47.58,2,18
46477,B,51.27,4,25
46478,A,20.29,1,25
46483,A,43.09,1,26
46493,A,17.28,3,21
46498,A,11.56,1,23
46501,B,45.28,5,17
46502,B,25.13,1,25
46514,B,59.55,6,20
46516,A,9.64,1,15
46519,A,10.42,3,24
46522,B,5.49,1,19
46529,A,31.69,2,27
46534,A,43.18,1,26
46542,A,10.9,2,22
46543,B,31.82,1,20
46544,A,19.92,4,23
46552,A,25.34,3,22
46554,A,34.99,5,20
46557,A,96.89999999999999,11,26
46566,B,31.96,2,23
46567,A,10.15,4,27
46568,A,25.97,5,8
46574,B,13.47,5,21
46588,B,12.66,2,24
46592,B,34.95,4,25
46599,B,25.42,5,24
46607,A,38.03,3,15
46618,B,37.19,3,21
46640,A,15.97,4,17
46642,B,10.71,4,18
46643,A,17.31,3,17
46651,B,14.71,2,20
46652,B,62.24,2,23
46655,B,22.51,2,27
46659,B,55.02,2,16
46662,A,8.3,5,22
46675,A,25.92,1,26
46680,A,9.7,5,2
46682,A,64.82,5,24
46695,B,18.89,4,21
46700,B,22.08,4,15
46703,B,43.93,1,23
46705,A,26.74,4,22
46715,B,10.54,4,22
46716,A,28.41,4,28
46718,B,32.27,2,22
46719,A,8.17,5,17
46721,A,52.99,5,4
46723,A,16.47,5,21
46731,B,60.67,8,20
46734,B,76.74,3,22
46735,A,45.42999999999999,8,23
46740,A,28.37,1,18
46741,A,28.09,2,18
46747,A,3.31,2,21
46751,A,12.75,3,19
46756,A,104.14999999999999,5,24
46772,B,39.46,1,22
46779,A,50.01,2,22
46781,B,60.22,5,20
46782,B,77.21,5,19
46787,A,16.61,2,24
46789,B,1.02,2,22
46790,B,35.31,5,3
46802,B,29.8,4,26
46816,A,60.17,1,28
46818,A,30.09,2,23
46822,B,9.75,4,24
46831,B,48.17,1,26
46834,B,46.89,1,24
46842,B,78.05,3,18
46849,A,30.68,5,23
46850,B,47.98,1,20
46862,A,129.95,5,24
46864,B,42.9,2,22
46871,B,10.06,4,25
46876,B,8.07,1,20
46878,A,38.98,1,20
46882,A,53.23,3,29
46883,A,45.68,1,21
46901,B,8.19,5,22
46922,B,69.6,4,22
46924,A,53.72,1,19
46931,A,59.96,2,24
46943,B,38.46,1,21
46953,B,115.75,3,21
46962,A,28.23,3,30
46969,B,10.23,3,19
46979,A,13.65,5,20
46982,A,18.64,1,18
46992,A,45.08,1,20
46998,A,58.22,2,22
47001,B,19.73,3,17
47009,A,51.65,5,23
47030,B,12.82,2,16
47048,A,31.94,3,23
47050,B,31.09,5,24
47054,A,18.06,3,19
47060,B,52.42,4,21
47062,A,29.630000000000003,8,20
47067,B,20.27,4,23
47079,A,72.64,2,23
47080,B,1.58,3,17
47083,A,17.89,5,21
47086,B,27.62,2,26
47087,B,83.39,8,19
47096,A,20.85,2,21
47099,B,4.25,5,22
47104,B,34.55,5,26
47108,A,58.78,1,19
47109,A,18.86,5,25
47110,A,37.02,5,24
47112,B,16.28,1,19
47113,B,41.6,1,19
47118,A,11.41,5,6
47119,B,24.65,1,28
47125,A,23.04,1,24
47127,A,67.06,2,19
47137,A,11.58,5,17
47140,A,44.62,1,20
47148,A,14.92,1,23
47167,A,47.12,5,27
47173,B,63.35,7,24
47176,B,38.32,4,22
47177,B,63.49,5,4
47179,A,6.45,1,24
47184,A,49.53,6,20
47189,A,6.32,5,4
47190,B,3.64,5,23
47197,A,4.81,3,29
47202,B,5.89,4,18
47210,B,32.92,3,18
47225,B,32.36,4,18
47228,B,16.5,1,17
47235,A,38.93,5,17
47237,A,9.17,2,20
47243,A,31.14,1,16
47244,A,43.97,9,23
47247,B,51.06,2,24
47250,A,34.28,3,23
47251,A,153.35,8,22
47255,A,43.39,3,4
47259,B,84.47,6,26
47268,B,31.08,10,19
47270,B,139.62,6,28
47272,B,18.7,3,25
47279,A,41.76,2,24
47281,A,5.32,5,20
47283,B,23.53,5,15
47287,A,148.59,5,26
47288,B,10.52,2,24
47296,A,17.89,3,20
47301,B,32.86,4,25
47313,A,13.32,5,25
47319,B,92.05,3,21
47320,A,66.01,1,8
47322,B,1.88,4,13
47336,A,9.87,2,25
47349,B,101.33,3,30
47363,A,37.3,7,19
47364,A,53.35,5,23
47368,A,3.26,3,17
47376,B,26.23,5,23
47378,A,12.05,1,22
47384,B,4.67,4,22
47389,B,41.51,2,17
47397,B,62.67,5,22
47408,B,31.61,1,17
47410,B,49.26,4,22
47413,B,35.34,2,25
47423,B,9.59,5,25
47435,A,27.81,1,21
47450,A,54.41,3,18
47452,A,48.43,2,18
47454,B,6.73,5,18
47456,A,5.62,1,14
47461,A,39.41,4,20
47467,A,19.19,3,26
47468,B,101.37,5,18
47473,B,30.46,1,19
47475,A,56.19,4,21
47477,B,35.15,1,21
47480,A,13.8,2,15
47517,B,13.09,2,25
47518,A,14.09,3,19
47522,B,13.05,3,21
47523,A,22.39,3,22
47525,B,39.16,3,16
47529,B,30.71,5,18
47532,B,25.81,1,22
47533,A,26.92,2,26
47558,A,61.36,3,19
47562,A,10.22,2,28
47563,A,13.24,4,19
47564,B,9.25,1,25
47570,A,38.379999999999995,10,16
47580,A,40.17,3,27
47595,A,15.15,2,19
47598,A,15.19,2,16
47608,B,58.48,4,20
47610,A,68.75,1,15
47616,A,34.06,5,16
47618,B,49.82,3,21
47625,B,50.76,3,21
47633,A,16.55,2,31
47634,A,15.58,2,15
47642,A,26.17,5,21
47649,A,21.72,7,25
47652,A,4.67,4,19
47653,A,32.15,4,5
47654,B,43.57,4,17
47655,A,7.51,4,24
47658,A,24.98,2,21
47659,B,90.47,4,24
47660,A,13.18,4,27
47666,B,24.98,4,20
47668,A,15.72,2,25
47671,A,6.52,4,23
47672,A,50.64,5,17
47685,B,94.61,9,24
47691,A,32.22,7,29
47706,B,53.92,3,21
47709,A,116.24,3,23
47715,A,22.67,3,26
47717,B,37.07,4,14
47732,B,0.13,1,26
47740,A,5.23,2,26
47748,B,5.05,2,30
47751,A,13.02,1,21
47760,B,14.36,5,22
47762,A,20.18,1,21
47763,B,45.35,3,14
47767,B,17.12,5,20
47773,A,8.56,5,19
47787,A,36.11,1,23
47792,A,2.15,2,4
47799,B,12.09,3,13
47804,A,39.06,5,27
47812,B,6.61,5,21
47814,B,101.36,2,23
47822,B,57.13,3,25
47824,B,28.12,1,22
47828,B,28.4,4,25
47841,A,5.61,5,19
47846,B,21.95,2,22
47851,A,20.54,3,27
47870,A,80.07,4,23
47881,A,154.12,3,24
47882,A,16.99,1,27
47889,B,11.1,2,19
47890,A,14.63,4,20
47911,B,16.61,1,23
47914,A,29.92,3,17
47917,A,46.5,3,14
47918,A,34.94,5,23
47920,A,64.22,4,22
47926,A,31.53,1,18
47927,B,101.6,6,24
47928,A,41.52,4,24
47938,A,19.72,5,17
47939,B,26.72,4,21
47973,B,62.41,3,19
47980,B,42.28,2,19
47988,A,40.97,2,20
47991,A,117.35,1,23
47998,B,19.86,5,21
48013,B,26.759999999999998,4,21
48014,A,19.27,1,17
48018,A,12.78,2,24
48028,A,18.2,4,18
48031,A,52.96,7,20
48036,A,38.400000000000006,6,25
48038,A,7.32,2,21
48039,B,73.48,7,19
48040,B,84.93,6,15
48043,B,13.81,2,22
48047,B,16.94,4,25
48048,A,50.14,1,25
48051,A,31.89,4,18
48052,B,21.14,3,20
48056,A,23.1,4,21
48057,A,50.69,2,15
48060,A,11.48,3,22
48063,B,9.04,3,18
48064,A,39.19,3,16
48068,B,20.68,3,22
48086,A,63.2,3,24
48089,A,7.55,3,19
48091,A,75.54,4,24
48095,B,122.0,2,27
48097,A,32.25,3,14
48099,B,31.37,3,23
48104,B,49.08,5,26
48108,B,12.38,1,29
48110,A,17.08,3,17
48116,A,29.89,8,27
48118,A,60.53,3,21
48139,B,72.23,6,24
48142,B,23.3,4,16
48146,B,43.52,5,24
48149,A,9.25,5,6
48150,B,42.77,1,23
48159,A,63.72,4,29
48161,A,12.87,2,6
48168,B,48.18,5,26
48170,B,37.97,5,28
48188,B,30.26,4,25
48199,A,35.24,5,23
48228,A,22.18,2,19
48229,A,89.39,3,22
48241,B,28.11,5,24
48245,B,12.65,5,28
48251,B,33.13,2,20
48256,A,53.95,3,16
48259,A,75.23,4,23
48260,B,40.48,3,25
48268,A,19.32,2,26
48278,B,16.33,3,15
48285,B,44.49,3,27
48315,A,13.11,5,16
48332,A,39.16,2,25
48333,B,40.26,4,19
48334,A,36.97,4,23
48356,B,15.37,5,18
48358,A,11.66,3,23
48360,B,44.18,4,26
48374,A,28.78,4,23
48377,B,71.34,1,30
48390,A,28.43,3,25
48408,A,58.03,2,20
48410,B,48.21,2,23
48412,A,26.16,4,4
48416,B,58.04,5,21
48419,A,26.81,3,24
48430,A,6.12,4,24
48431,B,64.19,5,29
48432,B,47.49,5,27
48438,B,105.5,3,16
48446,B,44.09,5,22
48448,B,6.34,5,20
48452,B,13.81,4,18
48455,B,20.58,1,23
48459,B,37.93,5,22
48460,B,18.73,4,20
48468,B,66.8,4,25
48472,B,3.12,5,20
48482,A,47.8,8,25
48486,A,22.98,2,23
48489,A,64.51,3,4
48492,B,15.12,1,23
48517,B,97.35,3,18
48519,A,47.0,5,15
48531,A,15.21,1,19
48533,A,49.87,4,20
48535,A,13.67,3,28
48540,B,9.0,2,18
48542,A,26.07,3,20
48547,B,5.82,1,24
48550,A,9.47,5,18
48557,B,60.67,2,17
48562,A,22.49,2,21
48570,A,20.94,4,19
48577,B,5.68,1,26
48578,A,26.2,3,18
48579,A,45.0,7,17
48586,A,13.75,5,27
48591,A,35.18,4,14
48598,B,76.03,4,20
48613,A,5.06,1,21
48625,B,67.34,3,24
48626,B,28.0,2,19
48629,A,48.41,4,28
48643,A,16.55,5,20
48648,B,32.82,4,24
48652,A,50.78,4,19
48658,B,33.43,4,26
48659,B,18.21,5,20
48663,B,17.67,4,18
48667,A,25.44,6,22
48671,B,58.31,5,19
48672,B,33.76,5,17
48677,B,102.44,10,23
48689,B,69.78,1,24
48692,B,57.54,3,19
48693,B,13.85,1,22
48694,B,47.08,5,19
48709,A,8.77,2,30
48718,B,21.31,1,22
48744,A,26.41,4,23
48750,A,33.08,3,18
48751,A,13.06,2,21
48752,A,48.85,5,29
48758,B,13.24,5,17
48771,B,9.64,4,20
48778,B,92.66,2,18
48779,B,8.47,5,20
48785,B,41.38,1,20
48786,B,29.7,1,17
48787,A,15.82,4,26
48790,B,28.84,3,21
48797,A,53.22,4,20
48802,A,1.99,4,7
48806,A,26.29,2,24
48807,B,21.14,3,25
48808,A,23.64,2,7
48812,B,14.15,5,5
48815,A,15.08,2,17
48822,A,28.99,2,24
48830,A,16.52,2,22
48831,A,4.85,5,23
48842,A,15.7,2,21
48848,A,24.21,5,7
48853,B,14.66,5,26
48854,B,39.36,2,20
48856,A,7.71,5,3
48867,B,6.74,2,16
48872,B,16.91,1,23
48873,B,47.89,2,16
48874,A,19.28,3,19
48875,A,26.11,5,17
48877,A,8.49,5,21
48883,A,26.26,2,26
48886,A,21.48,2,23
48898,B,13.84,3,23
48910,B,11.58,1,16
48913,B,36.3,3,22
48914,B,15.96,5,15
48917,B,12.78,3,20
48923,A,52.22,5,25
48925,A,47.42,3,21
48930,A,31.21,1,19
48939,A,21.31,2,20
48951,B,18.45,3,20
48954,A,9.46,1,21
48963,A,62.83,2,22
48964,A,20.2,2,22
48968,A,26.29,5,14
48970,B,25.25,4,18
48978,B,50.150000000000006,5,20
48985,B,99.43,2,26
48999,A,4.14,2,21
49009,B,2.6,5,15
49022,A,12.68,3,20
49023,A,33.66,4,19
49036,B,14.47,2,17
49045,B,29.25,4,24
49046,A,30.51,5,18
49048,B,31.87,3,20
49052,B,19.21,4,21
49065,A,25.51,4,19
49068,B,17.6,1,21
49084,A,12.61,1,22
49099,A,85.43,3,21
49107,B,7.17,3,23
49120,A,8.1,3,29
49125,A,37.23,2,15
49132,B,13.81,4,23
49143,A,50.46,4,22
49146,A,69.53,7,22
49148,B,15.21,1,17
49155,A,52.87,3,18
49170,A,66.22,1,5
49177,B,117.64,5,26
49184,B,34.97,2,21
49187,A,16.45,1,26
49188,A,3.58,2,27
49190,B,26.58,4,17
49193,B,45.93,6,21
49195,A,39.38,2,20
49198,B,38.74,5,27
49203,A,42.06,1,15
49206,A,3.93,2,25
49211,B,31.0,3,21
49226,B,39.14,4,25
49229,A,7.63,5,13
49234,A,76.5,2,20
49247,A,12.74,2,24
49254,A,66.25,4,16
49285,B,1.53,2,20
49288,A,24.34,2,29
49289,B,3.98,4,20
49293,B,75.86,5,32
49297,B,49.92,3,17
49308,A,34.85,3,19
49311,A,4.61,5,21
49312,B,26.8,5,21
49315,A,48.3,4,23
49318,B,20.18,3,23
49321,B,29.63,5,23
49327,A,62.48,1,19
49335,B,94.57,5,22
49338,B,53.32,4,14
49341,A,8.97,3,18
49342,A,4.59,1,23
49343,A,31.11,2,20
49347,B,37.11,1,20
49349,B,19.82,3,20
49352,A,23.02,3,17
49353,A,33.14,4,20
49355,A,5.04,2,24
49360,B,13.73,1,22
49366,B,33.76,5,20
49367,B,48.88,1,23
49369,B,25.07,3,20
49382,A,15.19,4,22
49388,B,127.95,3,3
49396,B,75.79,4,30
49402,A,33.05,2,21
49407,B,1.64,4,22
49411,A,4.64,5,22
49415,B,82.68,3,15
49416,A,26.04,1,18
49417,B,7.26,5,25
49423,A,20.72,5,20
49424,B,25.66,1,27
49430,B,10.52,1,26
49433,A,67.84,3,28
49435,B,15.19,2,16
49442,A,26.7,5,17
49445,B,24.82,2,18
49449,B,11.46,5,19
49457,A,5.33,2,17
49458,A,16.21,5,22
49464,A,16.4,1,18
49465,B,18.5,3,16
49472,B,40.41,5,22
49475,B,1.87,3,18
49486,A,24.49,2,24
49490,B,21.82,5,17
49492,B,8.99,4,23
49497,B,13.96,2,18
49502,A,71.24,4,18
49509,A,45.57,5,24
49510,B,25.44,4,25
49511,B,55.97,1,17
49515,A,31.95,3,18
49518,B,63.23,2,26
49521,B,22.07,4,21
49529,B,30.74,1,17
49530,A,18.41,8,25
49534,B,42.85,2,14
49545,B,38.7,4,21
49547,B,14.82,2,23
49549,A,11.36,2,26
49555,A,70.94,1,15
49563,B,59.79,6,17
49566,B,4.62,4,23
49568,A,21.52,5,25
49572,A,30.42,1,24
49594,A,0.83,5,23
49602,B,53.31,1,20
49604,A,18.95,3,21
49617,B,14.73,4,27
49619,A,13.57,2,25
49620,B,11.67,3,28
49623,A,8.81,4,19
49629,B,18.29,5,6
49633,B,45.67,3,21
49642,A,56.949999999999996,4,17
49645,A,24.59,3,23
49654,B,13.56,1,28
49655,B,73.86,3,20
49671,B,11.81,3,20
49682,A,26.35,1,16
49692,A,9.53,3,21
49712,A,56.11,4,20
49721,B,6.61,5,21
49727,A,10.94,4,24
49734,A,12.86,5,14
49738,A,13.14,4,17
49746,B,55.52,1,21
49750,A,89.97,2,25
49753,B,32.85,4,19
49754,A,34.19,2,20
49755,A,8.73,4,19
49756,A,71.65,1,5
49758,B,17.63,2,24
49764,A,21.25,5,19
49779,B,7.25,2,23
49781,A,24.07,5,30
49785,B,11.43,2,22
49787,B,72.76,5,21
49792,B,48.75,1,18
49793,A,49.59,5,26
49794,A,23.27,5,17
49798,A,17.41,2,17
49804,A,30.31,3,23
49807,B,48.08,1,18
49821,B,127.19,4,21
49824,A,10.28,1,20
49829,B,22.25,5,17
49834,B,46.63,7,23
49840,B,15.11,4,25
49854,B,73.1,2,28
49858,B,31.25,2,19
49861,A,4.79,3,24
49863,A,20.76,4,24
49867,B,18.97,5,18
49869,B,10.8,4,26
49877,B,18.83,3,21
49881,A,43.5,5,14
49882,B,59.7,5,18
49885,A,5.49,3,23
49886,B,66.2,5,23
49901,B,1.78,5,2
49924,B,28.1,1,18
49928,B,9.62,5,21
49934,A,35.49,3,21
49935,A,8.1,2,21
49936,B,44.54,4,15
49940,A,62.019999999999996,3,20
49949,A,15.28,5,22
49950,A,52.74,2,20
49957,B,23.53,2,23
49958,A,40.57,3,24
49961,B,69.84,3,24
49970,B,21.95,3,19
49973,B,58.49,4,17
49979,B,5.08,2,18
49995,A,46.19,2,22
49996,B,43.25,3,22
50002,B,60.46,2,21
50011,A,113.41,8,22
50016,A,78.62,4,19
50017,A,8.87,1,23
50027,B,29.23,1,23
50039,A,69.28,5,23
50041,A,60.67,4,17
50043,B,24.37,5,20
50050,A,20.21,1,20
50052,B,17.14,2,25
50068,B,31.56,4,24
50074,B,19.79,1,32
50075,B,32.8,2,27
50084,B,17.25,1,24
50086,B,29.37,1,25
50104,B,56.36,4,25
50111,A,30.02,3,24
50114,A,13.71,5,28
50115,A,14.28,2,17
50121,B,81.42,5,6
50127,B,41.93,1,21
50128,B,15.94,2,23
50137,B,76.02,2,17
50141,A,6.54,5,29
50145,B,18.02,5,26
50151,A,29.68,2,19
50162,B,26.04,3,21
50166,A,45.8,4,20
50171,A,5.1,4,17
50179,A,4.44,2,26
50185,B,39.85,4,24
50196,A,37.25,3,15
50200,A,53.12,5,20
50220,A,5.89,2,21
50221,A,18.41,3,18
50223,A,34.08,4,20
50235,A,32.29,2,19
50238,B,30.96,5,22
50255,A,64.36,4,20
50261,B,10.13,3,22
50262,A,47.09,3,17
50266,B,61.95,4,16
50268,B,81.77,4,13
50271,B,31.97,1,24
50275,A,56.33,1,23
50291,B,26.39,1,20
50305,A,10.87,3,22
50307,A,15.41,2,21
50310,B,30.85,8,19
50312,B,37.64,5,25
50314,B,64.59,6,19
50315,B,63.91,4,19
50316,B,36.47,2,26
50318,A,51.19,3,15
50324,A,61.48,1,22
50332,B,18.19,5,21
50341,B,82.76,3,16
50355,B,30.41,1,16
50356,A,3.54,2,5
50361,A,38.95,2,26
50372,A,79.82,4,23
50373,A,76.55,4,20
50378,A,27.61,4,15
50395,A,57.25,3,20
50398,B,20.09,4,21
50399,A,32.08,2,24
50403,B,14.0,2,18
50404,A,29.01,2,24
50414,A,23.45,2,24
50415,B,25.57,3,19
50418,B,7.05,3,21
50424,A,7.14,5,19
50427,A,7.56,3,25
50430,B,12.81,5,21
50435,A,24.89,2,22
50437,A,33.53,3,23
50439,A,58.2,2,19
50459,A,66.53,4,15
50468,A,65.93,5,20
50474,A,15.98,1,18
50506,A,55.92,3,26
50513,A,4.19,4,16
50515,A,31.26,5,16
50523,B,24.28,1,27
50527,A,5.7,3,18
50530,B,14.19,4,4
50533,A,28.0,3,22
50537,B,19.07,5,16
50545,B,21.38,5,3
50547,B,48.79,4,23
50550,B,13.23,4,20
50552,A,26.75,3,18
50558,B,30.71,3,19
50565,A,19.58,3,21
50570,B,76.97,6,14
50589,A,25.79,5,24
50592,B,40.16,1,21
50595,A,5.97,5,5
50599,B,23.76,1,26
50600,B,16.91,5,16
50603,A,9.45,3,17
50607,A,65.14,3,24
50611,A,8.09,5,24
50621,A,67.89,5,21
50624,A,20.28,3,17
50631,B,6.97,3,24
50632,B,46.91,2,15
50633,A,20.81,1,26
50635,B,84.18,1,23
50637,B,41.09,5,4
50648,B,16.29,4,17
50649,A,3.82,1,17
50653,B,90.58,4,23
50657,A,22.52,2,18
50659,A,53.349999999999994,3,23
50660,B,48.93,2,25
50661,A,27.43,2,15
50670,A,22.79,5,23
50682,B,32.6,4,21
50683,B,12.78,4,23
50694,A,27.56,5,29
50700,B,41.21,3,21
50709,A,14.7,2,22
50720,A,3.9,4,28
50725,A,32.62,4,20
50730,A,33.11,5,26
50735,B,6.54,5,20
50743,A,15.54,1,23
50754,B,18.63,2,20
50757,A,29.51,2,17
50768,B,35.91,1,19
50773,B,27.48,3,25
50775,B,33.58,5,17
50779,A,5.35,3,17
50806,B,11.64,1,19
50807,B,14.18,5,24
50810,A,5.94,5,21
50817,A,14.72,5,24
50835,A,23.27,2,25
50838,A,9.52,1,18
50845,A,1.68,3,21
50846,A,14.83,2,26
50848,A,18.83,2,24
50850,B,64.75,4,4
50862,A,115.4,5,20
50867,B,37.69,2,17
50885,A,16.33,3,24
50887,B,24.58,4,22
50893,B,19.02,4,21
50898,A,9.19,3,20
50901,A,14.91,2,19
50903,A,27.15,4,26
50905,A,37.64,5,25
50913,B,69.72,2,18
50917,B,4.88,3,22
50924,A,20.42,4,22
50927,A,11.71,2,23
50939,B,25.39,3,18
50952,B,76.55,10,23
50958,B,38.93,1,24
50984,A,16.61,4,19
50985,A,59.86,1,16
50995,A,13.3,4,23
50999,B,45.52,4,20
51011,A,11.63,3,24
51012,A,26.14,1,16
51013,B,74.54,4,23
51014,B,8.35,5,21
51019,B,35.81,4,22
51028,A,35.63,3,5
51032,B,69.91,2,20
51040,B,72.24,4,19
51048,B,29.3,3,22
51055,B,8.03,1,17
51062,B,49.6,4,20
51069,B,46.73,3,20
51076,B,11.2,5,20
51077,B,30.72,1,19
51090,A,69.91,2,20
51092,B,16.79,2,23
51110,B,28.38,2,20
51111,B,16.59,1,23
51113,B,55.69,2,20
51114,A,59.09,8,16
51121,B,42.52,4,28
51123,A,30.94,1,24
51125,B,28.16,4,20
51131,A,42.12,1,20
51137,A,19.5,3,21
51143,A,41.71,3,21
51145,B,68.83,4,20
51147,A,15.25,2,19
51148,B,20.36,2,16
51149,B,13.11,3,22
51162,A,50.04,1,19
51164,B,50.11,5,22
51169,B,10.14,4,22
51176,B,35.15,3,20
51178,A,11.24,3,25
51180,A,25.49,5,22
51187,A,15.13,4,22
51218,B,23.01,3,21
51224,B,55.44,2,24
51229,B,16.9,3,19
51236,A,4.05,5,22
51244,B,14.73,4,15
51250,A,22.759999999999998,4,32
51257,A,12.44,3,16
51273,B,90.63,1,20
51274,B,7.71,4,22
51284,B,26.42,2,21
51285,A,15.2,1,21
51292,B,73.07,5,23
51297,A,14.86,2,18
51313,A,32.27,3,21
51316,B,69.7,1,20
51320,A,3.97,3,24
51330,A,25.05,5,16
51335,B,43.04,6,21
51343,A,80.15,1,19
51352,B,39.53,5,18
51353,B,11.86,5,20
51356,B,23.67,5,26
51364,B,37.77,3,25
51367,A,55.78,5,21
51373,B,26.4,3,23
51377,A,52.32,4,24
51392,A,32.05,1,15
51408,B,35.02,1,23
51410,B,23.97,4,14
51415,B,61.53,3,23
51420,B,11.09,2,14
51425,B,31.05,3,19
51447,A,136.24,8,25
51450,B,40.81,4,19
51452,B,34.66,5,26
51454,B,14.23,3,20
51456,A,34.64,2,13
51457,B,45.92,2,21
51462,A,55.43,4,27
51463,A,27.25,5,26
51473,B,68.59,5,24
51474,A,44.02,2,6
51478,B,48.74,3,17
51483,B,31.1,1,19
51484,B,40.76,2,16
51487,A,15.99,4,4
51488,B,12.92,5,5
51495,A,17.86,6,20
51501,B,9.76,5,19
51503,A,18.08,3,18
51511,B,28.24,1,19
51515,A,17.66,2,22
51547,A,35.25,2,16
51556,B,6.23,2,22
51563,B,55.16,1,23
51564,A,21.45,8,20
51568,B,14.66,5,16
51570,B,13.06,5,19
51575,B,61.52,4,30
51577,B,13.87,4,22
51587,B,12.79,2,21
51590,A,79.37,3,20
51592,A,31.72,1,24
51596,B,10.62,5,24
51600,B,130.76,4,15
51605,A,34.88,2,19
51608,B,9.34,1,21
51639,B,16.5,5,20
51656,A,48.52,4,18
51661,B,20.43,2,17
51662,A,31.06,4,24
51666,B,4.0,2,22
51677,B,14.5,1,17
51682,B,4.17,1,23
51688,A,37.68,3,25
51692,A,19.19,4,19
51694,A,11.34,5,24
51695,B,31.16,1,19
51699,B,19.69,2,17
51703,B,49.32000000000001,4,29
51724,A,10.67,1,22
51732,A,9.72,1,27
51734,A,39.9,2,21
51736,A,72.34,2,23
51740,B,88.74,1,19
51741,A,41.14,2,18
51745,B,16.4,2,17
51757,A,25.57,2,21
51761,A,4.48,2,22
51765,A,10.5,4,20
51768,B,66.72,5,23
51769,B,21.73,2,17
51775,B,126.88,7,21
51777,B,37.85,5,19
51789,A,49.17,1,17
51793,A,35.2,3,20
51803,A,6.99,5,14
51821,B,38.29,5,20
51823,A,79.75,2,23
51833,B,13.72,1,22
51836,A,4.83,3,15
51842,A,41.87,2,12
51847,A,20.73,5,22
51856,B,70.62,10,23
51857,B,26.18,5,23
51859,B,19.05,3,17
51861,A,18.72,3,22
51866,B,71.66,4,18
51868,B,17.87,4,24
51872,B,19.48,4,23
51875,A,19.62,1,12
51876,B,35.85,2,28
51880,A,75.7,1,22
51882,B,11.72,5,15
51888,B,99.76,2,19
51889,B,125.23,9,19
51894,A,48.07,2,24
51901,A,12.09,4,19
51904,B,107.74,2,16
51907,A,7.45,1,28
51910,A,3.32,5,20
51924,B,10.95,5,17
51927,B,31.74,1,24
51930,A,41.26,3,16
51932,A,26.1,3,22
51935,A,30.82,1,22
51936,A,5.32,4,20
51938,A,66.79,3,22
51941,A,13.22,5,18
51942,B,35.8,5,23
51946,B,18.83,4,19
51959,A,28.46,1,18
51965,A,12.32,4,7
51979,B,41.55,5,21
51983,B,32.61,4,24
52004,A,16.02,4,15
52017,B,58.190000000000005,4,26
52018,B,27.75,5,23
52027,B,33.43,3,16
52046,B,29.45,4,26
52055,A,12.29,4,22
52062,B,123.51,2,24
52064,A,53.76,5,18
52071,B,48.43,1,21
52076,B,36.17,3,24
52079,A,1.87,5,21
52082,B,34.29,1,26
52086,A,25.03,1,21
52094,A,7.16,2,19
52102,B,3.35,2,19
52107,B,30.6,3,25
52109,A,52.06,1,22
52129,B,29.11,2,24
52152,A,11.36,4,27
52156,B,63.6,4,18
52157,A,57.71,5,16
52170,B,14.13,1,20
52173,A,10.6,2,27
52174,A,26.84,1,18
52178,A,5.6,5,13
52182,A,1.11,3,20
52183,A,28.71,1,26
52185,A,13.5,2,26
52189,A,31.73,9,25
52192,B,30.03,2,25
52197,A,10.35,4,25
52203,A,31.24,1,29
52206,B,41.91,4,22
52223,B,68.34,1,24
52241,B,31.96,4,20
52252,B,35.61,2,27
52253,A,36.5,3,22
52259,A,50.77,2,26
52269,A,79.21,2,22
52274,B,91.72,2,5
52275,A,24.08,1,18
52276,B,61.0,4,26
52277,B,41.05,2,18
52280,A,34.13,4,26
52288,A,7.65,1,21
52308,A,27.32,3,23
52309,A,51.84,5,18
52310,A,26.64,5,12
52311,A,27.13,2,19
52312,A,24.56,1,29
52335,B,37.04,1,14
52339,B,8.74,1,27
52340,A,51.32,2,20
52342,B,24.19,5,24
52343,A,27.09,1,15
52353,A,17.5,3,22
52355,A,32.39,5,20
52357,A,23.68,2,21
52359,A,32.68,5,23
52371,B,92.05,8,21
52377,B,6.94,2,19
52378,B,36.08,2,18
52382,A,17.2,3,19
52385,A,31.22,2,22
52388,A,29.89,2,22
52403,A,29.69,1,21
52407,B,18.52,5,23
52412,A,10.36,4,23
52419,A,142.0,11,24
52421,B,21.9,1,14
52431,A,58.73,2,17
52433,A,46.1,3,21
52435,A,33.72,1,16
52436,B,66.38,4,23
52441,B,68.91,4,17
52455,A,36.7,4,18
52458,B,34.94,4,22
52462,A,24.09,1,24
52466,B,78.63,3,20
52470,B,41.9,5,21
52487,B,30.52,1,25
52494,A,50.64,3,21
52525,A,20.74,3,26
52528,B,20.71,5,22
52529,B,40.47,3,22
52531,B,15.62,1,18
52540,B,7.56,3,18
52554,A,7.87,4,25
52556,B,2.58,4,19
52567,B,22.17,2,20
52576,B,85.0,3,23
52584,A,33.13,5,15
52604,B,51.32,2,21
52610,A,69.38,1,26
52618,B,15.11,1,18
52621,A,44.1,4,18
52626,A,57.58,2,22
52630,B,23.22,4,25
52635,B,39.58,5,21
52646,B,17.18,5,20
52648,B,17.25,1,24
52660,A,16.71,4,21
52663,A,5.22,3,14
52670,B,52.809999999999995,3,29
52678,B,10.91,1,27
52686,A,51.52,4,29
52687,A,6.82,1,21
52699,A,6.18,5,21
52700,B,5.74,3,20
52716,A,38.99,1,25
52718,A,22.86,2,19
52720,A,12.86,3,22
52726,B,27.12,5,19
52735,A,27.81,3,24
52742,A,58.9,1,19
52746,B,20.25,4,29
52748,B,76.58,2,27
52751,B,49.78,2,19
52761,B,41.28,5,21
52764,A,33.12,1,23
52780,A,37.61,4,18
52782,A,11.08,2,20
52786,A,76.27,5,16
52794,B,48.59,4,24
52802,B,30.23,4,17
52804,B,118.89,2,19
52809,A,43.24,3,23
52831,B,28.43,5,13
52855,A,51.18,5,21
52872,B,20.43,2,21
52874,A,19.04,5,29
52877,B,11.17,2,24
52892,B,42.56,4,26
52893,B,3.74,2,23
52894,B,149.65,4,16
52906,B,22.78,2,22
52907,A,17.83,5,21
52926,B,10.6,5,26
52937,B,41.37,1,22
52938,A,53.86,2,18
52941,A,39.34,4,21
52948,B,16.3,2,20
52949,A,49.31,1,18
52959,B,2.38,1,22
52967,A,68.54,1,23
52970,B,8.44,3,23
52977,B,83.36,1,23
52994,A,71.2,2,15
52997,B,20.6,3,21
53019,A,66.39,2,23
53026,B,12.51,3,20
53033,A,31.52,2,25
53035,A,40.87,5,20
53042,A,53.88,1,22
53054,A,79.68,6,28
53072,B,31.75,5,24
53073,B,56.79,2,19
53074,A,49.53,8,23
53075,A,32.65,2,21
53086,A,22.23,2,22
53103,A,11.86,3,26
53105,A,64.14,4,23
53111,B,4.82,2,26
53125,B,38.69,4,21
53137,A,62.76,6,22
53145,A,37.84,5,19
53150,A,4.63,3,21
53151,A,16.91,2,19
53155,B,47.11,4,20
53161,A,6.77,4,21
53163,A,39.39,1,20
53167,A,28.14,5,23
53168,A,13.84,3,25
53170,A,10.56,1,16
53171,B,78.03,2,21
53175,B,13.76,1,20
53177,A,35.53,1,17
53185,A,36.41,1,17
53193,A,7.63,5,23
53201,A,64.94,4,21
53204,B,65.08,3,23
53210,B,18.25,4,23
53214,A,46.62,3,19
53219,A,24.79,2,27
53221,A,3.48,5,24
53227,A,16.7,3,20
53245,B,54.14,3,21
53250,B,18.95,1,20
53253,A,26.27,3,3
53257,A,18.96,4,18
53272,A,25.22,3,17
53287,B,62.26,3,20
53290,B,45.56,5,17
53295,B,23.22,5,21
53297,A,46.04,4,15
53309,B,29.29,2,20
53315,B,12.16,4,16
53318,B,43.77,4,20
53324,B,88.25999999999999,4,17
53329,B,16.26,2,19
53330,B,16.82,1,23
53339,B,15.54,5,4
53340,B,55.26,4,20
53343,A,28.22,2,20
53349,A,4.88,3,18
53351,A,14.72,1,17
53383,A,18.97,5,26
53384,A,76.94,1,25
53386,B,14.86,4,21
53394,A,27.4,2,18
53406,A,20.92,4,24
53410,B,14.91,3,23
53419,A,33.61,2,21
53424,B,82.02,3,27
53426,B,11.73,1,20
53431,A,8.52,4,24
53437,B,103.60000000000001,13,19
53446,B,10.78,2,19
53453,B,19.92,1,22
53457,B,18.75,4,15
53463,A,5.96,1,22
53468,A,28.68,1,25
53469,A,23.05,2,21
53482,B,19.66,5,16
53496,A,59.67,3,21
53497,B,5.42,3,24
53514,A,9.51,3,20
53516,A,92.01,6,16
53521,A,23.56,1,19
53522,A,35.66,5,24
53530,B,33.54,8,21
53536,A,25.85,3,18
53543,B,22.75,3,21
53549,B,8.82,3,17
53550,A,29.51,1,7
53551,B,30.57,4,20
53577,A,29.02,1,18
53583,A,68.1,4,22
53589,A,51.2,2,16
53602,A,20.92,5,3
53610,B,22.78,1,15
53614,A,48.6,6,18
53615,A,7.91,1,21
53616,B,12.76,4,25
53619,B,10.74,5,23
53623,A,10.5,3,21
53627,A,79.31,7,25
53642,B,37.93,1,18
53647,B,32.76,3,17
53652,B,41.51,3,28
53655,B,23.17,1,22
53659,B,51.79,4,23
53670,B,10.7,3,26
53684,A,53.72,1,21
53688,A,62.57,5,28
53699,B,24.49,3,16
53716,B,11.21,3,24
53721,B,18.29,2,24
53726,A,59.56,5,17
53727,B,38.61,3,26
53734,A,22.73,5,18
53735,A,29.57,5,25
53750,B,52.07,5,21
53752,A,40.69,4,23
53768,B,7.59,4,20
53769,A,51.12,4,25
53795,A,178.0,4,20
53799,A,6.57,5,15
53801,A,10.15,3,19
53803,A,13.16,2,20
53804,A,11.89,5,18
53808,B,17.19,4,23
53817,A,57.0,1,22
53818,B,28.77,2,25
53825,B,98.57,1,25
53828,B,53.17,4,22
53861,B,17.7,5,19
53871,B,65.9,3,22
53877,B,12.2,1,20
53888,B,40.41,1,23
53894,B,94.36999999999999,6,24
53898,B,11.42,2,18
53900,B,33.35,1,22
53903,B,50.41,4,21
53906,B,36.45,3,23
53909,B,27.19,5,24
53917,B,9.33,3,18
53922,B,27.42,2,18
53924,B,39.29,1,24
53930,B,42.1,3,14
53936,A,21.89,5,20
53937,A,7.46,1,13
53940,B,83.1,4,18
53943,B,55.6,5,25
53949,B,36.57,2,16
53950,A,36.57,9,16
53951,B,52.16,2,26
53961,B,51.59,2,21
53962,A,3.35,4,20
53966,A,32.96,2,22
53967,A,23.11,1,18
53971,B,65.94,6,23
53974,A,20.76,3,20
53986,A,57.41,2,19
53989,A,10.55,3,22
53992,B,124.83,3,21
54006,A,26.01,5,26
54007,B,44.98,4,24
54008,B,85.28,3,25
54010,A,50.23,4,17
54013,A,72.73,4,25
54014,B,17.7,1,29
54015,B,20.55,3,27
54025,A,16.93,4,6
54030,A,20.13,1,22
54032,A,28.14,2,22
54038,B,48.08,3,14
54048,B,26.22,5,23
54069,B,33.12,3,20
54071,B,24.3,4,24
54073,A,3.91,1,26
54074,B,58.66,2,18
54082,B,126.72,5,18
54084,A,4.65,4,21
54088,B,28.15,2,18
54094,B,48.49,4,18
54095,B,29.67,1,21
54104,B,96.14999999999999,10,20
54105,B,13.09,4,27
54112,A,13.77,5,23
54114,A,19.43,3,14
54121,B,13.99,1,27
54124,B,25.43,3,22
54137,B,10.02,1,19
54148,B,23.61,1,17
54149,B,18.19,3,16
54163,B,23.56,2,22
54187,B,22.68,3,20
54191,A,16.9,2,6
54199,B,51.38,4,22
54202,B,67.6,3,9
54209,B,25.78,3,14
54218,A,22.46,3,23
54232,A,79.9,5,22
54262,A,63.11,2,31
54264,B,62.78,2,17
54265,B,32.53,1,20
54269,B,25.52,3,16
54294,A,28.87,2,27
54296,A,38.44,4,20
54301,B,10.63,1,24
54317,B,50.74,3,12
54323,B,4.5,4,20
54326,A,51.02,4,19
54333,B,33.12,2,24
54334,A,36.97,1,20
54350,A,93.68,4,24
54355,B,15.62,5,19
54364,A,42.8,1,21
54367,A,50.73,3,18
54371,B,23.42,5,24
54378,A,29.36,1,22
54379,B,27.47,5,19
54390,B,77.39,8,24
54393,B,43.9,1,20
54397,A,37.4,6,36
54415,B,85.27,6,29
54417,B,20.0,4,27
54429,A,37.34,2,20
54433,B,29.41,3,19
54450,A,25.26,5,22
54455,B,21.76,3,30
54456,B,8.1,1,22
54458,A,19.25,4,20
54468,A,41.14,3,31
54475,A,34.61,1,18
54480,A,8.57,3,20
54482,B,42.4,5,18
54489,A,49.09,5,15
54500,A,12.15,4,23
54513,A,61.23,3,19
54518,A,42.01,1,26
54524,B,102.02,3,18
54534,B,9.46,1,21
54538,A,20.88,2,26
54540,A,27.21,1,18
54542,A,11.4,4,17
54545,B,38.42,2,15
54547,B,22.06,4,29
54548,B,123.1,5,21
54555,A,17.68,5,22
54572,A,9.0,4,22
54574,A,72.81,4,20
54575,B,85.58,3,17
54577,B,16.52,5,24
54580,B,15.99,5,25
54589,A,19.76,1,5
54606,B,34.51,1,17
54607,B,13.36,5,15
54617,A,18.96,1,15
54623,A,35.54,4,23
54627,A,30.92,3,22
54638,A,81.79,4,17
54640,A,30.26,3,19
54644,B,23.58,2,23
54652,B,61.1,3,22
54667,B,31.16,3,23
54669,A,27.35,1,20
54678,A,13.77,3,17
54683,B,46.92,4,19
54684,B,53.64,1,21
54687,B,16.07,2,23
54695,A,60.81,4,23
54711,A,22.200000000000003,6,30
54714,A,50.55,1,27
54718,A,33.68,3,26
54720,B,47.81,2,18
54725,B,99.01,2,24
54727,B,34.61,4,25
54729,B,14.52,1,24
54732,A,28.95,2,21
54734,B,37.64,5,23
54735,A,25.71,3,23
54751,B,24.73,3,23
54765,B,14.62,4,18
54769,B,47.73,2,20
54793,B,30.03,5,21
54795,A,44.59,1,21
54804,A,61.13,3,17
54806,B,28.24,3,20
54821,A,10.83,2,20
54826,A,37.71,1,28
54833,B,14.7,4,24
54837,B,21.1,5,24
54840,A,7.38,5,14
54843,B,4.06,2,21
54846,A,47.66,1,22
54852,B,19.73,3,22
54860,B,21.6,1,18
54864,A,17.32,1,19
54871,A,20.09,3,26
54875,B,3.69,5,22
54879,A,37.37,1,20
54881,B,46.1,4,21
54905,B,4.16,3,23
54909,A,150.86,5,18
54913,A,64.93,1,24
54914,B,7.23,3,11
54915,B,22.61,4,19
54916,B,30.14,5,15
54918,A,10.09,2,4
54919,B,23.71,1,18
54924,A,22.19,2,18
54927,A,77.97,2,23
54932,A,54.37,1,19
54934,B,16.86,4,19
54941,B,3.56,2,21
54945,B,24.4,3,18
54957,A,17.6,2,18
54968,A,14.059999999999999,5,19
54971,B,69.83,7,23
54979,A,13.82,3,24
54990,B,18.66,4,21
54993,A,35.63,2,21
54994,B,31.74,1,22
55005,A,58.6,2,24
55014,A,13.13,4,20
55018,A,109.56,5,23
55034,A,37.53,4,22
55041,A,73.2,1,24
55045,A,11.73,5,27
55054,A,22.36,2,23
55055,A,40.55,2,20
55056,B,24.82,5,18
55072,A,23.28,2,20
55076,B,41.62,1,23
55078,B,14.63,3,23
55082,B,76.19,9,28
55086,A,33.22,4,22
55087,B,30.51,5,24
55091,A,15.16,4,17
55094,B,79.6,2,26
55103,B,37.59,2,22
55109,B,8.81,5,23
55110,A,47.87,5,20
55117,A,53.81,6,16
55131,B,68.74,10,24
55138,B,75.89,1,20
55143,B,30.8,3,19
55146,B,17.83,5,24
55158,B,24.75,4,22
55161,B,46.66,1,25
55165,A,12.09,5,19
55168,B,59.5,8,24
55170,B,28.77,1,22
55176,B,5.87,1,19
55190,B,11.46,5,24
55198,A,21.4,1,19
55207,B,37.57,3,20
55208,B,107.32,2,19
55212,B,27.1,3,20
55214,B,12.71,2,24
55217,B,26.51,4,15
55221,B,44.34,2,27
55226,B,50.59,4,25
55227,A,22.88,3,23
55231,A,73.33,1,19
55238,B,59.42,5,21
55239,A,57.29,6,25
55246,B,84.28,3,17
55248,A,30.37,4,21
55249,A,16.7,4,21
55256,A,53.99,4,19
55261,B,26.55,2,20
55268,A,23.21,2,19
55279,B,9.75,3,24
55302,A,14.64,1,25
55304,A,46.1,1,23
55311,B,5.38,1,19
55313,B,30.12,1,21
55317,A,28.09,5,21
55324,B,32.2,1,20
55326,A,25.01,2,17
55336,B,49.32,5,16
55339,B,38.1,1,26
55344,A,25.720000000000002,9,20
55359,A,12.48,1,23
55362,A,12.55,2,18
55365,B,3.07,5,22
55370,A,20.6,2,23
55379,A,13.49,2,6
55380,B,30.31,4,19
55385,B,62.52,5,18
55387,A,10.27,2,18
55396,B,39.32,1,17
55399,B,35.0,4,16
55402,A,49.83,3,22
55407,A,13.04,2,15
55415,A,50.73,3,18
55426,A,35.1,5,16
55436,A,130.41,3,20
55437,B,50.27,5,22
55442,B,23.9,4,18
55444,B,31.51,4,24
55448,A,41.13,3,19
55459,A,34.39,8,21
55460,B,7.54,3,21
55473,B,23.56,1,22
55479,A,6.94,1,19
55483,A,37.56,4,19
55488,A,110.4,7,19
55498,A,33.05,4,22
55503,B,39.01,1,23
55512,B,91.37,3,20
55517,B,21.95,5,25
55521,B,27.9,5,20
55522,B,3.2,1,20
55525,B,22.11,2,26
55528,A,73.86,5,25
55534,A,10.15,1,24
55543,B,52.7,1,20
55545,B,30.060000000000002,5,18
55546,B,14.4,4,24
55559,A,24.13,5,22
55561,A,14.1,1,7
55562,B,35.39,1,30
55569,A,34.57,1,22
55570,B,18.52,5,15
55571,A,47.24,3,25
55576,B,10.86,2,23
55577,B,28.22,1,28
55584,A,19.38,4,23
55602,A,13.52,3,13
55619,A,28.85,5,21
55624,B,53.74,4,26
55625,B,17.08,4,26
55637,A,31.88,2,22
55638,B,87.89,4,24
55642,B,23.91,2,4
55649,A,19.53,5,20
55676,A,9.71,3,23
55682,A,66.46,3,18
55689,B,22.21,4,21
55697,A,50.49,3,23
55702,A,27.97,3,20
55704,A,24.13,2,27
55708,B,27.64,5,4
55711,B,16.58,4,4
55714,B,25.87,1,16
55717,B,18.57,3,22
55718,A,46.35,1,24
55724,B,14.94,3,23
55735,B,4.81,4,27
55743,A,22.76,5,20
55748,A,23.9,5,28
55757,A,76.69,5,25
55758,B,25.14,4,20
55766,B,49.44,3,12
55769,A,19.94,5,19
55773,A,15.53,5,3
55777,B,11.35,5,18
55788,A,54.03,5,7
55798,A,49.11,1,21
55826,A,16.99,3,17
55828,B,73.28,1,20
55829,A,11.87,1,28
55831,A,13.52,2,3
55832,B,2.19,4,24
55851,A,27.990000000000002,6,21
55852,A,85.9,3,23
55857,A,23.45,5,19
55868,A,19.33,1,21
55869,B,115.02,3,14
55875,B,12.42,3,15
55880,B,50.79,5,23
55892,B,17.92,2,21
55896,A,53.72,3,17
55897,B,13.42,5,24
55899,A,32.129999999999995,7,20
55900,A,39.9,1,19
55903,A,22.11,5,20
55914,A,54.32,5,19
55917,A,30.38,2,20
55920,A,14.04,2,26
55924,B,19.8,5,19
55928,A,19.36,5,15
55931,A,35.16,4,25
55938,A,14.79,1,24
55939,A,11.16,2,17
55942,A,18.23,1,9
55943,B,48.57,3,24
55957,A,48.72,1,18
55959,A,12.99,4,24
55963,A,15.72,3,22
55966,B,83.24,4,21
55967,B,18.43,2,18
55972,A,12.06,4,17
55973,A,5.63,2,19
55976,B,43.78,9,24
55978,B,47.93,3,25
55979,B,71.66,4,29
55984,A,17.79,3,19
55987,A,26.660000000000004,7,20
55992,A,31.5,6,24
55999,A,119.21,3,19
56004,A,2.39,1,17
56012,A,39.47,5,27
56014,A,30.03,4,22
56033,A,18.94,2,19
56034,A,19.94,4,22
56037,B,14.32,1,22
56041,A,58.48,3,18
56042,A,22.42,4,20
56043,A,92.22999999999999,7,27
56044,A,15.47,4,27
56046,A,38.02,5,20
56052,A,37.04,5,23
56054,B,27.42,4,30
56063,B,51.2,1,17
56065,B,18.53,2,19
56090,A,12.79,2,23
56091,A,53.46,4,17
56094,A,7.66,4,21
56096,B,20.4,4,20
56101,A,24.69,4,21
56103,A,9.4,3,25
56107,B,34.31,1,20
56114,A,2.88,4,23
56117,A,48.95,2,21
56134,A,52.85,5,23
56139,A,48.27,1,21
56141,A,20.75,3,22
56150,A,29.65,3,21
56159,B,46.58,1,1
56164,A,58.61,2,22
56188,A,16.39,3,6
56194,A,7.92,4,19
56213,A,10.73,5,17
56217,A,22.15,6,18
56226,A,43.09,7,29
56230,B,61.81,3,21
56251,B,14.46,1,20
56260,A,20.46,2,22
56266,A,16.82,2,21
56267,A,37.34,5,18
56269,B,7.7,5,22
56275,A,67.13,2,21
56286,B,26.55,5,19
56290,B,63.35,1,20
56294,A,83.17,4,24
56296,A,12.43,5,24
56299,A,5.69,1,16
56301,B,28.58,3,29
56302,B,22.23,3,21
56307,A,2.25,4,29
56309,B,6.26,1,6
56311,A,36.73,3,17
56323,A,8.55,1,21
56326,A,54.16,3,24
56330,A,23.38,2,23
56332,B,10.44,3,23
56339,A,50.71,3,26
56340,A,17.64,2,20
56343,B,73.41,1,24
56352,A,18.21,3,23
56355,A,21.51,5,24
56365,A,32.74,2,21
56366,A,27.58,2,23
56395,A,9.58,2,30
56401,A,69.63999999999999,8,21
56403,A,60.11,3,24
56415,A,25.91,3,15
56416,A,112.04,4,24
56418,A,32.86,4,18
56421,A,48.11,4,17
56424,A,45.16,5,25
56427,B,33.84,4,16
56431,B,14.67,4,24
56434,A,30.95,4,24
56436,B,42.79,3,22
56437,B,18.41,3,25
56450,B,89.4,5,20
56457,A,35.28,1,19
56464,A,65.52,6,23
56470,A,25.64,4,23
56471,A,28.19,3,18
56475,B,60.54,3,21
56476,B,62.61,4,22
56495,B,41.64,3,22
56498,B,42.95,2,20
56508,B,4.02,3,2
56521,B,73.52,5,23
56527,A,14.63,1,21
56550,B,41.63,2,23
56554,B,3.11,5,23
56557,A,63.08,4,26
56563,B,75.58,3,29
56565,B,31.18,3,24
56572,B,23.44,4,13
56582,A,9.75,2,20
56584,B,13.99,1,16
56585,A,48.18,5,22
56592,A,10.56,2,6
56593,A,57.82,2,19
56594,A,31.11,3,7
56604,B,81.4,8,14
56613,A,26.91,5,13
56620,A,6.2,3,18
56622,A,40.33,4,22
56642,A,8.11,4,21
56644,B,94.23,2,15
56652,B,16.72,2,23
56657,A,5.68,5,20
56671,A,16.32,5,16
56674,B,22.15,2,21
56680,A,53.55,4,5
56682,B,24.35,3,20
56683,B,45.35,1,14
56686,A,18.16,3,20
56688,A,25.77,1,22
56691,B,18.07,4,23
56692,A,17.27,2,26
56693,B,20.8,5,17
56700,A,61.25,1,16
56706,A,11.58,3,19
56714,B,57.58,4,24
56715,B,12.71,1,23
56721,A,44.88,3,19
56742,A,35.400000000000006,4,20
56755,A,74.68,3,28
56763,A,7.34,1,26
56769,B,5.15,4,22
56786,A,37.37,3,19
56793,A,81.74,4,24
56815,A,36.25,1,23
56818,A,47.65,4,19
56819,B,27.71,1,21
56828,B,31.46,3,17
56836,A,12.21,2,24
56840,A,11.35,3,13
56842,A,5.52,3,25
56843,B,9.61,3,12
56848,B,57.36,5,24
56853,B,54.08,3,21
56860,A,20.42,3,22
56866,B,10.13,5,2
56875,B,101.69000000000001,4,17
56878,A,79.3,2,22
56879,A,23.38,5,22
56882,B,8.47,4,25
56884,A,55.56,1,24
56889,B,37.66,2,26
56893,A,27.16,5,22
56898,B,13.89,3,23
56907,B,9.35,5,22
56910,B,18.81,5,26
56917,B,39.3,4,20
56919,B,25.49,3,19
56920,A,32.92,3,26
56931,A,55.3,4,22
56934,A,30.130000000000003,7,21
56939,A,33.84,2,18
56948,B,7.86,1,23
56953,B,27.58,4,24
56957,A,76.43,1,25
56961,B,72.15,5,24
56962,A,6.83,5,20
56965,A,23.76,4,26
56979,A,25.71,5,22
56981,A,91.4,4,16
56994,B,32.63,2,19
57001,B,24.63,1,15
57004,A,63.54,8,17
57006,B,27.56,1,23
57011,B,43.48,1,19
57023,A,63.21,1,21
57025,A,23.61,2,17
57027,B,62.66,2,26
57033,A,16.82,2,21
57047,A,22.09,2,27
57068,A,24.8,4,21
57072,B,30.85,3,29
57074,B,99.46,6,26
57105,B,10.0,5,19
57107,B,47.79,5,18
57118,A,97.23,2,21
57121,A,2.7,5,21
57123,A,5.19,1,18
57128,A,76.35,4,17
57130,B,55.79,4,21
57147,A,24.56,4,21
57148,B,9.71,3,20
57151,B,17.68,3,12
57152,A,12.04,5,15
57159,B,34.4,3,20
57164,B,20.33,4,25
57165,A,30.61,5,24
57171,A,42.0,3,25
57173,B,44.33,7,24
57175,B,23.98,5,27
57184,B,53.489999999999995,7,21
57192,A,15.71,4,22
57193,B,13.51,2,27
57207,B,51.45,3,26
57221,B,93.43,3,21
57222,B,35.59,5,26
57230,B,38.53,3,17
57241,B,15.96,2,23
57246,A,16.6,5,17
57251,A,14.39,3,23
57258,B,22.03,4,19
57259,B,33.17,2,23
57274,A,25.25,3,23
57278,B,5.8,4,14
57280,A,96.29,1,14
57283,A,46.15,2,25
57286,A,7.08,5,23
57290,B,43.94,3,15
57293,B,10.25,3,21
57300,A,8.53,4,5
57310,A,38.61,2,14
57315,A,6.33,4,21
57318,A,78.28,12,19
57319,B,61.5,5,19
57320,A,6.23,2,20
57325,A,33.64,1,5
57332,B,14.66,1,25
57339,A,9.71,2,20
57340,A,18.69,4,22
57343,A,34.97,1,18
57351,A,95.44,3,23
57352,A,12.58,2,20
57355,A,46.06,5,28
57356,B,8.13,4,22
57358,A,65.85,7,21
57360,B,15.57,5,26
57361,B,28.54,4,19
57369,B,91.33,4,16
57381,B,72.03,10,24
57384,B,19.77,5,18
57394,A,6.61,2,26
57396,A,26.48,4,22
57399,B,23.8,4,24
57400,A,8.48,4,17
57419,B,50.7,2,21
57426,B,37.97,4,25
57427,A,24.1,1,21
57430,B,22.19,2,22
57438,B,124.24,3,22
57452,A,62.37,2,24
57454,B,5.91,4,3
57457,B,21.91,4,16
57459,B,42.85,4,22
57461,A,14.94,2,16
57464,B,35.48,2,26
57476,B,40.7,5,21
57478,B,35.08,1,20
57481,B,80.11,1,19
57490,B,11.35,4,19
57492,B,36.39,4,18
57493,A,44.7,1,15
57506,A,71.11,4,21
57509,B,14.02,2,30
57511,A,36.620000000000005,5,24
57514,B,22.22,2,22
57524,B,32.23,5,26
57525,A,45.48,2,27
57527,B,6.26,2,17
57533,A,29.49,2,5
57547,A,13.6,5,17
57551,A,61.43,1,24
57560,A,38.76,1,19
57562,A,24.48,2,21
57565,B,8.74,1,27
57566,A,20.36,1,19
57568,A,38.87,5,21
57575,B,44.62,1,4
57580,B,8.45,2,23
57592,B,9.38,2,29
57606,A,6.19,3,14
57610,B,28.88,5,20
57618,A,25.36,3,17
57622,A,32.18,1,21
57625,B,26.46,5,19
57634,B,21.77,3,20
57642,B,31.87,5,23
57655,B,16.47,5,30
57660,A,26.11,4,31
57678,A,13.03,2,21
57679,B,26.31,2,22
57680,A,8.43,3,17
57683,A,19.17,1,17
57689,B,22.33,5,23
57691,A,12.0,5,21
57692,A,42.37,5,22
57702,A,21.64,1,25
57705,A,37.11,2,22
57706,A,42.620000000000005,8,22
57713,A,28.32,4,24
57722,B,26.59,5,20
57738,B,31.37,5,25
57750,A,23.45,2,27
57754,B,36.77,2,22
57755,A,96.57,1,19
57774,B,30.13,2,4
57786,A,26.17,4,24
57793,B,67.62,4,15
57798,B,43.59,3,19
57800,B,43.47,3,26
57806,B,86.26,3,15
57809,B,126.19999999999999,5,21
57810,A,5.73,1,26
57818,A,60.24,5,30
57822,A,40.71,5,17
57828,A,8.17,2,26
57836,B,28.68,4,20
57840,B,40.91,2,16
57865,B,19.1,1,23
57872,A,31.69,4,22
57874,A,37.96,5,24
57876,A,47.02,3,23
57883,B,27.96,5,18
57886,A,15.83,2,24
57892,B,20.28,4,22
57894,B,31.6,4,18
57901,B,74.38,2,20
57902,B,16.54,2,24
57919,B,17.67,5,25
57925,A,83.59,3,24
57935,B,14.12,4,30
57950,A,21.73,1,17
57952,A,19.99,3,19
57957,A,10.82,3,24
57960,B,22.91,3,21
57965,B,42.85,4,22
58013,B,42.07,2,21
58033,B,48.82,2,15
58034,A,54.78,2,25
58043,B,9.94,5,22
58049,B,22.89,7,20
58050,B,19.28,5,30
58059,A,35.07,1,5
58064,B,23.09,4,19
58065,A,39.48,5,21
58072,B,25.16,3,18
58079,A,22.95,2,20
58083,A,66.07000000000001,7,23
58092,A,3.82,5,23
58094,B,6.7,2,23
58097,B,32.03,2,21
58098,A,10.25,2,18
58107,B,17.59,3,15
58108,B,26.69,3,21
58110,B,38.73,4,19
58124,B,5.69,1,21
58125,A,12.5,5,20
58128,B,96.95,2,19
58130,B,75.2,2,21
58137,A,59.88,1,15
58140,B,23.62,1,18
58147,B,31.56,2,26
58178,A,26.09,1,23
58179,A,19.21,1,23
58182,B,14.85,5,19
58189,A,31.86,3,17
58195,A,18.69,2,26
58197,B,3.95,4,23
58206,B,27.99,3,21
58213,A,14.71,5,23
58221,A,12.74,4,23
58226,A,94.3,1,19
58228,B,27.41,4,6
58243,B,94.37,1,27
58244,B,22.49,1,19
58247,A,13.26,2,20
58248,B,13.27,4,20
58251,A,17.92,2,23
58257,B,44.3,4,17
58268,B,33.04,4,30
58273,A,30.200000000000003,7,25
58274,B,84.25999999999999,6,26
58275,B,46.99,3,14
58284,A,29.77,7,23
58287,B,86.45,5,21
58305,A,21.46,5,26
58308,A,35.82,5,19
58310,B,43.11,8,32
58317,B,19.84,5,16
58321,B,7.48,3,25
58328,A,36.44,3,20
58329,B,51.59,1,23
58330,A,27.98,1,24
58336,A,20.14,5,22
58348,B,57.32,2,19
58360,B,22.74,1,25
58364,B,46.84,2,24
58372,B,14.34,4,4
58377,A,43.66,5,26
58384,B,43.21,2,23
58387,B,49.51,3,20
58398,B,70.84,3,22
58401,B,24.09,3,24
58422,A,18.11,3,15
58423,B,88.8,3,16
58426,A,9.96,1,21
58427,A,235.64000000000001,9,25
58430,A,6.13,2,25
58432,B,33.25,4,24
58441,A,19.74,1,16
58449,A,35.31,4,20
58466,B,26.41,5,20
58467,B,46.31,3,20
58491,B,55.87,5,27
58496,A,25.43,2,20
58507,B,12.32,1,16
58509,B,27.03,5,25
58511,B,40.34,1,24
58522,B,4.08,1,24
58528,B,68.51,1,18
58535,B,9.68,4,20
58536,A,74.35,3,27
58554,B,19.68,1,19
58558,B,8.3,1,16
58565,B,41.2,4,24
58566,A,16.479999999999997,5,21
58570,A,12.14,1,21
58592,A,8.67,3,19
58593,A,90.2,3,18
58598,B,27.12,4,19
58606,B,33.52,4,22
58615,B,48.06,2,22
58619,B,30.54,5,20
58621,B,36.71,8,20
58634,B,31.77,3,22
58640,A,31.24,5,24
58649,B,49.45,5,18
58654,A,12.79,3,22
58658,B,81.27,4,20
58662,B,16.35,1,21
58669,A,37.44,7,19
58676,A,48.93,3,25
58678,A,17.35,5,19
58682,B,63.09,5,16
58686,A,11.07,5,23
58687,A,31.5,4,22
58689,A,17.9,4,22
58698,B,12.89,3,29
58701,A,21.86,3,22
58709,B,47.14,3,28
58711,B,56.51,4,25
58712,A,12.81,4,25
58720,A,95.44,4,17
58728,A,80.19,5,20
58733,A,5.52,5,21
58737,B,2.73,5,21
58741,A,110.9,13,16
58743,A,53.67,8,23
58750,B,29.58,2,19
58753,A,14.2,2,20
58754,A,44.6,5,21
58759,A,5.91,2,19
58762,A,33.74,5,26
58765,B,18.68,3,23
58777,A,11.73,3,25
58789,A,33.05,2,25
58792,B,3.14,2,26
58797,B,40.37,4,23
58805,B,28.57,4,26
58806,A,32.21,4,19
58809,A,32.43,3,21
58811,A,31.27,2,17
58813,A,6.32,2,17
58815,B,13.19,2,17
58822,B,40.26,4,18
58824,A,68.58,3,24
58835,B,34.97,5,16
58837,A,4.42,4,22
58845,B,13.93,5,19
58853,B,54.77,4,24
58857,A,62.74,5,22
58864,A,36.36,8,27
58865,B,63.87,5,25
58867,B,23.13,2,28
58869,B,51.82,2,17
58887,B,45.94,3,22
58889,B,78.63,5,26
58896,B,114.98,5,22
58899,A,58.22,2,25
58905,B,17.71,5,20
58922,B,28.02,3,18
58927,A,37.58,2,24
58928,A,21.72,4,18
58930,A,18.06,3,17
58933,B,26.6,5,22
58936,A,18.17,5,25
58947,A,67.3,1,5
58959,A,9.74,4,17
58962,A,21.51,5,19
58963,B,11.37,5,23
58964,B,54.599999999999994,2,16
58978,B,25.37,1,18
58985,A,12.01,1,20
58988,B,18.16,5,22
58998,B,116.37,4,17
59009,A,6.97,3,18
59011,A,28.93,2,27
59012,B,77.37,3,21
59016,A,33.32,4,24
59036,A,115.73,5,20
59042,B,65.36,4,19
59049,A,55.15,1,19
59052,A,40.26,3,22
59053,A,15.58,3,19
59056,B,25.76,4,25
59060,B,11.85,2,19
59061,B,27.57,4,21
59064,A,11.07,4,19
59066,A,8.15,2,16
59070,A,30.13,5,27
59071,A,55.25,4,23
59093,A,109.85,2,24
59094,A,14.42,5,25
59096,A,27.22,2,21
59097,A,15.4,5,13
59100,A,14.87,2,28
59122,B,12.79,4,20
59126,A,4.97,3,21
59137,A,6.53,2,26
59149,B,15.35,3,21
59153,A,24.49,2,24
59158,A,22.83,3,24
59176,B,3.65,2,24
59185,B,9.65,2,19
59186,B,42.67,2,24
59187,B,27.85,4,25
59188,A,60.449999999999996,4,18
59207,A,9.96,1,24
59218,B,42.93,2,18
59223,A,18.87,4,23
59225,B,29.24,1,18
59229,A,67.08,4,20
59243,B,65.79,5,23
59256,B,78.45,5,14
59258,B,2.15,4,20
59267,A,14.54,3,13
59271,B,26.21,2,28
59276,A,32.08,1,24
59278,A,58.7,5,19
59279,B,86.07,5,20
59280,B,63.43,4,21
59284,B,26.59,4,16
59288,A,74.87,5,21
59292,B,4.77,4,22
59294,A,14.01,2,21
59297,A,58.5,2,29
59305,A,16.59,5,21
59311,A,19.61,4,16
59320,A,92.33,2,22
59322,B,32.58,4,18
59323,B,62.99,6,22
59324,B,4.68,1,23
59327,A,42.96,5,20
59333,A,62.96,5,20
59336,B,26.53,3,20
59342,A,37.04,1,21
59353,A,15.65,1,23
59355,B,67.51,4,22
59356,A,48.58,3,26
59365,A,10.63,1,27
59367,B,16.34,5,30
59369,B,17.55,5,21
59380,B,35.28,1,20
59381,B,43.15,1,15
59400,B,19.07,3,17
59401,B,13.4,4,23
59402,B,18.76,1,23
59409,B,5.84,4,22
59416,B,48.42,5,26
59423,B,33.3,5,12
59427,B,45.95,5,21
59432,B,21.92,3,19
59439,A,20.63,1,27
59441,B,59.4,3,16
59447,B,36.06,2,24
59455,A,14.24,4,23
59464,A,53.28,7,25
59477,A,23.47,2,20
59480,B,7.72,3,20
59484,A,13.65,2,21
59487,A,19.88,2,18
59492,A,53.01,2,23
59497,B,22.39,3,21
59502,A,44.79,3,20
59505,B,95.66,5,21
59516,A,28.49,1,24
59519,A,4.9,1,4
59521,B,38.77,1,20
59526,A,3.63,1,23
59539,B,24.87,2,19
59541,A,52.38,1,15
59545,A,42.24,4,24
59550,A,55.95,4,20
59551,A,40.32,4,26
59557,B,29.22,1,20
59565,B,12.26,1,23
59573,B,28.04,3,22
59574,A,41.03,2,22
59590,B,13.41,3,20
59591,A,19.56,2,27
59602,A,38.24,3,23
59606,A,23.46,1,19
59610,A,61.06,5,19
59618,B,122.25999999999999,4,25
59619,A,53.75,4,26
59621,A,1.62,4,29
59632,A,98.32000000000001,5,24
59634,A,57.46,1,25
59645,B,29.13,1,19
59647,B,22.5,2,23
59648,B,25.09,3,20
59671,B,54.43,3,22
59674,B,10.81,4,16
59676,A,1.82,5,27
59691,B,57.45,2,26
59692,B,82.78,3,20
59694,B,11.03,2,26
59703,B,50.81,5,18
59705,B,43.41,4,20
59707,A,19.68,2,26
59713,B,26.91,4,25
59719,B,15.8,5,13
59726,B,79.77,7,25
59731,B,56.02,2,18
59733,B,58.49,4,22
59739,B,6.92,1,18
59742,A,20.26,5,25
59749,A,68.54,4,20
59751,B,29.22,5,25
59759,A,74.33,5,17
59779,A,90.27,5,17
59800,B,17.39,3,16
59803,B,22.08,4,23
59809,A,34.62,4,25
59822,B,79.42999999999999,3,23
59835,B,18.29,2,18
59852,A,30.59,1,23
59856,B,24.9,2,24
59865,B,1.07,3,19
59868,B,36.03,1,18
59873,A,10.8,2,19
59875,A,6.81,4,21
59876,A,38.04,2,20
59885,A,39.44,2,6
59887,A,20.28,3,23
59900,A,44.47,2,18
59903,B,24.38,5,1
59905,A,36.12,2,24
59916,A,27.6,4,20
59922,A,17.59,1,17
59925,B,40.13,4,24
59929,A,34.97,2,22
59931,B,45.51,2,24
59935,B,52.58,2,24
59937,B,47.48,2,20
59941,A,53.07,3,18
59942,A,32.01,4,26
59955,A,33.73,5,15
59957,B,26.11,5,23
59958,A,24.27,4,24
59969,B,77.68,2,21
59970,B,47.8,1,29
59976,A,72.31,4,22
59979,B,37.9,3,24
59983,A,83.23,6,28
59993,A,51.42,3,19
60001,B,72.12,3,26
60002,B,31.54,4,24
60010,A,16.67,1,26
60011,A,42.48,5,27
60013,A,53.51,4,20
60015,A,10.8,5,22
60020,B,4.27,3,26
60047,B,21.74,1,21
60050,A,11.47,1,18
60056,A,34.71,1,22
60057,A,14.51,2,3
60065,B,18.61,3,22
60071,A,30.72,3,5
60078,A,48.38,1,15
60094,B,76.71,2,19
60101,B,55.22,3,22
60122,A,54.14,4,15
60129,B,11.96,4,16
60145,B,23.84,5,22
60153,A,28.97,4,23
60163,A,6.53,5,26
60176,A,50.14,5,23
60193,A,60.76,1,25
60217,B,63.21,3,23
60222,B,50.19,2,22
60229,B,29.59,2,19
60242,B,11.75,2,25
60249,B,5.11,1,19
60250,B,37.72,4,16
60252,B,25.9,5,20
60258,A,10.77,5,24
60260,A,57.239999999999995,3,22
60269,B,62.03,4,19
60270,B,11.51,3,13
60271,A,97.88,5,27
60278,B,48.08,3,16
60279,B,11.17,5,22
60280,B,16.67,3,13
60290,A,7.81,1,19
60291,B,20.65,5,19
60293,B,10.79,5,24
60296,B,14.29,5,24
60309,A,30.31,4,17
60311,A,66.57,6,26
60313,A,21.67,3,16
60318,A,19.77,3,18
60324,A,35.42,3,26
60333,A,21.94,3,23
60342,A,65.6,5,15
60343,A,64.53,1,25
60350,B,51.57,5,17
60354,B,72.54,3,18
60356,B,12.73,1,19
60362,B,49.0,2,17
60369,B,33.379999999999995,9,26
60375,B,64.32,5,16
60376,A,28.8,5,21
60384,A,63.27,1,20
60393,B,24.34,1,21
60395,B,41.54,2,23
60396,B,10.91,5,22
60403,A,33.64,5,24
60404,B,44.6,3,2
60416,A,13.65,3,24
60420,A,3.74,1,21
60430,B,16.51,2,19
60433,A,2.45,1,22
60437,A,40.34,1,25
60438,B,42.33,5,23
60447,B,44.65,1,20
60450,B,49.66,2,15
60462,A,82.94000000000001,5,24
60474,B,37.62,3,23
60476,A,27.85,1,21
60489,A,45.11,4,19
60492,A,19.83,3,27
60496,B,65.16,4,21
60498,B,25.0,3,18
60499,B,5.64,2,22
60514,B,25.36,1,24
60539,A,24.98,1,21
60543,A,6.17,1,18
60554,A,31.87,4,4
60558,B,30.84,3,16
60561,B,73.01,4,22
60591,A,28.31,1,23
60594,A,72.59,5,22
60601,A,19.31,4,17
60613,B,14.76,7,26
60628,B,17.74,2,19
60633,B,53.95,2,26
60669,B,13.53,3,27
60671,B,14.67,4,20
60673,A,48.36,2,19
60674,B,39.65,6,21
60683,A,22.42,2,24
60685,A,29.21,4,21
60693,B,12.73,3,23
60694,A,10.66,4,24
60704,A,20.07,5,20
60723,A,61.72,3,21
60731,A,31.05,1,13
60741,B,9.22,1,21
60743,B,38.08,1,16
60749,B,42.02,2,15
60758,A,4.05,4,19
60759,B,37.550000000000004,6,19
60767,A,10.86,3,24
60771,B,56.62,5,22
60772,A,9.89,5,16
60776,A,15.49,1,27
60785,B,15.03,3,22
60790,B,8.96,3,27
60794,B,46.41,5,19
60801,B,35.99,1,24
60818,A,25.26,5,28
60844,A,14.46,3,16
60860,A,14.36,4,18
60863,A,21.24,2,24
60871,B,63.06,5,25
60874,B,9.31,5,29
60883,A,31.15,1,23
60888,B,51.95,2,16
60896,A,88.91,4,22
60902,A,21.79,1,26
60904,A,37.66,4,16
60908,A,11.16,2,16
60924,A,44.75,1,20
60927,B,57.43,1,20
60933,B,29.09,2,21
60935,B,56.760000000000005,5,21
60938,A,14.91,2,19
60939,B,35.65,1,15
60946,B,21.15,3,21
60953,A,3.8,5,25
60959,A,22.71,3,25
60971,B,18.69,1,26
60978,B,15.7,1,26
60984,A,11.12,5,15
60992,B,24.8,4,23
60996,A,24.34,1,19
61012,B,28.88,7,22
61026,A,53.23,2,19
61031,B,28.3,2,23
61042,A,11.71,1,21
61091,A,21.18,1,18
61096,B,14.78,2,24
61098,A,39.21,5,20
61099,B,80.51,4,21
61108,B,25.7,3,20
61120,B,34.38,3,26
61123,A,15.26,2,22
61124,B,68.28,7,25
61128,A,28.74,3,19
61140,A,67.76,5,24
61145,A,22.58,3,21
61147,B,136.54,10,22
61160,B,85.67,3,22
61168,B,77.43,4,16
61176,B,41.27,5,29
61177,A,27.31,2,23
61186,A,38.38,4,30
61191,B,30.28,4,18
61196,B,48.98,1,24
61215,A,1.75,1,4
61217,A,16.69,2,20
61218,B,18.56,2,23
61222,A,25.97,5,27
61224,A,44.23,3,25
61229,B,29.43,2,27
61232,B,17.35,2,22
61238,A,11.83,2,17
61239,A,40.81,6,21
61243,B,40.62,1,20
61248,B,172.41,5,16
61255,B,10.62,2,24
61257,A,8.3,4,20
61278,B,58.27,3,21
61285,B,8.86,3,2
61288,B,5.29,5,3
61291,B,62.39,4,26
61300,A,17.37,1,19
61301,B,20.72,3,20
61308,A,4.88,3,18
61309,A,38.26,4,27
61314,A,32.47,1,5
61321,B,57.68,1,24
61328,B,149.65,1,25
61330,A,97.49,10,20
61332,B,9.34,5,25
61342,A,36.51,5,32
61347,B,72.97999999999999,9,15
61357,A,29.75,2,19
61358,A,20.15,4,19
61362,A,16.77,2,21
61363,A,10.64,1,27
61366,B,10.42,1,24
61368,B,27.04,1,23
61370,B,98.55,5,20
61386,B,44.55,7,25
61389,A,28.73,5,18
61395,B,14.39,5,18
61396,A,18.21,4,26
61403,B,30.07,2,15
61414,A,34.83,4,20
61418,A,25.89,4,18
61430,A,7.15,5,17
61432,B,21.28,2,24
61434,A,23.3,5,22
61453,B,33.19,5,18
61455,A,37.55,4,24
61460,A,53.32,5,23
61466,B,65.92,14,19
61467,B,69.59,2,18
61468,B,12.35,3,28
61494,B,42.46,1,21
61497,B,51.42,2,17
61500,A,35.26,2,17
61503,A,17.9,3,18
61504,B,68.38,3,21
61513,B,67.33,2,18
61518,A,39.39,3,23
61520,B,12.46,5,18
61528,B,49.23,2,20
61529,A,15.22,1,19
61544,A,18.31,5,13
61564,B,19.87,1,23
61566,B,21.35,4,22
61580,A,27.73,5,21
61583,B,32.21,5,15
61584,B,50.1,1,18
61605,A,2.8,2,23
61607,B,6.24,5,23
61608,B,38.84,5,27
61611,B,46.25,4,23
61624,A,29.61,4,21
61626,B,24.49,1,23
61629,A,6.54,5,18
61635,A,95.8,8,18
61653,A,32.91,2,21
61656,B,56.31,3,24
61659,B,7.1,1,22
61666,A,6.31,1,19
61668,B,13.22,4,19
61672,B,85.82,2,23
61687,A,33.59,5,20
61698,A,36.78,3,23
61699,B,12.77,5,23
61732,B,12.64,4,22
61736,A,8.25,1,24
61737,A,8.52,3,17
61761,A,26.7,2,19
61763,A,53.650000000000006,5,21
61766,B,45.21,1,20
61768,B,66.87,5,22
61773,B,13.44,5,24
61785,A,5.68,5,26
61795,A,11.98,2,18
61796,A,34.45,4,21
61800,B,52.04,4,22
61807,A,19.24,2,20
61809,A,22.68,3,18
61811,B,33.89,1,21
61812,A,25.5,4,18
61815,B,176.64999999999998,4,27
61817,A,7.55,4,17
61821,A,43.95,5,20
61824,A,45.77,5,24
61837,B,47.39,1,22
61840,A,11.77,5,19
61846,B,139.84,3,25
61849,A,28.61,3,20
61853,A,3.21,3,3
61855,B,29.46,2,22
61857,B,20.53,5,19
61871,B,19.89,3,26
61887,A,34.14,4,20
61898,B,58.81,4,14
61903,A,67.28999999999999,6,17
61910,B,30.46,4,12
61912,B,63.57,1,18
61927,A,24.38,2,18
61939,B,64.63,9,18
61945,A,20.68,2,19
61948,A,9.26,4,24
61962,A,8.94,2,19
61963,A,36.37,2,22
61966,B,26.77,3,20
61968,A,10.05,2,20
61978,B,68.62,1,19
61985,A,32.87,5,19
61989,B,24.22,1,19
61996,B,33.83,5,24
62005,B,25.47,4,23
62006,B,8.42,4,22
62007,A,16.46,5,23
62009,B,35.34,8,21
62015,A,46.21,1,23
62016,B,10.62,4,28
62022,B,117.81,4,25
62027,B,137.01,9,15
62047,B,24.74,2,5
62049,A,22.22,4,27
62050,A,32.11,2,26
62052,A,13.12,1,19
62053,A,8.92,2,17
62058,B,24.54,4,19
62062,A,18.1,5,22
62072,A,66.77,5,23
62073,A,7.8,1,22
62088,A,14.04,4,21
62096,B,40.6,3,15
62097,A,79.77,5,22
62116,B,14.15,5,30
62122,A,52.33,3,19
62125,B,8.73,4,20
62127,B,12.77,5,24
62134,B,125.12,5,23
62136,B,45.92,4,18
62146,A,52.8,2,21
62148,A,22.21,5,19
62154,A,70.47999999999999,8,26
62182,A,26.72,3,20
62189,A,83.55,3,24
62192,A,5.88,1,9
62194,A,10.57,4,22
62196,A,33.3,1,26
62202,A,19.57,2,22
62230,A,37.79,5,20
62236,B,8.7,2,24
62239,A,4.86,2,23
62240,A,66.07,5,4
62242,A,14.34,4,28
62247,A,27.799999999999997,8,26
62254,A,48.4,2,23
62256,B,13.98,4,4
62261,B,22.95,5,24
62270,A,32.4,5,20
62291,B,31.26,2,18
62298,A,24.93,2,24
62299,B,27.68,1,18
62310,A,42.02,5,8
62317,B,37.84,2,5
62320,B,26.42,7,30
62323,A,57.42,2,25
62332,B,125.54,6,19
62335,B,16.79,5,22
62342,B,17.66,4,28
62350,B,22.71,4,20
62374,B,22.49,3,24
62377,A,58.43,5,21
62385,B,36.43,2,28
62387,B,9.07,4,17
62390,A,75.84,4,15
62421,B,24.74,1,20
62425,B,18.85,5,23
62434,A,62.8,5,25
62442,B,31.34,4,17
62444,B,19.85,2,20
62446,A,25.98,4,24
62453,B,23.68,5,21
62454,B,21.41,2,20
62470,B,15.76,2,19
62492,B,14.18,5,23
62494,A,22.9,5,26
62497,A,43.23,9,25
62504,A,23.9,1,5
62505,A,18.98,5,18
62508,A,67.73,5,21
62514,A,44.39,1,22
62520,A,28.5,4,26
62526,B,49.54,1,22
62532,B,57.22,5,22
62538,A,104.13999999999999,12,24
62572,B,14.8,4,22
62573,B,14.57,3,24
62583,B,160.52,10,23
62596,A,11.61,2,25
62598,B,26.6,5,18
62600,A,42.85,3,26
62605,B,52.64,2,24
62611,B,7.39,4,23
62617,B,15.57,3,17
62624,B,34.48,4,30
62625,A,198.81,2,24
62633,A,48.75,6,23
62637,A,29.65,4,22
62639,B,2.52,5,19
62640,A,8.91,1,18
62653,A,10.03,5,18
62659,B,11.62,4,21
62667,A,58.36,1,21
62672,A,29.03,2,20
62686,A,19.27,3,16
62692,B,38.6,1,21
62699,B,62.150000000000006,8,18
62700,B,15.12,5,18
62708,B,7.51,3,26
62718,B,88.4,5,21
62720,B,19.48,2,19
62725,B,7.43,4,21
62726,B,2.49,4,22
62736,B,50.61,1,20
62743,A,23.42,5,22
62746,A,68.06,3,21
62759,A,79.52,3,22
62776,A,108.16,12,25
62778,B,71.13,5,22
62780,A,8.26,1,20
62786,A,12.31,1,22
62790,A,9.61,3,15
62808,A,5.16,4,29
62819,B,28.78,1,23
62820,B,38.55,4,21
62827,A,17.89,1,18
62838,A,8.09,1,20
62847,A,25.84,2,14
62849,B,23.34,5,26
62854,A,12.81,3,20
62858,A,1.73,5,26
62866,A,2.15,1,20
62877,A,32.76,5,18
62882,A,61.81999999999999,2,20
62884,A,52.0,1,24
62889,B,77.96,1,20
62897,A,78.66000000000001,7,27
62899,A,12.31,1,15
62902,B,16.76,4,3
62903,A,67.5,3,23
62904,A,4.02,2,21
62905,B,38.15,5,12
62909,B,23.6,4,19
62911,B,15.56,2,19
62912,B,32.79,3,21
62924,A,44.26,5,19
62931,A,14.45,5,22
62940,A,5.78,1,15
62943,B,47.14,5,24
62945,A,13.47,3,21
62952,A,6.7,1,22
62958,B,17.21,1,16
62959,A,41.9,3,18
62963,A,120.2,1,23
62968,A,7.39,1,21
62976,A,8.72,3,24
62978,B,27.06,5,22
62985,A,49.76,5,22
62986,B,17.81,1,16
62988,B,63.47,1,18
62998,A,3.34,1,14
63008,B,14.08,2,18
63021,A,5.11,3,19
63026,A,17.83,2,18
63032,A,23.6,1,20
63034,A,8.25,2,18
63037,B,23.18,5,22
63045,B,32.7,5,2
63047,B,46.55,3,18
63060,A,19.35,4,21
63061,A,12.71,1,18
63062,B,29.15,3,14
63074,A,13.59,1,20
63079,A,7.24,2,25
63084,B,73.53999999999999,9,16
63091,A,4.13,2,19
63099,A,13.33,4,21
63100,A,45.12,3,23
63103,A,62.68,2,20
63117,B,17.68,4,22
63118,B,32.1,5,17
63125,A,30.53,4,19
63131,A,3.26,2,17
63133,A,17.12,3,19
63137,B,37.16,2,17
63141,A,42.78,2,27
63142,B,49.21,2,24
63147,A,23.9,3,11
63164,A,24.09,4,21
63166,A,72.2,3,28
63167,A,48.64,3,22
63177,B,35.19,4,23
63186,A,29.86,4,21
63187,B,67.3,9,26
63196,A,26.84,3,26
63203,B,46.79,3,29
63204,A,42.55,1,20
63208,B,39.14,4,19
63211,B,28.11,2,22
63216,A,26.08,4,18
63221,B,12.32,3,18
63226,B,11.81,4,19
63235,B,24.22,5,18
63244,A,93.46,4,15
63251,A,46.24,3,4
63257,B,53.15,6,27
63264,B,21.18,3,15
63265,B,40.47,3,21
63291,A,38.4,4,24
63293,A,29.54,3,19
63296,B,7.5,5,5
63297,A,11.79,3,19
63303,A,59.39,3,15
63307,A,63.02,3,16
63308,A,11.62,1,18
63310,B,54.13,2,17
63314,B,47.09,1,4
63317,B,6.16,5,19
63324,B,27.52,1,21
63329,B,14.52,1,19
63337,A,12.5,2,24
63338,B,39.3,4,24
63351,A,44.85,5,18
63353,A,41.64,10,19
63372,B,24.12,2,20
63375,A,84.77,4,22
63381,A,8.76,4,25
63389,B,5.66,2,19
63391,B,2.34,2,22
63404,A,40.13,5,22
63408,A,81.46,5,21
63419,B,34.92,3,21
63421,B,28.54,3,24
63423,A,63.06,4,25
63430,B,68.45,4,23
63439,A,71.52,4,17
63441,A,25.79,3,23
63443,A,14.45,1,23
63444,B,17.09,2,26
63447,B,26.25,1,28
63448,B,35.5,4,22
63458,B,119.05,4,19
63459,B,49.08,5,19
63463,A,29.24,1,16
63465,A,16.95,1,21
63466,A,24.12,3,4
63479,B,74.59,4,25
63485,A,83.18,1,23
63487,A,19.02,4,20
63494,A,36.44,5,24
63510,A,18.93,3,22
63512,A,10.55,3,21
63518,A,110.3,4,24
63519,B,51.01,5,24
63522,A,4.98,4,26
63536,A,9.52,5,13
63546,A,56.29,4,19
63552,A,102.95,3,18
63555,A,4.98,2,27
63561,B,11.0,1,17
63564,A,19.6,2,29
63568,A,12.46,1,25
63573,A,116.44,9,22
63578,A,33.5,3,3
63579,B,33.96,4,21
63583,A,21.98,3,5
63585,B,24.56,4,26
63589,B,16.56,1,27
63601,B,35.55,5,25
63611,B,56.31,5,15
63612,B,36.82,4,22
63617,B,21.92,2,23
63622,B,27.73,2,20
63627,B,109.14,1,22
63633,B,47.93,5,25
63639,B,1.53,1,20
63660,B,36.06,5,28
63668,B,41.72,4,29
63671,B,41.1,2,12
63674,A,53.92,5,25
63692,B,21.75,3,13
63693,A,13.08,3,23
63699,B,8.24,5,21
63700,B,43.78,5,18
63718,B,12.33,3,18
63719,A,23.95,1,19
63738,A,5.47,1,21
63740,B,12.36,2,21
63753,B,10.29,1,21
63758,A,5.82,5,16
63761,A,37.6,7,21
63769,A,47.849999999999994,7,32
63774,B,11.59,5,21
63779,A,32.03,3,24
63780,A,67.34,5,27
63785,B,7.01,5,22
63791,B,104.9,2,24
63797,A,23.25,3,21
63802,B,60.72,3,26
63824,A,12.04,5,24
63846,A,119.1,3,26
63847,A,26.83,4,26
63882,A,12.84,5,24
63883,B,19.56,4,20
63894,B,80.88,5,23
63897,A,7.45,3,18
63900,B,34.08,2,25
63910,A,48.370000000000005,5,22
63913,A,36.38,5,25
63915,B,90.59,3,22
63919,B,56.55,1,25
63923,A,45.9,5,21
63932,B,12.5,4,5
63936,B,45.72,2,26
63946,A,34.18,3,26
63947,A,43.53,4,23
63948,A,27.36,1,22
63959,A,24.32,3,26
63960,A,39.46,1,18
63963,A,16.96,5,21
63979,B,32.18,1,27
63997,B,41.23,1,25
64007,B,24.32,5,21
64011,B,17.26,4,25
64012,B,40.3,2,15
64016,B,37.79,5,19
64023,B,58.12,2,21
64040,A,46.44,3,16
64053,A,27.58,5,23
64056,A,35.2,3,21
64074,B,98.06,4,17
64080,B,42.34,5,27
64083,A,8.92,2,20
64092,B,22.19,3,23
64093,B,3.33,1,20
64095,B,13.57,1,18
64096,B,34.35,4,25
64098,B,35.75,2,23
64107,A,14.95,3,16
64108,A,28.78,9,24
64129,B,36.4,3,20
64139,B,64.22,6,24
64150,B,36.27,2,22
64153,B,11.5,2,18
64157,B,80.13,5,20
64160,B,25.1,2,21
64162,A,11.68,3,22
64164,A,45.79,4,5
64166,A,18.1,4,17
64172,B,60.269999999999996,8,16
64173,A,32.15,2,24
64174,B,22.8,3,17
64177,B,52.2,2,26
64190,B,57.65,5,19
64191,B,57.1,5,14
64201,A,15.65,4,15
64202,B,90.84,7,25
64243,B,23.46,4,18
64245,A,36.64,5,13
64269,B,63.28,3,27
64279,A,36.39,8,19
64284,B,8.9,4,21
64291,B,100.54,1,22
64292,B,13.74,2,23
64297,A,9.13,4,26
64302,A,36.81,3,18
64306,A,28.99,2,21
64311,A,17.44,4,4
64324,A,3.51,2,27
64330,A,66.31,1,19
64334,A,29.06,5,24
64336,A,22.98,4,30
64338,B,12.73,4,17
64339,B,46.29,5,27
64351,A,118.01,3,4
64353,B,24.36,2,23
64356,B,13.19,3,23
64365,A,78.56,5,21
64368,B,18.38,1,23
64376,B,83.96,4,24
64382,A,21.3,4,20
64388,B,4.58,1,27
64390,B,7.74,5,21
64397,A,83.07,4,22
64401,A,55.39,7,25
64406,B,72.86,6,21
64410,B,22.25,3,26
64413,A,23.42,5,17
64416,B,56.89,8,23
64434,A,6.1,2,27
64436,A,48.53,3,26
64441,A,106.15,13,22
64443,B,23.38,3,18
64447,B,2.42,5,3
64460,A,99.47,1,28
64461,B,23.79,2,17
64471,A,9.64,4,18
64494,A,16.73,4,16
64500,B,26.77,1,24
64502,A,19.47,5,28
64513,B,57.16,5,20
64515,B,37.36,1,18
64527,B,34.3,2,23
64530,B,48.65,5,20
64531,A,46.28,2,20
64547,B,18.3,3,20
64548,B,21.23,3,21
64550,A,11.09,1,17
64551,A,16.84,5,17
64556,B,19.63,1,17
64557,A,28.73,5,25
64559,A,6.22,2,25
64565,B,35.47,5,13
64572,B,25.16,5,16
64575,A,19.33,3,16
64596,B,17.8,2,21
64598,B,6.85,4,17
64599,A,22.8,4,29
64600,B,24.83,1,24
64607,B,56.98,3,23
64619,B,15.0,5,30
64624,B,10.36,2,20
64631,B,9.22,5,19
64634,A,29.48,1,5
64641,B,41.27,1,22
64655,B,34.05,1,21
64669,A,37.04,2,20
64679,B,37.77,1,27
64681,A,22.68,4,25
64708,B,15.01,1,22
64710,A,25.82,4,22
64724,B,33.16,3,19
64742,A,13.02,3,22
64743,B,96.74,5,17
64744,A,87.46000000000001,5,27
64745,A,23.35,4,19
64746,B,24.38,1,14
64747,B,53.86,5,27
64749,B,20.44,5,26
64753,A,63.97,4,20
64761,A,12.82,4,25
64767,A,39.89,3,15
64768,A,57.36,5,2
64770,B,69.8,3,13
64778,B,16.86,4,19
64789,A,91.29,1,13
64808,A,10.6,4,17
64815,A,23.89,1,17
64821,B,18.47,5,20
64826,A,25.69,1,16
64829,A,12.94,2,24
64831,A,19.89,2,6
64832,B,79.55000000000001,7,21
64840,B,79.81,7,19
64843,B,91.03,8,13
64847,B,22.85,2,14
64857,A,41.64,3,22
64859,B,51.36,2,20
64874,B,18.43,5,15
64875,A,5.21,1,21
64878,A,39.48,2,27
64879,B,55.65,4,22
64880,A,27.94,1,13
64886,B,16.13,2,18
64896,A,16.52,4,24
64900,B,31.31,5,19
64912,B,13.56,2,23
64918,B,5.33,2,18
64920,B,45.36,4,23
64924,B,65.61,3,26
64932,A,14.76,4,22
64938,B,52.79,1,21
64943,B,19.28,3,14
64946,A,41.38,1,21
64954,B,42.44,4,23
64957,B,47.37,3,21
64958,A,60.2,1,23
64967,A,5.16,4,14
64980,B,61.4,1,17
64985,B,44.94,3,26
65007,A,5.39,4,12
65008,A,17.29,5,17
65012,A,37.67,3,25
65015,B,40.91,3,30
65027,B,8.59,3,23
65028,B,53.92,3,18
65034,B,13.08,1,24
65037,A,44.92,3,21
65049,B,15.31,3,22
65060,B,33.82,5,13
65070,B,12.13,2,23
65075,B,68.86,3,22
65076,A,87.38,1,19
65078,A,51.16,2,20
65087,B,31.73,4,28
65099,A,16.26,2,25
65100,A,27.09,2,17
65101,A,13.5,1,24
65106,B,72.65,2,23
65110,B,49.03,5,24
65112,A,14.77,2,12
65113,A,107.29,2,22
65119,B,9.71,3,15
65123,A,15.77,2,27
65128,A,27.01,1,22
65133,A,17.33,5,23
65151,B,38.51,5,26
65154,B,105.53,2,19
65165,A,18.05,4,20
65169,B,2.73,1,22
65175,B,31.29,3,14
65176,A,169.99,9,29
65182,B,33.07,3,24
65184,B,11.79,2,19
65186,A,29.69,4,15
65195,B,74.28,3,21
65196,B,34.87,4,26
65200,A,28.56,3,18
65204,B,31.77,2,18
65210,B,48.56,3,3
65214,A,32.86,5,22
65220,A,33.57,3,23
65226,B,21.6,1,21
65228,B,25.7,3,25
65237,B,15.95,2,22
65248,B,10.43,1,18
65253,A,30.99,1,25
65254,A,26.61,5,23
65260,A,46.12,1,21
65267,A,39.99,3,23
65270,A,34.48,4,21
65271,B,66.28,2,23
65277,B,26.05,2,16
65286,B,24.14,1,20
65299,B,58.51,3,20
65308,A,29.55,3,18
65323,B,11.85,2,23
65325,A,65.27,3,20
65326,B,35.74,1,15
65327,A,30.72,1,24
65329,A,49.29,4,12
65333,B,11.19,4,16
65335,A,18.49,4,19
65346,A,29.23,1,24
65356,A,49.45,4,4
65357,B,12.03,2,25
65358,B,17.87,2,21
65370,A,17.78,4,27
65373,B,59.96,1,17
65381,A,20.72,5,24
65386,B,85.82,1,19
65392,A,111.49,9,26
65395,A,61.87,8,23
65399,A,24.94,5,12
65403,B,8.51,5,24
65407,B,17.67,2,18
65410,A,16.87,4,25
65414,B,74.19,7,23
65415,B,23.95,1,28
65438,B,20.88,5,27
65440,A,29.79,4,26
65442,B,12.54,5,18
65444,B,101.94,4,21
65447,B,66.78,4,23
65457,A,9.41,4,22
65464,A,32.15,3,23
65469,B,56.68,3,22
65472,A,29.09,3,19
65473,A,17.9,4,22
65474,B,14.13,4,20
65475,A,7.16,1,18
65478,A,39.15,3,22
65497,A,16.35,3,23
65500,B,17.43,5,4
65501,A,11.91,2,24
65503,B,30.04,3,18
65504,A,56.09,3,21
65506,A,70.56,5,22
65511,B,68.7,3,21
65520,A,19.3,4,29
65525,A,7.69,4,6
65528,A,11.7,2,27
65529,B,17.76,4,21
65553,A,59.14,1,23
65556,A,91.76,1,21
65557,A,48.99,4,18
65567,A,54.42,3,19
65583,A,25.38,4,19
65595,A,6.84,3,23
65598,A,8.81,1,19
65602,A,0.62,4,17
65603,A,41.17,3,25
65605,B,24.98,4,25
65606,A,34.59,4,17
65607,B,22.84,2,20
65614,B,49.22,3,4
65621,B,17.51,1,19
65629,B,23.5,5,20
65636,A,7.71,10,17
65646,A,18.19,1,21
65647,A,19.44,4,21
65651,B,14.06,4,14
65652,B,30.07,2,19
65656,B,46.05,1,25
65658,A,18.29,5,23
65663,B,12.85,5,5
65670,A,17.36,7,19
65673,B,60.99,5,19
65675,B,54.25,2,22
65678,B,30.37,1,26
65688,B,10.21,4,22
65690,B,65.22,1,18
65696,A,6.75,5,23
65697,A,31.77,5,20
65705,B,25.94,3,15
65706,B,30.06,5,14
65713,B,129.27,5,23
65719,B,40.07,5,25
65720,B,40.879999999999995,6,24
65722,A,6.77,4,23
65724,A,58.58,3,23
65745,A,77.84,4,17
65748,A,12.44,4,24
65756,B,30.72,5,30
65769,A,74.67,4,22
65772,A,59.54,3,16
65773,A,27.06,3,26
65776,B,31.99,5,22
65786,B,67.65,4,17
65831,A,12.1,3,17
65832,B,9.69,1,18
65838,A,45.02,4,18
65839,A,38.92,3,22
65841,A,65.8,4,21
65842,A,7.38,3,27
65845,A,74.35,2,21
65846,A,11.19,4,22
65847,B,62.77,5,23
65859,B,13.95,1,20
65886,B,25.02,3,21
65896,B,14.5,2,21
65899,A,40.15,2,21
65904,B,11.94,2,17
65906,B,24.06,5,19
65909,A,36.8,3,25
65929,A,35.77,3,16
65935,B,11.7,5,21
65940,B,53.46,5,25
65947,B,19.12,4,24
65951,A,29.09,5,16
65953,A,45.19,3,24
65957,B,39.58,4,21
65971,A,20.17,5,21
65973,A,6.98,5,20
65987,A,28.96,1,21
65992,B,92.72,3,21
65995,B,3.85,4,15
65997,A,116.57,1,13
65998,A,23.95,1,25
66000,B,83.09,10,22
66006,B,53.12,1,23
66007,A,30.33,5,19
66009,A,30.63,1,21
66010,B,13.68,3,20
66012,B,65.59,3,22
66016,A,26.66,4,31
66017,B,44.16,2,25
66022,B,28.13,5,28
66032,B,46.54,4,24
66033,B,93.34,1,19
66036,B,101.39,5,20
66037,B,19.61,3,20
66046,B,4.42,4,24
66053,A,19.8,3,14
66062,B,72.82,5,18
66063,B,18.91,1,21
66064,B,53.19,5,25
66072,A,48.46,2,34
66085,B,38.51,5,22
66094,A,23.81,2,4
66097,B,16.38,5,24
66098,A,52.84,5,19
66102,B,33.91,1,19
66112,A,18.69,5,21
66113,A,9.81,4,18
66121,B,8.79,5,23
66122,B,34.96,2,17
66127,A,52.72,7,19
66136,B,50.02,2,21
66140,A,20.99,4,19
66145,B,91.79,3,27
66148,A,53.7,7,21
66153,B,36.96,1,17
66154,A,28.29,3,23
66155,B,2.6,1,24
66157,A,3.75,2,23
66170,B,31.18,2,18
66171,A,4.84,4,20
66174,A,58.81,5,20
66175,B,32.46,5,18
66180,B,43.86,1,22
66181,B,70.81,4,17
66186,B,23.12,5,15
66189,B,16.97,1,20
66191,B,27.98,4,23
66194,B,3.48,3,22
66195,A,39.75,3,22
66197,A,25.86,5,16
66198,A,2.58,4,13
66204,A,32.07,3,17
66206,A,30.88,5,26
66222,B,18.73,1,20
66226,A,25.94,2,7
66228,A,50.09,4,18
66232,A,33.41,4,4
66233,B,5.35,2,22
66237,B,9.37,1,28
66238,B,19.05,3,15
66247,B,17.88,4,19
66253,A,10.92,3,17
66265,A,75.77000000000001,5,18
66278,A,21.5,4,23
66281,A,31.83,3,21
66283,B,16.52,2,21
66287,A,26.71,4,18
66295,B,22.35,4,20
66296,A,46.0,5,23
66305,A,34.77,5,22
66325,A,30.41,2,25
66327,A,36.83,5,3
66328,B,12.06,4,24
66343,A,78.59,5,19
66348,A,83.25,4,21
66353,A,39.85,3,19
66355,B,66.87,4,28
66361,A,7.62,3,21
66384,B,10.8,3,18
66386,B,7.11,3,3
66401,B,11.98,5,27
66405,B,16.87,2,22
66417,A,8.75,2,23
66422,B,30.6,4,25
66428,B,38.71,5,5
66430,A,65.31,2,28
66451,A,55.48,2,19
66459,A,15.67,3,21
66463,B,17.16,1,16
66464,A,11.6,4,21
66469,A,32.43,1,22
66471,B,46.89,4,21
66473,A,21.04,5,24
66477,A,24.3,1,24
66480,A,24.21,1,20
66481,A,11.83,1,22
66489,A,33.38,4,24
66500,A,42.18,3,20
66502,A,28.99,2,18
66507,A,25.36,3,17
66508,B,25.84,2,20
66512,A,11.07,1,26
66520,B,10.08,3,19
66521,B,37.59,3,25
66524,A,3.6,1,18
66542,B,24.51,4,16
66548,B,48.06,5,19
66550,A,31.5,2,26
66557,A,15.72,4,25
66564,B,14.26,4,21
66566,A,16.59,2,24
66578,B,54.37,2,23
66579,A,52.72,4,15
66584,B,15.06,1,20
66586,A,58.48,1,19
66588,A,9.98,2,15
66592,A,20.34,2,28
66605,A,12.13,4,20
66607,A,77.97,4,24
66615,B,81.2,3,16
66616,A,52.64,2,27
66619,A,34.8,3,27
66636,A,64.41,2,24
66653,B,109.4,4,26
66656,A,51.44,4,18
66663,B,33.46,4,27
66669,A,55.87,5,25
66696,B,28.47,2,26
66701,B,42.08,2,22
66702,B,23.72,1,23
66714,B,36.34,4,22
66716,A,48.16,5,20
66717,A,4.87,1,23
66723,B,40.53,3,18
66724,A,74.98,1,14
66728,B,8.03,1,11
66735,B,39.43,2,20
66739,B,55.72,3,25
66740,B,16.05,4,24
66741,B,11.44,5,17
66749,A,29.93,5,20
66759,A,57.34,5,21
66761,A,45.99,3,24
66769,A,18.95,1,23
66778,A,44.54,4,7
66784,B,16.61,4,15
66793,B,71.22,4,17
66799,A,38.08,1,18
66806,A,56.32,3,18
66809,B,15.61,4,14
66838,A,7.86,3,19
66845,B,19.82,5,26
66847,A,36.92,2,21
66857,B,15.14,5,20
66869,B,19.35,2,21
66872,A,14.95,3,4
66884,A,85.02,5,16
66887,B,28.03,1,18
66889,B,11.99,5,17
66895,A,12.88,4,21
66901,A,41.4,4,19
66906,B,3.16,2,15
66911,B,73.92,3,1
66917,B,9.74,2,20
66923,A,32.75,4,21
66937,B,24.35,5,16
66940,A,14.88,4,20
66946,A,34.6,5,18
66954,B,25.74,3,18
66965,B,25.57,3,20
66973,B,29.95,4,24
66980,A,14.34,2,16
66986,B,29.94,3,22
66989,B,9.09,1,20
66994,A,23.43,6,20
67002,A,8.29,4,22
67013,A,66.21,3,20
67015,A,33.69,3,19
67019,A,24.06,3,23
67024,B,41.92,5,20
67027,B,19.53,4,18
67028,A,53.77,4,23
67037,A,19.98,4,27
67039,A,63.58,4,21
67040,B,83.37,4,5
67046,B,47.82,1,24
67074,B,7.56,4,25
67078,B,3.0,4,26
67080,A,51.51,5,24
67081,A,17.54,1,25
67095,A,17.58,1,19
67100,A,9.29,3,17
67114,A,21.37,1,21
67121,A,36.24,2,22
67128,A,27.31,2,24
67133,B,12.23,2,18
67143,A,37.96,2,20
67144,B,11.0,3,25
67157,A,52.01,1,21
67159,A,20.28,2,23
67173,A,13.56,1,24
67174,B,12.97,2,23
67175,A,21.35,4,18
67182,B,60.93,4,19
67183,A,10.32,4,20
67187,B,38.05,7,24
67188,B,76.91,1,23
67194,B,53.29,4,20
67196,A,7.62,5,17
67203,A,43.34,2,4
67207,B,12.3,4,23
67209,A,68.12,2,21
67212,A,37.36,8,23
67216,A,57.12,2,26
67217,A,33.1,2,26
67220,B,31.25,1,13
67225,A,19.9,4,24
67232,A,7.31,5,23
67234,B,57.89,2,29
67244,A,26.22,2,24
67253,A,71.97,4,21
67259,B,6.79,3,16
67267,B,27.64,5,24
67268,B,10.37,1,25
67285,A,40.69,3,22
67290,A,65.83,5,23
67292,B,28.03,4,25
67293,B,1.98,1,23
67316,A,9.75,1,18
67318,B,18.69,3,18
67322,A,21.59,3,27
67324,B,11.34,2,21
67338,B,120.51,4,22
67346,B,10.53,1,22
67360,A,8.8,2,16
67364,A,42.43,4,22
67376,A,15.16,2,23
67383,A,13.17,3,23
67386,A,29.3,5,17
67393,B,60.92,2,23
67398,B,19.45,5,21
67405,B,22.09,4,13
67412,B,16.71,4,22
67420,A,15.84,2,21
67429,B,35.23,4,18
67430,B,119.62,5,24
67438,B,9.35,3,19
67469,B,35.08,3,18
67471,A,42.87,4,15
67472,B,32.88,4,21
67482,A,20.6,3,20
67488,B,25.56,5,19
67497,B,4.88,1,21
67498,B,49.11,5,25
67512,B,50.01,5,23
67514,B,4.28,3,17
67515,A,54.94,4,19
67517,A,29.9,4,16
67519,A,26.74,4,18
67520,B,94.95,2,26
67524,B,20.94,5,22
67525,A,36.77,5,19
67527,B,73.37,4,26
67541,B,37.33,3,17
67547,A,43.11,3,24
67557,A,64.63,2,22
67558,B,53.97,5,25
67564,A,46.52,5,21
67566,B,11.78,5,21
67572,A,20.38,4,21
67574,A,29.37,2,23
67575,B,31.21,2,18
67586,B,51.15,3,24
67592,A,24.75,1,24
67601,B,57.39,1,5
67607,B,14.35,1,19
67608,B,20.1,1,23
67615,A,10.71,5,26
67616,A,29.92,4,22
67620,A,44.79,1,20
67632,A,8.76,2,22
67641,A,23.66,3,17
67643,B,22.66,5,21
67645,B,57.15,2,22
67647,B,47.48,5,30
67648,A,23.53,1,22
67657,B,11.4,5,18
67661,B,28.46,2,23
67667,B,86.7,1,24
67682,B,26.93,4,22
67691,B,29.4,3,26
67706,A,21.59,5,4
67709,A,20.09,5,26
67710,A,40.3,2,25
67732,A,55.43,4,24
67739,A,50.72,3,22
67743,A,56.17,1,17
67744,B,17.0,5,19
67749,B,31.61,4,18
67754,B,87.7,8,16
67756,A,13.32,3,26
67759,A,13.16,1,22
67773,A,46.76,2,27
67776,B,55.35,1,24
67778,B,62.31,2,32
67784,B,26.91,5,20
67792,B,47.53,2,20
67796,B,63.02,2,19
67797,B,22.67,5,19
67805,B,60.23,8,26
67807,B,25.97,1,22
67809,B,26.93,3,18
67821,A,14.52,5,28
67823,B,80.45,4,2
67830,A,11.39,4,16
67831,B,20.31,3,16
67833,A,4.77,2,25
67849,B,75.98,6,21
67856,B,19.04,3,10
67857,A,41.42,3,19
67862,A,75.07,4,27
67864,B,18.73,1,5
67865,B,41.25,5,28
67867,B,2.99,3,25
67872,B,85.0,12,26
67876,B,23.65,4,22
67887,A,24.21,2,23
67893,B,7.37,2,21
67896,B,12.45,2,19
67902,A,23.619999999999997,9,25
67911,B,29.36,5,18
67917,B,6.51,2,23
67921,A,18.42,3,21
67937,A,15.13,2,24
67941,A,39.8,5,19
67947,B,28.77,4,20
67950,B,36.12,5,22
67962,A,55.92,4,22
67964,A,23.77,3,17
67969,B,18.11,1,18
67983,A,8.0,1,21
67990,A,40.53,8,20
67991,B,18.13,2,17
67999,B,53.68,5,19
68022,A,70.55,2,23
68026,A,73.86,1,21
68030,A,16.4,3,22
68033,B,15.11,3,19
68035,B,16.93,3,26
68046,B,20.02,5,20
68047,A,119.5,4,18
68048,A,40.1,4,18
68049,A,21.4,6,22
68052,B,25.16,3,17
68053,B,35.07,2,21
68056,B,85.03,4,22
68072,A,17.18,1,21
68078,A,31.54,4,21
68083,A,25.97,5,25
68092,A,21.32,1,24
68105,B,15.04,5,21
68109,A,20.48,2,21
68111,B,16.99,2,20
68129,B,28.26,2,21
68137,B,9.96,4,15
68144,B,23.6,1,21
68145,A,34.39,5,23
68160,A,14.58,5,20
68161,B,1.45,3,22
68162,A,66.35,3,23
68175,A,29.85,1,24
68184,A,37.59,2,29
68185,B,27.51,1,19
68187,B,29.33,5,17
68205,B,29.7,3,24
68215,A,17.1,5,23
68216,A,11.13,1,26
68218,B,34.72,4,28
68227,B,8.93,4,23
68240,B,25.04,9,17
68244,B,73.31,4,21
68267,A,52.13,7,16
68298,B,9.18,1,13
68299,B,22.35,1,28
68306,B,6.16,1,20
68307,B,86.49,4,3
68318,B,65.48,4,14
68319,B,19.27,4,23
68328,A,42.62,5,19
68342,A,64.37,5,22
68343,A,21.03,5,22
68351,B,65.1,3,17
68354,B,11.44,1,21
68355,A,23.43,2,23
68367,A,31.29,1,15
68380,B,15.71,5,16
68383,A,12.2,1,16
68390,A,52.42,2,23
68391,B,57.28,4,22
68395,A,21.49,5,27
68397,B,67.79,3,17
68398,B,53.57000000000001,9,28
68400,B,10.18,5,19
68405,A,17.7,5,21
68409,B,43.17,2,29
68413,B,74.08,3,18
68416,A,51.83,4,21
68418,A,20.62,1,21
68422,A,16.64,5,28
68423,B,11.39,1,17
68435,A,66.34,3,19
68436,B,40.09,3,24
68443,B,10.41,1,16
68449,A,55.63,4,25
68460,B,26.71,3,21
68472,A,26.79,2,22
68477,A,14.0,5,17
68480,B,30.65,2,14
68483,A,32.72,5,13
68495,B,12.88,2,21
68502,B,13.09,3,22
68518,A,49.59,4,27
68520,B,30.98,1,18
68522,A,94.2,5,23
68524,B,7.66,1,24
68527,A,38.05,3,3
68530,B,7.41,1,3
68536,A,9.36,2,22
68543,B,64.89999999999999,4,23
68548,A,18.38,2,30
68553,A,53.85,2,20
68559,B,26.7,4,23
68560,B,29.9,5,22
68562,B,19.65,1,20
68564,A,25.05,1,17
68572,B,83.41,2,18
68584,A,29.91,2,25
68587,B,68.87,2,20
68590,A,14.85,2,19
68603,B,21.77,3,19
68624,A,18.17,5,22
68632,B,14.22,3,24
68643,B,20.3,1,19
68653,B,37.98,4,17
68662,B,10.85,3,25
68665,B,48.56,5,20
68666,A,3.78,1,14
68668,B,18.76,4,21
68676,B,11.44,4,21
68677,B,57.21,2,22
68693,A,22.6,4,24
68694,A,23.21,3,27
68695,A,21.44,4,19
68703,B,9.77,2,21
68712,B,68.2,2,28
68733,B,34.21,5,4
68744,A,31.11,5,23
68750,B,22.72,2,23
68751,B,84.35,5,21
68763,B,90.85,8,29
68775,A,47.45,4,22
68791,A,12.13,3,27
68792,A,31.03,5,20
68795,A,10.41,2,18
68796,B,26.93,1,24
68799,B,45.16,4,26
68801,B,45.36,1,20
68804,B,14.03,2,21
68810,A,18.94,5,22
68825,A,34.43,3,22
68828,A,3.11,1,21
68833,A,6.72,5,13
68838,B,20.76,1,24
68849,A,55.36,5,28
68850,A,23.11,3,26
68854,A,45.9,4,19
68855,B,10.26,3,24
68856,B,43.28,4,24
68862,B,107.04,1,22
68865,A,8.48,1,25
68878,A,19.32,4,23
68883,A,36.73,3,21
68884,A,36.18,2,21
68909,B,65.26,5,23
68915,B,22.02,2,24
68920,A,42.27,3,18
68923,A,3.43,1,12
68932,A,18.07,4,14
68936,B,73.5,3,19
68942,B,11.59,1,18
68950,A,5.33,2,23
68959,A,41.24,1,25
68961,A,42.77,1,19
68966,B,2.2,5,16
68986,B,29.83,1,23
68992,B,44.54,2,3
68999,B,42.95,1,22
69000,A,4.05,1,21
69005,A,24.04,1,16
69012,B,28.85,3,22
69025,A,3.78,4,20
69026,B,33.51,4,26
69027,B,7.96,1,21
69033,A,14.35,5,19
69044,B,6.48,4,21
69048,A,52.76,3,23
69066,A,12.67,3,22
69069,A,64.8,6,18
69080,B,27.11,4,20
69094,B,42.9,3,21
69098,B,7.05,4,19
69107,A,1.94,4,20
69116,A,48.97,3,17
69117,A,58.53,4,26
69131,B,10.18,2,22
69133,B,45.63,3,21
69135,B,57.37,2,19
69137,B,19.65,2,21
69145,B,19.79,5,22
69154,A,84.18,2,17
69156,B,29.91,1,25
69165,A,19.69,1,19
69166,A,36.32,3,24
69170,A,39.84,1,28
69171,A,69.09,3,25
69178,B,115.13,5,6
69191,B,5.3,4,16
69198,A,3.99,5,24
69203,A,22.42,1,20
69210,B,8.13,2,18
69211,A,13.72,1,18
69226,B,42.21,5,24
69229,B,23.0,3,24
69232,A,10.08,5,23
69235,A,40.02,5,23
69239,B,15.36,3,24
69241,A,15.43,4,4
69242,A,122.46000000000001,5,19
69246,B,38.92,1,25
69247,A,30.91,1,27
69251,B,38.17,3,17
69252,B,6.54,2,18
69257,B,68.71,3,20
69263,B,7.71,3,25
69276,B,84.22,4,20
69280,B,6.53,3,23
69285,B,34.36,5,19
69289,A,2.91,2,14
69292,B,17.509999999999998,5,26
69294,B,29.07,3,22
69300,A,73.66,6,21
69301,B,22.04,3,15
69302,B,22.26,1,22
69309,A,24.13,3,21
69315,B,46.78,4,19
69318,B,87.64,1,20
69329,A,30.99,5,24
69331,A,40.31,5,22
69337,A,15.86,2,27
69342,B,38.83,2,18
69346,A,10.64,2,19
69359,A,46.69,3,18
69365,A,75.99,5,22
69368,A,21.59,4,26
69370,A,77.21,4,19
69398,B,46.38,3,30
69399,B,9.32,2,28
69402,B,82.56,2,21
69403,B,15.44,5,24
69404,A,80.32,5,4
69417,B,11.75,3,27
69423,A,25.59,3,20
69427,B,22.65,1,18
69436,A,8.64,1,21
69449,B,36.82,5,19
69455,A,9.28,3,23
69457,B,21.29,3,23
69464,B,83.37,6,15
69479,A,54.13,1,21
69485,B,12.84,3,17
69497,A,36.4,4,23
69502,B,48.41,5,23
69513,A,44.88,1,20
69518,B,19.4,2,25
69520,A,25.43,1,18
69534,B,135.58,4,17
69548,A,30.5,1,20
69550,B,34.94,3,13
69561,B,27.43,2,24
69562,A,27.44,4,13
69576,B,14.65,5,23
69577,B,36.11,5,18
69586,A,17.16,5,21
69587,B,30.52,1,21
69605,B,12.04,3,20
69614,B,21.78,2,21
69615,A,31.62,5,26
69618,B,108.83,2,23
69619,B,7.88,4,5
69627,B,13.04,2,20
69632,A,63.22,2,20
69636,B,12.06,5,18
69637,A,73.7,3,26
69647,A,2.03,4,19
69650,B,37.57,3,3
69651,B,10.41,5,23
69667,B,13.07,2,23
69695,B,12.74,1,20
69698,A,81.39,3,29
69705,A,11.9,1,23
69716,B,41.25,3,31
69721,A,46.58,3,26
69726,A,23.75,2,26
69731,A,10.58,4,24
69737,B,66.69999999999999,6,27
69739,A,25.54,3,18
69740,B,52.78,5,21
69745,B,12.91,4,20
69747,B,84.88,4,3
69757,A,19.39,5,18
69760,B,41.62,2,23
69764,A,5.31,2,21
69770,B,77.34,2,20
69772,B,83.53,1,21
69773,B,43.35,1,21
69775,A,19.94,4,22
69779,B,111.11999999999999,5,24
69783,A,12.58,1,19
69788,B,60.78,6,18
69798,A,74.25,4,19
69802,B,41.05,2,23
69811,A,30.19,1,22
69819,A,23.33,5,27
69820,B,30.7,4,27
69822,B,26.61,3,23
69828,A,12.43,2,21
69832,A,83.34,4,20
69844,A,36.78,3,18
69849,B,17.51,4,18
69855,B,36.32,1,21
69857,B,8.83,1,26
69858,B,23.86,2,20
69865,B,31.16,4,19
69876,A,78.61,3,18
69878,A,4.36,1,26
69881,A,48.31,5,22
69884,A,65.18,4,23
69891,B,32.54,5,26
69895,B,12.62,5,18
69904,B,21.34,5,18
69918,A,19.11,1,20
69927,A,9.19,2,27
69930,A,26.04,1,24
69933,A,6.33,2,22
69937,A,57.05,1,21
69943,B,103.7,4,15
69944,A,21.04,5,3
69947,A,89.74000000000001,6,28
69967,A,28.63,4,24
69971,B,18.87,1,20
69972,A,54.15,7,22
69983,A,12.25,3,23
69984,A,22.18,5,20
69993,B,22.64,4,14
70009,A,44.01,4,7
70010,A,30.32,1,22
70023,A,40.78,4,15
70036,B,160.58,1,27
70039,B,40.25,5,20
70046,B,24.29,5,20
70049,A,14.82,2,15
70050,B,8.07,2,18
70055,B,28.08,1,26
70082,A,23.39,3,17
70092,B,59.0,2,21
70098,A,16.2,3,23
70108,A,11.27,2,22
70109,B,16.03,4,15
70115,A,58.54,1,23
70120,B,10.18,2,23
70124,B,13.24,4,25
70130,B,33.12,4,22
70132,A,33.9,6,17
70135,A,23.19,4,23
70141,A,30.76,1,23
70159,B,29.1,2,21
70161,B,16.94,3,20
70167,A,48.83,3,19
70175,A,88.79,1,22
70180,B,5.61,5,20
70194,B,42.82,1,29
70197,B,19.4,5,20
70207,B,25.4,3,21
70208,B,28.35,4,12
70209,A,19.87,5,24
70210,B,108.19000000000001,8,24
70211,A,27.64,5,18
70221,A,8.87,3,26
70250,A,25.21,4,19
70251,B,20.76,4,19
70252,A,20.09,5,15
70261,B,68.93,5,19
70268,B,18.88,1,18
70281,A,54.38,4,19
70286,A,28.23,8,33
70288,B,1.88,5,17
70303,A,18.02,2,17
70306,A,32.36,5,20
70311,A,7.41,1,21
70313,B,8.93,1,16
70314,B,32.03,4,21
70315,B,36.33,2,27
70319,B,35.3,3,20
70321,B,39.94,4,21
70330,A,39.62,2,20
70347,B,21.93,2,19
70352,A,29.76,3,21
70359,B,88.16999999999999,8,19
70365,A,31.32,3,27
70367,A,16.28,2,22
70372,B,15.03,2,21
70373,B,9.25,5,26
70391,B,30.04,5,19
70393,B,11.28,4,22
70395,A,33.41,1,20
70405,B,17.79,2,23
70410,B,27.64,4,13
70417,A,28.31,6,26
70422,A,43.93,3,18
70436,A,17.54,1,14
70440,B,69.98,9,26
70444,B,34.46,3,28
70448,B,18.28,2,17
70453,A,28.7,5,15
70458,B,17.63,4,21
70465,A,115.09,10,22
70478,B,41.96,5,23
70487,B,25.36,1,14
70488,B,19.56,4,21
70497,B,17.63,5,23
70499,B,54.52,4,23
70500,A,79.28,2,20
70513,B,44.19,2,22
70518,A,31.09,4,18
70520,B,44.76,2,18
70527,A,20.78,3,18
70531,B,11.56,1,24
70534,B,23.78,3,19
70539,A,25.52,2,17
70544,A,22.07,3,19
70555,A,40.75,3,18
70567,A,58.33,4,23
70574,A,29.14,4,25
70592,B,36.74,2,19
70597,A,10.43,5,22
70599,B,16.91,5,20
70601,B,4.91,2,23
70613,B,17.01,5,25
70624,B,19.41,3,25
70626,A,59.129999999999995,6,26
70630,A,20.38,5,26
70635,A,31.64,3,20
70640,A,26.78,1,16
70644,B,10.86,3,18
70650,A,31.14,4,16
70653,B,31.07,5,22
70661,A,5.09,2,20
70663,B,61.07,3,21
70674,A,74.45,1,20
70683,A,24.87,1,22
70693,A,49.9,5,22
70698,A,72.05,3,27
70699,B,81.1,1,22
70709,B,24.53,5,25
70714,A,57.83,8,17
70717,A,59.92,2,23
70721,B,16.03,4,19
70727,A,33.44,3,23
70733,B,11.07,5,20
70736,B,27.48,4,21
70737,B,86.15,5,23
70757,B,53.92,5,22
70762,B,11.31,2,17
70763,A,9.8,5,27
70769,B,59.36,5,25
70772,B,194.01,6,28
70775,B,19.76,3,17
70777,A,11.61,2,23
70783,A,16.53,3,26
70788,A,26.81,4,22
70792,B,15.0,5,22
70796,A,22.94,5,20
70799,B,6.42,2,25
70810,B,8.87,5,21
70815,A,12.5,3,28
70820,A,43.56,4,28
70822,B,8.32,1,28
70824,A,13.07,2,22
70828,A,22.45,4,14
70829,B,55.7,8,24
70846,A,31.19,4,24
70847,A,38.16,5,15
70861,A,7.44,2,25
70862,B,55.63,3,24
70866,B,32.58,3,15
70868,A,55.68,4,23
70872,B,8.03,5,24
70876,B,29.43,4,15
70878,A,4.22,2,25
70880,A,64.43,5,25
70881,A,45.43,6,21
70891,A,7.87,5,24
70896,A,18.05,5,28
70898,B,79.53,1,23
70904,B,12.68,3,20
70918,A,61.36,5,23
70921,B,15.66,3,23
70923,A,123.44,2,19
70924,A,27.23,4,22
70925,B,86.34,9,14
70927,A,24.43,5,15
70934,A,9.85,2,17
70935,B,31.12,3,21
70938,A,20.23,2,18
70955,A,30.04,1,18
70965,A,44.11,5,17
70967,B,47.739999999999995,5,19
70973,B,22.08,1,18
70974,B,40.53,4,23
70975,A,51.79,2,3
70977,A,13.49,3,21
70995,B,69.66,3,27
70997,A,45.49,2,16
71003,B,60.88,2,20
71007,B,32.71,4,24
71022,B,19.01,4,17
71023,A,28.57,3,26
71037,A,39.32,5,20
71045,A,30.75,3,19
71051,B,4.36,4,16
71057,B,14.95,4,17
71058,A,27.65,3,24
71074,B,60.6,2,31
71076,B,22.78,1,25
71081,A,44.6,5,18
71083,B,12.23,2,21
71088,B,21.14,4,18
71089,A,18.97,1,18
71096,B,63.58,2,16
71104,B,82.72999999999999,7,22
71112,A,12.11,4,19
71122,B,31.46,1,27
71138,A,41.19,5,20
71139,A,60.11,3,27
71142,B,32.49,4,20
71150,A,70.68,2,22
71154,B,18.45,3,24
71161,A,58.94,4,24
71164,A,11.96,3,4
71168,A,14.08,3,19
71177,B,3.88,1,21
71181,B,38.03,5,20
71184,B,19.44,1,16
71185,A,44.39,1,22
71188,B,19.88,2,28
71194,B,66.36,6,18
71196,A,27.82,3,20
71198,B,78.78,10,30
71205,B,173.51999999999998,9,21
71206,A,33.9,2,4
71207,B,61.44,2,22
71214,B,22.31,3,23
71215,A,60.88,1,17
71218,A,23.97,1,22
71221,A,20.39,4,19
71224,B,7.9,4,24
71226,B,90.84,1,21
71233,B,67.39,4,19
71237,A,15.42,5,16
71238,A,11.31,2,25
71241,B,27.12,3,19
71247,A,39.35,2,26
71262,B,13.21,1,17
71264,B,37.86,3,20
71265,B,19.91,1,23
71266,B,23.83,5,19
71273,B,15.92,4,21
71276,A,79.03,1,21
71284,B,25.61,5,26
71288,B,32.25,4,15
71294,B,20.77,4,22
71296,B,18.65,2,25
71297,A,12.22,4,22
71300,A,6.61,3,19
71303,B,63.84,3,15
71307,A,2.34,1,27
71326,A,42.73,5,20
71330,B,34.41,5,31
71338,B,14.2,3,20
71344,A,24.49,3,24
71363,A,15.82,5,16
71366,B,48.65,2,20
71372,A,22.05,4,19
71383,A,101.31,2,22
71400,A,12.98,2,19
71404,A,49.85,1,14
71421,A,21.66,2,24
71423,A,2.94,2,22
71424,A,1.7,5,21
71430,A,6.44,1,20
71438,A,9.02,4,21
71441,B,52.94,4,17
71443,B,70.35,4,18
71458,A,71.83,4,23
71461,A,11.47,4,23
71467,A,22.2,3,19
71477,A,21.68,3,21
71478,B,35.89,1,14
71485,B,58.78,5,21
71500,B,45.65,2,22
71501,A,14.24,5,22
71503,B,41.44,4,25
71519,A,39.82,5,15
71521,B,27.58,5,22
71528,A,20.68,2,16
71534,B,59.28,5,28
71535,A,13.89,3,24
71541,A,23.56,1,18
71549,A,7.3,2,21
71550,A,19.9,5,17
71552,A,184.59,8,27
71556,A,31.43,5,26
71594,A,29.59,4,22
71607,B,17.31,3,25
71611,B,14.21,3,24
71621,A,5.98,4,25
71633,A,12.57,4,26
71636,A,10.76,4,6
71652,B,60.14,4,26
71668,A,44.11,3,22
71675,B,23.6,4,19
71680,B,56.58,2,25
71684,B,19.97,1,26
71690,B,73.37,5,21
71695,A,35.2,1,18
71709,A,23.17,5,4
71710,A,36.77,1,15
71712,B,18.55,2,17
71752,A,50.78,6,20
71761,B,14.62,3,17
71765,B,9.82,1,23
71767,B,17.27,2,3
71769,B,7.29,5,20
71773,A,16.32,5,20
71780,A,6.25,1,34
71790,B,48.41,1,14
71792,A,33.35,5,25
71796,A,19.77,2,21
71797,A,20.37,3,20
71803,B,66.2,4,19
71805,A,4.62,1,16
71808,B,16.48,1,24
71809,B,44.48,3,23
71817,B,38.13,3,18
71834,B,13.62,2,13
71835,B,78.46,1,18
71847,A,19.89,5,25
71849,B,14.45,5,27
71880,B,7.27,4,26
71892,B,33.01,3,23
71893,A,15.84,4,19
71906,B,52.88,3,19
71908,B,61.0,2,28
71912,A,53.68,2,24
71915,A,20.44,2,25
71921,A,27.13,2,16
71925,A,67.79,6,21
71927,A,16.34,3,24
71936,B,14.77,3,18
71945,B,26.94,4,20
71951,B,26.46,2,24
71954,B,77.78,1,25
71965,B,66.14,5,25
71967,A,10.54,1,15
71970,A,24.62,2,16
71974,A,47.25,2,19
71976,B,47.4,5,20
71978,A,14.47,5,24
71983,B,16.76,4,4
71988,A,57.65,3,25
71996,B,47.82,3,26
72006,A,27.3,3,15
72007,B,41.08,3,25
72019,A,17.82,1,24
72028,A,42.33,4,3
72036,B,37.72,1,18
72046,B,6.98,1,22
72049,B,4.2,3,19
72051,A,21.41,2,26
72063,B,35.72,1,20
72066,B,22.63,3,21
72074,B,50.9,2,28
72078,B,38.93,2,16
72082,A,14.46,2,23
72083,A,63.84,4,17
72100,B,29.08,5,22
72110,B,8.07,4,20
72112,A,10.86,3,27
72115,A,18.31,4,20
72116,A,9.22,3,27
72118,A,4.57,5,23
72128,A,27.87,4,24
72143,B,80.62,3,22
72146,A,32.22,3,21
72161,B,22.75,5,19
72163,B,23.14,5,23
72173,A,19.03,3,20
72176,B,20.6,1,28
72188,A,22.24,2,16
72198,A,19.69,2,26
72201,A,69.74,2,25
72205,B,28.76,5,17
72206,A,18.56,3,22
72209,A,12.06,3,19
72217,A,13.8,7,17
72218,B,24.56,5,25
72220,A,24.88,5,19
72224,A,19.44,4,24
72226,B,86.74,5,3
72232,A,6.49,3,18
72236,B,39.269999999999996,2,18
72244,B,8.31,1,25
72246,A,44.74,10,22
72262,B,36.71,4,23
72265,A,67.39,4,22
72269,B,17.51,5,23
72283,A,113.04,1,20
72289,A,79.19,3,27
72297,B,29.31,5,28
72298,A,3.27,4,21
72299,B,37.19,1,17
72314,B,52.09,5,17
72336,B,110.08,6,24
72342,A,14.72,3,18
72351,A,7.36,1,16
72352,A,39.15,4,4
72358,B,16.47,5,16
72364,A,27.24,4,22
72367,B,49.76,3,20
72369,B,120.22,9,27
72374,B,39.02,2,17
72389,B,62.76,5,18
72391,B,21.49,2,21
72392,A,25.44,5,21
72395,A,6.77,1,18
72414,B,35.11,1,18
72421,A,32.52,1,5
72424,A,30.09,1,18
72426,B,54.73,1,21
72431,A,26.25,2,29
72436,B,39.67,6,23
72439,A,50.879999999999995,2,16
72448,B,56.15,1,19
72451,B,45.19,3,21
72452,B,106.48,1,25
72458,A,46.77,4,19
72481,B,46.66,4,19
72482,A,8.85,4,25
72484,A,4.95,5,25
72487,B,30.41,5,16
72504,A,31.6,9,19
72511,A,37.11,5,19
72513,A,19.47,1,16
72517,A,49.39,2,17
72523,B,18.72,1,14
72525,A,44.13,4,22
72531,B,7.27,1,20
72532,B,87.82,3,22
72541,A,19.53,2,22
72544,B,68.54,4,21
72547,B,63.58,4,24
72549,B,41.78,3,25
72554,B,8.16,5,21
72571,A,6.76,5,26
72572,B,22.03,3,24
72576,B,50.830000000000005,5,17
72582,A,61.8,5,24
72585,A,32.31,5,18
72593,A,16.25,4,19
72594,A,10.99,1,21
72596,B,6.74,4,24
72601,B,29.9,2,17
72602,B,19.56,1,19
72617,B,19.83,5,13
72628,B,32.87,1,3
72630,A,36.73,4,23
72635,A,31.37,4,23
72643,A,58.34,2,23
72663,A,17.53,5,18
72665,A,17.49,3,24
72672,A,78.83,6,27
72675,B,41.7,5,21
72676,B,41.3,1,20
72680,B,9.91,4,22
72703,B,30.66,5,19
72707,A,28.18,3,19
72722,A,24.77,5,17
72723,A,62.96,1,17
72725,A,17.38,2,21
72730,A,17.35,4,23
72734,B,6.1,3,23
72736,A,21.3,2,13
72744,B,24.6,5,28
72756,B,21.25,1,22
72773,B,64.44,5,23
72782,A,50.73,5,21
72793,B,8.57,3,25
72794,A,72.88,2,23
72809,B,26.04,4,19
72812,B,53.93,5,24
72813,B,27.14,5,20
72822,A,62.24,5,23
72836,A,41.32,2,29
72849,A,23.37,2,23
72860,B,44.62,7,27
72872,A,51.58,2,15
72877,A,1.28,4,27
72878,A,14.07,4,8
72888,B,20.67,5,18
72893,A,44.44,5,19
72896,A,9.58,2,16
72897,B,65.72,2,20
72910,B,33.18,3,22
72915,A,16.2,5,18
72918,A,35.59,3,16
72923,B,48.29,5,3
72936,B,12.98,3,23
72939,B,37.17,2,21
72947,B,30.04,1,20
72954,B,52.47,5,19
72956,A,60.37,2,13
72967,B,61.66,4,20
72970,A,8.86,2,18
72989,A,18.36,2,18
72994,A,12.21,4,20
72995,A,4.25,4,27
72996,B,22.98,3,26
72999,A,51.98,3,18
73001,A,65.01,2,25
73034,B,34.94,1,24
73045,B,53.41,5,21
73050,A,83.41,8,16
73071,A,18.54,1,21
73072,B,75.25,3,28
73076,B,109.72,8,20
73094,A,21.82,1,16
73097,A,59.53,2,28
73099,A,21.85,3,21
73103,A,15.37,3,23
73104,B,5.4,5,24
73105,A,37.97,2,21
73111,B,48.68,4,29
73113,B,15.84,1,17
73116,A,5.39,2,24
73129,A,104.5,5,24
73130,B,63.72,4,22
73142,A,54.99,1,22
73145,B,14.24,1,19
73149,B,33.18,3,26
73152,A,52.83,5,5
73154,B,33.96,5,18
73164,B,6.94,5,17
73171,B,15.38,2,21
73172,B,11.64,5,23
73173,B,51.21,1,23
73175,B,8.7,3,26
73177,A,41.05,4,20
73182,A,25.03,1,17
73186,A,14.43,2,26
73199,B,64.54,2,18
73209,B,19.44,5,22
73226,A,24.62,3,29
73228,B,48.97,5,19
73229,A,13.17,1,22
73242,B,14.88,2,26
73245,B,20.49,3,20
73246,A,31.68,4,17
73253,B,34.35,2,16
73267,B,2.03,3,24
73279,B,73.62,4,21
73281,A,16.52,1,29
73283,B,45.35,2,20
73293,A,11.22,5,20
73295,B,35.91,4,25
73297,A,11.23,4,13
73299,B,60.46,3,22
73307,B,51.98,1,21
73308,A,69.85,6,19
73316,A,33.33,5,20
73317,B,58.83,5,28
73319,A,49.84,2,19
73329,B,2.69,2,28
73335,A,49.31,4,19
73344,A,15.25,3,22
73345,A,18.14,3,21
73354,A,19.61,5,14
73355,B,107.89,5,28
73360,B,16.13,4,18
73361,B,5.7,2,15
73392,B,51.41,2,19
73395,B,36.33,3,5
73408,A,10.17,2,27
73415,B,44.83,5,22
73416,B,17.05,1,26
73421,B,45.05,2,13
73424,A,97.9,2,20
73441,B,55.41,2,20
73452,B,48.8,2,17
73462,B,10.31,3,23
73463,B,50.67,2,14
73471,A,22.55,3,21
73474,A,4.88,5,21
73475,A,29.92,2,18
73483,B,25.39,4,19
73505,A,19.24,1,25
73507,A,31.83,5,28
73515,B,50.71,2,15
73519,B,94.27,2,30
73529,B,15.98,2,28
73530,A,59.0,4,17
73535,A,15.56,4,19
73543,B,27.88,3,16
73555,B,24.54,5,19
73556,A,18.65,1,26
73558,B,82.96000000000001,6,24
73567,A,127.35,2,22
73568,B,19.68,1,21
73577,B,65.42,5,26
73580,B,69.94,4,19
73583,B,37.71,4,27
73598,B,26.24,4,14
73641,B,21.66,3,21
73643,B,56.09,1,26
73646,A,19.99,4,10
73648,A,19.68,4,20
73649,A,84.08,3,18
73659,A,11.03,4,21
73675,B,22.62,3,20
73687,A,11.36,1,17
73690,A,39.25,1,21
73692,B,24.42,5,19
73704,A,64.05,5,20
73706,A,18.07,5,23
73742,B,50.21,1,24
73746,A,23.2,4,20
73749,A,35.75,5,20
73770,A,13.37,3,24
73775,B,35.48,4,21
73777,B,36.97,4,18
73783,A,12.72,1,16
73792,B,79.44,4,23
73793,B,4.08,2,18
73796,A,106.72,8,24
73806,A,17.76,4,22
73809,A,90.22,1,20
73811,A,26.39,7,20
73812,A,71.08,3,18
73813,B,14.99,2,25
73818,A,8.84,4,19
73823,A,30.75,3,24
73824,A,70.84,4,27
73844,A,5.46,5,19
73846,A,141.07,1,23
73858,B,62.05,4,18
73863,A,15.91,1,13
73866,B,27.63,2,25
73867,B,96.53,10,21
73872,B,39.24,4,23
73877,A,29.11,2,21
73878,B,14.79,4,21
73885,A,42.54,1,19
73890,A,15.43,2,12
73904,A,17.2,4,12
73905,B,4.26,1,23
73906,B,8.92,2,18
73907,A,21.06,5,16
73914,A,7.49,3,15
73915,B,8.34,5,15
73919,A,26.09,3,21
73922,B,36.79,1,20
73925,B,12.3,1,15
73934,A,9.68,1,21
73936,A,45.77,5,18
73940,B,23.54,5,19
73942,A,76.96,2,24
73943,B,72.8,1,23
73951,B,67.94,5,20
73954,A,2.26,4,20
73961,A,6.52,1,24
73974,B,20.33,4,25
73982,A,30.64,5,26
73983,A,47.96,3,14
73984,A,18.56,5,23
73987,B,18.12,1,21
73999,A,39.68,1,24
74026,B,54.89,4,20
74042,B,11.3,2,20
74044,A,10.87,1,21
74052,A,27.97,4,21
74056,B,27.23,3,27
74063,A,57.74,4,22
74064,B,11.65,3,17
74072,A,45.63,3,25
74080,A,16.44,5,19
74082,A,18.49,4,18
74088,B,40.51,5,18
74100,B,12.6,4,16
74101,B,41.17,4,22
74109,B,9.31,4,16
74110,B,48.32,2,26
74115,B,14.82,5,26
74118,B,64.24000000000001,9,25
74121,B,33.18,4,23
74126,B,42.45,5,20
74133,B,5.12,3,21
74146,A,28.97,2,21
74150,A,8.94,4,24
74151,B,23.18,5,25
74155,B,40.65,3,26
74162,B,40.18,5,17
74166,B,31.83,5,24
74168,B,13.93,3,25
74170,A,38.2,4,18
74184,B,35.27,4,18
74185,B,15.79,2,21
74187,A,38.98,2,23
74190,B,48.54,2,26
74196,A,7.3,2,19
74198,A,14.18,4,19
74205,B,22.43,2,20
74217,A,23.84,4,16
74221,B,13.08,2,23
74223,A,21.35,3,27
74230,B,91.23,4,17
74241,B,47.06,3,28
74245,A,73.33,1,21
74258,A,16.46,1,23
74262,A,81.89,3,6
74263,B,44.13,2,17
74280,A,39.36,3,27
74290,B,52.14,3,20
74301,B,15.11,4,20
74302,B,11.18,5,19
74304,B,81.27,2,21
74308,B,43.82,3,19
74317,B,8.92,3,17
74324,A,72.58,1,20
74327,A,40.29,5,24
74346,A,5.52,1,25
74347,A,14.41,3,22
74351,A,9.73,4,24
74354,A,7.95,3,26
74356,B,43.43,5,25
74359,A,48.97,5,23
74382,B,31.89,5,19
74395,B,25.63,1,19
74396,A,10.28,4,17
74397,A,15.99,5,22
74399,A,25.64,2,6
74400,B,30.47,5,21
74405,B,69.49,2,16
74414,B,18.88,5,17
74419,B,84.87,4,24
74429,A,33.22,2,25
74431,B,46.31,1,27
74436,B,40.03,3,20
74438,A,2.46,3,24
74439,B,54.53,5,17
74442,A,8.73,5,23
74444,B,59.23,5,23
74445,B,44.85,2,15
74446,B,54.97,1,22
74451,B,8.96,1,18
74453,A,46.870000000000005,7,19
74458,B,33.94,2,23
74468,B,6.57,5,3
74469,A,4.08,5,21
74472,B,110.12,2,17
74478,B,30.15,5,18
74480,A,2.16,4,22
74484,A,83.79,3,21
74487,A,52.9,4,17
74492,B,47.21,3,20
74498,A,20.76,5,12
74513,B,22.56,1,16
74514,B,60.489999999999995,3,19
74518,B,17.39,3,18
74525,A,25.06,5,25
74530,B,34.62,4,18
74537,A,3.91,2,25
74549,A,12.69,5,19
74560,A,14.53,5,18
74566,A,64.66,5,25
74569,B,42.02,1,21
74573,B,24.56,4,23
74575,A,9.27,3,30
74588,A,5.9,3,21
74593,B,37.81,5,26
74594,B,18.33,1,29
74595,B,31.7,5,31
74596,A,13.12,5,23
74598,A,17.19,2,19
74599,A,15.11,2,22
74602,B,90.56,1,19
74603,B,9.69,3,18
74605,A,39.03,4,21
74607,B,59.0,3,16
74613,B,29.72,3,20
74633,B,4.41,3,21
74637,A,20.64,5,23
74639,B,82.08,8,14
74648,A,54.0,3,26
74649,B,11.61,4,23
74650,B,35.8,1,28
74653,B,74.78,1,23
74657,A,40.64,5,19
74673,A,10.48,4,28
74678,B,48.4,8,20
74694,A,3.49,4,24
74699,A,9.42,3,16
74701,B,15.37,4,26
74715,B,104.85,6,28
74717,B,6.12,5,16
74720,B,31.62,4,19
74730,B,16.29,3,22
74737,B,27.1,5,20
74741,A,33.45,2,19
74748,B,110.75,6,19
74749,B,43.44,2,20
74752,B,17.55,1,16
74773,B,2.71,3,23
74781,A,125.85,5,23
74782,B,33.92,4,16
74784,B,33.71,3,4
74794,B,51.57,1,19
74802,A,48.94,2,17
74805,A,91.89,5,3
74807,B,9.92,5,22
74814,A,40.1,5,30
74815,A,19.65,3,23
74817,B,1.5,4,22
74820,A,20.45,5,25
74832,B,5.21,4,19
74842,A,8.88,2,25
74846,A,39.6,3,20
74850,B,30.37,5,24
74854,A,1.47,1,21
74856,B,93.83,7,21
74860,B,61.0,1,22
74862,B,25.73,5,21
74873,B,23.28,3,24
74883,A,30.12,5,20
74886,A,47.81,1,20
74890,A,80.0,2,24
74901,A,17.4,4,24
74906,B,23.68,4,22
74908,B,42.09,2,24
74910,A,39.52,4,17
74918,B,10.59,4,21
74923,B,63.06,5,21
74929,B,14.11,4,23
74937,A,10.39,2,16
74939,B,51.81,5,18
74946,A,24.46,5,20
74948,B,21.6,3,29
74957,B,18.82,1,27
74958,A,15.48,5,16
74960,B,4.53,1,21
74961,A,20.18,4,17
74962,B,53.76,2,16
74967,A,14.65,5,22
74970,B,25.0,4,28
74981,A,12.27,3,16
74994,B,3.72,3,19
74995,A,16.56,5,4
74996,A,40.23,8,10
74997,B,17.74,2,23
75003,B,14.4,5,23
75017,B,65.28999999999999,3,25
75022,A,93.58,3,21
75023,B,29.66,3,16
75037,B,11.94,1,20
75054,B,25.15,1,27
75062,B,27.61,7,26
75064,A,55.21,5,21
75073,A,65.17,2,18
75074,A,8.52,4,24
75077,A,8.6,3,24
75080,A,5.04,4,17
75086,B,101.1,9,17
75088,A,8.58,3,22
75089,A,57.52,4,22
75091,A,115.07,1,22
75092,A,2.32,3,6
75100,A,15.8,3,19
75106,B,26.98,4,23
75109,B,13.27,5,17
75114,A,13.03,5,21
75117,A,10.44,3,21
75118,B,53.92,3,21
75131,B,13.5,1,7
75137,A,9.38,3,20
75143,B,33.69,4,21
75145,A,61.28,2,25
75155,A,32.36,5,23
75157,A,26.21,5,21
75168,A,43.31,3,30
75174,A,60.39,3,23
75175,A,52.28,2,21
75178,A,25.98,1,25
75193,A,41.49,1,17
75200,B,106.45,1,27
75209,A,30.33,8,19
75217,A,45.07,7,17
75218,A,20.13,3,25
75223,A,37.59,4,21
75231,B,57.42999999999999,3,26
75232,A,28.04,5,20
75236,B,93.09,5,23
75244,B,18.58,5,20
75250,A,12.03,2,21
75262,B,38.04,1,22
75272,B,38.79,5,21
75277,A,21.94,5,17
75297,B,42.4,1,19
75298,A,13.39,4,25
75299,B,80.28,3,21
75309,A,25.26,3,18
75319,B,31.46,3,19
75332,B,40.12,3,27
75338,A,10.92,2,25
75346,B,40.95,5,17
75351,A,23.05,5,23
75355,B,33.67,2,19
75356,A,20.63,3,22
75362,A,26.96,3,19
75371,A,99.45,5,20
75373,B,10.19,5,28
75385,B,23.46,2,18
75388,B,12.66,3,33
75390,A,10.78,1,16
75398,B,80.89,2,18
75401,B,20.56,1,20
75417,B,10.1,5,22
75420,B,36.77,4,22
75430,B,6.77,4,16
75450,A,49.26,4,23
75463,B,33.99,3,29
75465,B,31.93,3,25
75466,A,27.43,1,22
75481,B,36.32,1,22
75483,A,22.86,1,21
75493,A,59.84,3,20
75497,A,30.71,2,22
75499,B,72.73,9,25
75503,A,55.77,3,28
75505,A,19.18,4,18
75507,A,23.54,1,26
75523,A,7.44,2,27
75524,A,68.6,5,20
75529,A,13.93,5,18
75531,A,13.7,3,15
75535,B,12.74,5,22
75536,B,6.69,5,20
75538,B,64.68,2,19
75547,B,47.59,2,18
75549,B,7.01,1,18
75551,A,20.98,3,23
75554,B,34.95,2,22
75557,A,29.19,4,19
75559,B,15.8,3,16
75568,B,36.99,4,19
75574,A,2.97,4,4
75585,B,32.6,1,23
75589,A,9.99,2,17
75591,B,47.79,5,23
75610,A,29.47,2,27
75629,B,7.8,2,31
75631,A,14.74,3,23
75635,A,19.4,3,16
75641,A,47.45,3,15
75665,A,65.0,4,5
75673,B,13.64,4,21
75675,B,72.35,2,23
75679,B,22.07,4,21
75682,A,9.54,2,21
75693,A,4.34,3,22
75700,B,50.52,2,22
75707,B,20.96,4,18
75710,B,25.21,4,22
75712,B,53.11,3,4
75734,A,141.60999999999999,7,26
75735,A,23.17,3,20
75743,B,8.06,1,4
75752,A,48.6,4,7
75761,B,26.03,2,15
75765,B,32.02,1,26
75767,A,27.13,3,17
75773,B,54.02,3,26
75778,B,35.58,2,23
75783,A,28.44,1,3
75784,B,25.79,1,21
75788,A,34.32,2,21
75789,A,7.46,5,23
75802,A,16.28,1,17
75804,B,21.06,5,23
75819,A,15.09,5,18
75821,A,32.93,3,19
75822,B,37.74,1,5
75826,B,56.99,1,20
75827,A,64.83,6,20
75830,A,20.45,2,17
75844,A,2.29,4,19
75856,B,52.4,4,20
75862,A,22.85,1,27
75864,A,51.83,1,26
75870,B,25.77,5,20
75881,A,61.31,5,19
75884,B,22.35,1,23
75903,B,14.33,2,25
75919,B,68.16,3,25
75927,B,64.91,1,16
75931,B,25.28,2,27
75933,A,28.92,5,16
75946,B,19.61,5,20
75957,A,25.48,2,19
75960,B,29.74,2,24
75962,B,34.96,2,21
75964,A,11.4,2,13
75966,B,63.169999999999995,8,24
75967,A,23.27,1,17
75972,B,38.52,4,21
75975,A,15.56,3,13
75983,A,40.5,4,23
75988,B,35.44,1,24
75992,A,29.06,3,23
75998,A,77.49,4,17
76001,B,47.2,1,19
76002,B,12.68,5,21
76005,A,79.03,9,19
76009,A,50.67,1,20
76013,B,72.94,6,18
76024,A,63.69,4,17
76031,A,15.19,3,27
76032,B,153.47,2,18
76034,B,34.57,4,23
76037,B,95.34,5,23
76039,B,16.32,1,19
76042,B,6.23,2,25
76060,A,5.74,1,16
76074,B,50.22,2,21
76080,B,159.66,2,25
76081,B,9.29,4,18
76082,B,56.2,1,23
76083,B,32.83,1,18
76091,B,37.31,5,15
76092,A,50.43,4,20
76101,A,16.92,2,25
76104,B,41.35,1,20
76105,B,14.47,4,15
76108,A,42.54,3,20
76117,A,39.55,1,20
76121,A,53.22,3,24
76127,A,37.44,2,24
76128,B,26.55,3,18
76133,A,88.57,4,22
76135,A,35.02,1,23
76138,A,52.1,3,28
76142,A,24.27,5,26
76143,A,23.47,2,19
76148,A,11.67,2,17
76156,B,32.26,5,21
76168,B,37.8,2,20
76178,A,33.04,5,14
76185,B,34.98,1,24
76188,A,18.21,5,19
76192,A,60.48,2,20
76197,A,36.86,7,27
76199,B,17.08,2,3
76205,B,19.52,3,26
76210,A,16.61,3,2
76218,B,36.61,2,27
76223,A,70.28,2,26
76233,A,2.68,1,22
76239,B,31.15,5,24
76244,A,27.69,5,20
76248,A,23.97,2,19
76251,B,49.15,4,22
76252,B,16.48,5,19
76258,A,32.68,1,18
76260,A,11.39,4,23
76281,B,1.67,4,21
76290,B,26.42,2,21
76306,B,25.83,5,24
76312,B,18.79,5,19
76313,B,12.58,5,21
76315,B,17.74,1,22
76318,A,33.64,2,19
76324,A,6.56,5,18
76332,B,18.51,3,21
76351,B,39.58,1,23
76354,B,44.43,2,18
76357,A,14.78,4,19
76360,A,18.76,4,18
76369,B,56.85,4,22
76370,A,10.77,3,23
76372,B,16.33,1,23
76377,A,19.61,3,26
76384,B,30.46,5,23
76385,A,41.72,4,22
76391,A,39.81,1,24
76399,B,25.86,3,21
76405,B,15.62,4,16
76411,B,70.9,3,27
76412,B,69.18,1,24
76429,B,32.64,5,20
76444,A,77.57,5,16
76454,A,26.97,2,23
76456,B,17.06,2,21
76465,A,10.14,1,24
76466,B,44.64,4,22
76470,A,44.699999999999996,5,26
76472,A,35.46,5,26
76476,B,35.66,2,25
76480,B,47.0,3,25
76494,B,24.0,3,20
76497,A,35.57,4,21
76506,A,16.39,4,15
76507,A,22.1,1,23
76513,A,11.31,5,21
76515,B,30.57,1,25
76516,A,63.02,4,21
76521,B,22.44,2,27
76542,A,29.58,5,20
76548,B,27.78,1,21
76556,A,19.47,5,19
76558,A,30.49,3,20
76559,A,23.27,5,19
76561,A,26.53,5,25
76571,A,50.73,4,22
76577,A,15.57,1,26
76585,A,13.06,1,21
76589,B,20.2,2,14
76591,A,29.22,2,22
76592,B,8.82,3,20
76596,A,6.02,2,19
76603,A,14.54,4,18
76606,A,66.8,1,23
76614,A,5.09,3,21
76636,B,18.3,3,20
76644,A,28.83,3,19
76650,B,19.85,1,20
76666,B,5.46,3,19
76679,A,25.59,5,22
76684,B,10.9,1,22
76687,A,41.38,1,18
76694,B,17.05,3,20
76698,B,34.51,3,27
76701,B,44.06,4,20
76702,A,40.4,1,31
76708,B,67.04,1,24
76711,A,18.29,4,18
76720,A,25.33,2,13
76722,A,41.32,2,20
76738,A,31.43,1,19
76739,A,15.95,5,18
76740,A,11.33,3,20
76748,A,7.61,4,20
76761,B,23.21,3,20
76764,B,20.81,1,17
76765,B,13.1,5,25
76777,A,42.98,4,23
76784,B,5.77,1,4
76793,B,20.35,2,22
76808,B,5.83,5,24
76813,A,28.61,5,3
76817,B,18.46,2,17
76819,B,24.99,4,13
76822,A,36.53,2,25
76842,B,28.51,1,19
76845,A,48.02,4,26
76847,B,25.9,4,19
76850,A,99.31,3,16
76858,A,33.5,9,21
76873,A,22.98,7,15
76874,B,37.32,5,18
76875,A,35.7,2,21
76880,A,25.38,5,17
76882,B,22.44,1,25
76883,B,27.15,2,22
76903,B,67.67,9,22
76913,B,4.13,1,15
76917,B,29.59,3,15
76919,B,25.3,4,19
76927,B,11.79,1,25
76932,B,82.43,2,2
76935,A,6.01,5,24
76939,A,52.53,1,21
76953,B,24.98,1,16
76955,B,129.22,5,22
76956,B,8.08,2,22
76963,B,11.82,4,18
76984,A,27.57,1,18
76990,B,20.93,2,22
77003,B,15.74,2,6
77005,A,10.87,3,25
77021,B,24.13,3,26
77025,A,4.19,1,17
77030,B,13.92,1,22
77034,B,35.77,3,19
77044,B,14.61,1,18
77047,B,41.34,5,30
77051,A,44.26,6,27
77053,A,21.73,2,22
77054,A,46.349999999999994,7,18
77058,B,12.4,5,17
77062,A,22.18,1,24
77064,B,14.24,4,28
77070,B,47.54,2,18
77071,B,35.67,5,25
77072,A,9.96,5,23
77075,A,22.75,4,24
77082,A,24.58,2,8
77085,B,93.97999999999999,8,33
77094,B,35.29,3,20
77097,B,83.21,4,20
77101,B,28.3,4,28
77105,B,32.14,5,25
77109,A,23.63,1,20
77112,B,56.43,3,21
77115,A,28.87,5,24
77124,A,5.13,4,28
77126,A,95.74,2,20
77129,A,9.64,4,17
77152,B,69.51,1,26
77156,B,12.38,2,22
77159,A,54.15,4,24
77160,A,31.78,2,21
77167,A,4.58,5,18
77189,B,24.3,4,23
77191,B,74.56,2,20
77197,A,32.8,1,18
77202,A,3.95,3,20
77219,B,26.19,2,6
77220,B,55.79,2,21
77227,A,6.62,5,20
77232,A,60.23,3,25
77237,B,61.42,7,21
77245,A,77.19,3,19
77247,B,53.16,1,25
77254,A,45.56,4,26
77271,A,27.0,10,21
77274,B,31.73,4,20
77280,B,19.0,2,24
77285,B,3.42,5,20
77289,B,30.25,1,18
77292,B,12.09,5,22
77298,B,59.59,6,25
77307,A,8.41,1,16
77309,A,15.52,3,20
77319,A,20.76,3,25
77328,A,10.1,4,20
77330,A,18.88,1,21
77332,B,25.17,3,18
77333,A,23.26,2,23
77336,A,15.55,4,19
77340,B,68.6,4,24
77362,B,21.78,1,25
77363,B,49.67,2,27
77369,A,53.07,4,21
77386,B,45.98,3,23
77387,A,10.9,3,22
77393,B,23.78,3,22
77398,B,7.6,1,26
77407,A,15.88,3,18
77410,A,61.67,5,10
77413,B,84.69,6,22
77416,B,35.23,1,23
77418,B,19.92,1,23
77421,B,23.99,2,22
77429,A,123.94,6,19
77432,A,43.94,1,23
77440,A,8.62,2,18
77454,B,44.67,4,22
77460,B,108.86,4,29
77466,B,114.52,2,18
77472,A,5.95,4,26
77481,A,15.25,4,25
77485,A,19.88,4,18
77494,A,15.94,4,22
77495,A,10.02,1,22
77502,A,7.86,4,22
77504,A,32.82,4,16
77510,B,35.78,1,17
77522,A,9.69,1,19
77524,B,24.54,6,21
77526,A,12.75,3,13
77532,A,38.44,5,19
77535,A,36.31,2,16
77539,A,9.93,2,27
77541,B,11.34,2,19
77547,A,13.45,3,18
77552,A,7.9,3,20
77563,B,42.879999999999995,10,20
77570,B,4.14,3,30
77577,A,29.82,2,5
77590,B,26.95,3,24
77599,B,19.06,5,19
77608,A,30.51,4,27
77611,B,35.31,4,21
77616,A,12.73,1,22
77650,B,31.41,4,17
77657,B,23.93,3,33
77658,A,67.76,6,24
77665,B,51.5,6,22
77668,B,23.79,3,3
77675,A,42.04,3,17
77678,B,5.28,3,28
77684,B,24.51,4,16
77690,B,2.46,3,24
77695,B,44.7,1,26
77698,A,27.19,1,21
77699,B,3.63,1,23
77701,A,14.29,2,23
77705,A,24.36,4,20
77709,B,29.56,1,16
77713,A,31.49,4,19
77716,B,30.71,3,18
77720,A,19.01,1,26
77734,B,46.54,3,18
77743,A,62.3,5,19
77753,A,116.63,7,23
77755,A,5.21,2,31
77759,A,25.31,2,16
77773,B,13.11,5,25
77776,B,44.83,1,19
77778,A,12.12,4,14
77779,A,22.34,5,22
77784,B,19.04,3,20
77785,B,52.77,3,24
77787,B,27.83,1,20
77793,B,31.07,3,22
77800,A,33.37,4,20
77802,B,8.07,2,23
77803,A,52.93,2,24
77806,B,37.79,2,20
77811,A,5.73,5,27
77812,B,17.3,3,21
77814,A,10.53,2,5
77821,A,20.33,2,23
77827,B,34.38,3,18
77837,B,54.25,1,19
77851,A,16.42,5,29
77855,B,32.13,4,17
77890,B,76.58,2,1
77892,A,4.78,2,21
77895,A,62.27,3,24
77907,A,28.19,2,20
77908,A,0.71,3,26
77911,A,39.05,6,24
77916,A,49.14,2,9
77923,B,32.84,4,22
77938,A,91.94,5,15
77953,B,28.0,3,17
77955,A,14.98,1,19
77963,B,64.95,5,21
77966,A,53.79,5,22
77970,B,43.83,1,21
77973,A,3.45,1,22
77975,B,46.32,7,21
77983,B,42.99,3,20
77996,B,20.84,1,18
77997,A,31.47,2,19
78002,A,17.68,2,23
78023,B,33.12,2,19
78024,B,0.7,5,19
78031,B,13.87,1,21
78036,B,29.66,2,17
78042,B,62.54,4,17
78045,A,31.9,2,25
78049,A,18.55,5,23
78059,A,37.77,3,19
78061,B,14.38,4,16
78064,A,37.04,5,19
78066,B,49.52,4,17
78070,A,11.76,3,20
78089,B,10.3,4,25
78090,B,4.05,1,26
78094,A,18.74,5,17
78098,A,18.77,5,24
78099,B,52.52,3,19
78117,B,19.13,4,26
78118,B,44.07,4,24
78123,A,24.91,3,18
78129,A,20.45,3,18
78138,A,7.35,4,25
78141,A,11.39,1,23
78144,B,4.76,5,22
78148,A,2.05,5,20
78164,A,8.77,4,21
78166,A,5.22,3,24
78171,A,37.47,4,17
78178,A,20.04,1,18
78179,B,45.97,3,20
78182,A,45.94,1,20
78184,A,113.76,2,25
78195,A,24.59,3,4
78197,A,95.18,3,20
78198,A,84.03,2,21
78201,A,21.01,5,24
78203,A,88.08,5,12
78210,B,32.65,2,16
78213,A,29.74,5,19
78224,A,30.689999999999998,8,28
78226,B,23.89,4,21
78227,A,17.48,2,5
78230,B,32.37,2,18
78232,B,27.0,3,21
78243,A,56.88,1,29
78253,A,9.23,3,20
78255,B,10.73,1,22
78259,A,20.41,2,18
78273,A,18.51,3,24
78277,B,14.39,5,27
78278,A,42.35,2,21
78281,A,4.11,4,16
78295,A,25.83,4,17
78296,B,4.05,1,26
78304,A,19.28,1,3
78307,B,113.38,1,23
78309,A,76.52,3,17
78310,A,101.2,1,26
78311,B,23.25,1,23
78316,B,4.61,5,22
78317,B,12.53,2,25
78319,B,66.5,5,29
78334,A,9.44,2,19
78351,A,28.15,5,20
78357,A,51.98,3,29
78370,A,8.14,4,24
78371,A,10.27,2,25
78372,A,56.33,4,26
78377,B,16.89,3,16
78385,A,31.01,2,18
78389,B,61.92,4,17
78400,B,33.28,3,19
78402,B,7.3,2,30
78421,B,32.72,3,23
78426,A,93.89,3,23
78427,B,26.48,1,19
78429,B,109.25,4,20
78438,B,65.18,1,19
78448,A,31.28,2,26
78451,B,70.94,5,21
78460,B,5.95,1,19
78466,A,14.09,2,25
78469,A,5.89,1,23
78479,A,51.91,3,18
78484,A,6.51,3,17
78497,A,29.24,1,17
78498,A,29.19,4,20
78500,B,12.44,5,19
78504,A,26.64,2,22
78508,A,25.5,2,18
78518,B,5.9,1,27
78524,B,14.0,3,19
78525,B,44.81,1,19
78540,A,43.38,1,25
78552,A,9.36,4,19
78560,A,17.75,1,29
78571,A,74.14,5,23
78574,B,74.02000000000001,6,19
78602,A,50.08,4,23
78604,A,22.98,1,16
78607,B,27.75,5,22
78614,B,18.88,5,19
78628,B,12.25,3,15
78632,A,45.45,5,23
78633,B,53.19,3,20
78648,B,25.42,1,24
78650,A,9.43,2,16
78653,A,12.82,1,24
78687,B,13.58,4,23
78693,B,92.91,3,16
78696,B,13.06,5,31
78709,B,15.51,5,17
78713,B,47.92,3,18
78721,A,19.34,3,18
78731,B,14.7,5,19
78742,A,6.22,1,26
78745,B,38.92,2,22
78748,A,50.41,1,21
78755,B,48.7,4,24
78764,A,42.7,1,20
78772,A,8.06,5,25
78780,A,5.38,2,22
78787,A,29.35,4,22
78795,B,72.83,1,20
78807,B,21.09,5,23
78808,A,22.26,1,26
78820,A,66.49000000000001,7,17
78837,B,49.89,1,15
78845,A,49.97,2,21
78846,B,33.3,4,15
78848,B,50.37,1,32
78849,A,36.22,8,26
78870,A,78.11,3,24
78875,A,39.15,5,17
78884,B,9.19,4,21
78886,B,50.38,2,23
78887,A,8.97,1,20
78891,A,25.31,5,24
78892,B,3.35,1,27
78899,B,31.26,2,16
78909,A,11.23,3,23
78912,B,46.47,1,22
78928,B,70.59,1,21
78931,A,20.21,2,31
78933,B,19.03,4,16
78936,B,30.41,4,17
78945,B,38.88,3,22
78949,A,15.94,2,18
78950,B,18.64,4,21
78975,A,68.24,5,25
78984,A,29.51,5,19
78987,A,19.96,1,18
79012,B,35.44,1,25
79017,A,21.02,4,25
79026,A,19.63,4,22
79032,B,3.41,1,22
79033,B,9.69,4,24
79034,A,71.68,8,19
79036,A,24.71,1,20
79038,B,37.53,5,18
79043,B,33.54,5,21
79046,B,22.58,2,21
79058,A,40.23,5,14
79060,B,18.06,4,19
79062,B,10.71,5,22
79067,A,36.9,3,22
79071,B,39.58,4,20
79080,A,26.27,1,18
79086,B,78.81,3,21
79102,A,56.45,6,21
79111,B,20.49,5,16
79121,B,3.23,5,22
79122,B,9.89,2,29
79128,A,35.03,3,26
79136,B,10.95,5,4
79151,A,50.14,2,17
79155,A,39.62,4,22
79165,A,6.03,3,16
79171,B,77.09,8,16
79176,B,19.9,3,30
79182,B,21.15,5,14
79191,B,21.14,5,3
79212,B,73.77,5,16
79228,B,2.32,3,18
79229,A,32.15,4,19
79234,A,29.5,1,24
79235,A,38.08,1,17
79241,B,100.07,1,18
79245,B,20.33,3,15
79247,B,31.72,4,22
79250,A,33.53,7,29
79251,B,9.63,3,27
79283,A,23.17,4,19
79289,B,37.57,5,20
79298,A,65.77,4,20
79300,A,28.58,3,17
79309,A,21.86,2,17
79324,A,82.57,4,23
79341,B,45.78,5,11
79344,B,91.27000000000001,9,16
79345,A,21.21,4,23
79347,A,29.46,1,26
79355,B,89.47,1,21
79363,B,18.85,5,19
79376,A,6.36,2,17
79380,A,64.35,3,23
79382,A,2.09,4,32
79394,A,21.98,1,16
79399,A,1.94,4,21
79406,A,72.91,3,23
79409,A,6.57,4,18
79419,B,23.12,2,18
79424,A,23.16,1,28
79430,A,58.97,3,22
79433,A,62.37,2,25
79435,A,32.31,2,20
79439,B,56.9,3,19
79440,B,26.79,1,13
79444,B,24.32,4,19
79446,A,19.98,1,16
79468,A,23.64,3,8
79473,B,40.41,1,17
79480,B,8.66,2,23
79495,A,79.13,2,22
79505,B,28.61,1,20
79528,B,29.09,4,25
79530,B,117.24,2,20
79531,A,18.12,4,5
79534,A,49.98,3,16
79540,A,27.64,4,21
79548,B,14.0,4,19
79551,A,87.82,3,4
79563,A,7.03,2,20
79568,A,2.32,5,26
79574,B,48.21,5,25
79594,A,49.4,3,20
79599,B,14.93,1,27
79607,B,45.11,5,21
79608,A,11.81,1,28
79612,A,20.72,3,23
79632,B,18.95,1,19
79643,A,6.31,1,18
79644,B,39.28,4,25
79652,A,16.86,1,23
79661,B,8.85,4,19
79663,A,36.28,5,15
79665,A,30.24,5,25
79666,A,11.92,5,22
79678,B,31.78,5,23
79685,B,14.35,1,29
79687,B,1.58,3,22
79692,B,51.26,3,22
79693,B,19.31,5,22
79694,B,28.72,5,18
79696,B,31.63,7,23
79704,A,20.3,2,17
79705,A,18.01,2,22
79713,A,25.85,3,20
79714,A,43.59,8,20
79718,B,24.6,4,20
79721,A,8.96,2,18
79722,B,18.88,1,23
79740,B,16.02,2,24
79742,A,5.53,1,19
79743,A,1.5,4,21
79756,A,10.28,5,22
79763,B,19.08,1,19
79771,A,14.93,2,24
79778,B,23.44,1,20
79780,A,22.65,2,18
79785,B,48.3,5,22
79789,B,18.05,1,16
79800,B,50.92,4,24
79811,A,19.05,2,17
79812,A,10.74,2,19
79813,B,23.11,5,18
79826,A,8.8,5,23
79830,B,41.76,2,4
79837,B,38.38,2,24
79843,A,33.97,2,20
79844,B,100.2,2,21
79847,A,18.83,1,19
79855,B,19.09,2,20
79856,B,16.05,2,22
79866,A,20.22,4,26
79873,A,10.32,2,21
79877,A,10.98,4,19
79878,B,7.37,2,28
79883,A,13.98,1,18
79891,A,28.62,5,27
79892,A,16.39,2,24
79903,B,2.5,3,19
79906,A,13.32,1,19
79907,B,46.69,5,22
79915,B,63.83,5,22
79921,B,27.68,2,19
79928,B,20.51,1,22
79929,B,24.12,1,18
79945,A,6.58,3,4
79951,A,19.43,3,26
79952,A,47.89,4,27
79964,A,44.26,3,21
79967,B,5.91,2,22
79973,B,41.66,2,20
79980,A,27.37,2,22
79987,B,56.739999999999995,8,18
79993,A,29.76,2,19
80002,A,47.1,1,19
80003,B,4.35,2,17
80006,A,46.21,3,27
80014,A,7.0,1,28
80017,B,10.16,4,18
80019,B,39.63,4,20
80040,B,115.27,4,20
80041,A,18.75,4,20
80042,A,37.86,1,21
80043,A,30.16,5,22
80045,A,25.88,2,18
80055,A,20.84,5,24
80056,B,23.66,4,20
80063,A,20.39,2,20
80068,A,13.48,3,18
80074,B,90.78,5,19
80085,A,15.13,5,24
80097,A,34.98,3,19
80110,B,17.87,2,16
80114,A,47.87,5,20
80121,A,37.82,4,27
80122,A,19.75,2,16
80126,B,15.6,3,23
80141,B,10.3,5,20
80146,B,30.35,3,11
80149,B,19.0,4,24
80150,A,3.84,2,16
80151,B,22.38,1,23
80152,A,36.61,2,24
80162,B,35.7,2,20
80166,A,99.96,2,19
80191,A,19.09,5,17
80194,A,8.36,4,27
80195,B,53.02,3,24
80202,B,61.57,3,3
80203,B,14.87,1,21
80204,B,12.26,4,23
80206,A,13.44,5,5
80215,B,41.11,5,21
80216,A,36.02,4,20
80221,B,79.02,4,25
80231,A,46.86,4,18
80233,B,26.06,3,23
80249,A,56.07,1,22
80253,A,14.73,1,25
80260,A,43.94,1,21
80265,B,58.37,4,19
80284,A,17.1,1,20
80288,A,38.5,4,29
80306,B,65.01,4,21
80310,B,51.13,1,27
80312,A,35.14,2,24
80315,B,88.94,1,19
80321,B,3.0,3,27
80324,B,10.5,3,23
80326,B,27.72,2,17
80328,B,74.77,4,23
80331,B,28.33,2,15
80334,B,58.69,5,25
80339,B,15.05,3,18
80346,A,78.19,7,20
80347,A,103.16,3,18
80349,A,37.83,4,4
80352,A,2.08,5,20
80362,A,71.71,3,20
80364,B,21.66,5,14
80368,A,43.3,3,21
80374,A,14.23,1,17
80375,A,11.15,5,14
80387,A,11.39,1,21
80390,A,30.76,3,20
80391,B,71.8,3,22
80395,A,59.58,2,25
80407,A,30.18,1,30
80410,B,20.65,4,21
80413,B,80.97999999999999,10,25
80422,A,34.02,3,17
80425,B,21.43,1,22
80426,B,58.5,4,19
80429,B,18.65,1,23
80431,A,61.0,1,17
80432,A,22.14,1,18
80433,B,67.52,2,20
80443,A,13.99,5,18
80446,B,74.64,3,21
80447,A,32.02,3,24
80456,B,48.51,4,15
80458,B,25.13,1,17
80461,B,16.25,2,20
80463,A,29.22,1,29
80465,B,29.68,3,21
80471,B,76.07,3,21
80472,A,28.25,2,21
80477,A,6.11,3,16
80478,A,18.86,2,23
80483,A,9.4,5,20
80491,A,20.8,3,4
80495,B,22.06,4,21
80498,B,14.72,1,22
80521,A,34.83,2,25
80522,B,13.6,3,14
80524,A,46.45,3,26
80525,B,20.48,1,22
80528,B,6.63,4,19
80541,B,19.09,2,27
80549,B,13.76,2,26
80553,A,14.4,2,22
80561,A,8.44,4,5
80570,A,18.48,3,21
80575,A,4.67,1,24
80579,B,19.02,1,31
80580,B,24.24,5,18
80588,A,21.12,2,21
80589,A,20.29,5,26
80593,A,142.24,2,23
80594,B,20.57,3,28
80599,A,8.54,2,28
80605,A,28.729999999999997,5,21
80612,A,14.79,3,2
80618,B,12.83,5,18
80627,B,59.3,1,24
80642,A,65.69,8,22
80654,B,35.59,1,16
80656,A,6.2,3,19
80668,A,31.47,5,17
80670,B,21.14,4,4
80678,A,51.71,4,26
80688,A,13.56,3,17
80697,B,15.73,2,23
80698,A,11.87,3,19
80699,A,23.96,5,24
80706,A,17.56,2,23
80712,B,23.91,4,23
80725,B,10.56,4,27
80730,A,37.8,5,17
80734,A,59.08,3,16
80742,A,39.23,4,21
80748,B,16.4,2,18
80750,B,14.04,5,20
80751,B,11.91,5,3
80753,B,7.35,1,22
80758,B,13.42,3,20
80774,B,42.49,1,20
80785,A,37.0,10,21
80794,A,10.21,1,21
80796,B,29.23,1,22
80798,B,47.33,5,24
80799,A,32.96,3,22
80804,A,27.56,2,23
80806,B,73.72,7,25
80814,A,104.4,3,20
80821,A,26.32,3,23
80825,B,23.11,1,20
80838,B,27.82,2,21
80845,A,40.21,5,24
80847,B,19.39,5,19
80855,A,5.72,5,3
80866,A,28.74,1,21
80872,A,28.32,5,23
80882,B,20.36,2,23
80890,A,10.06,4,26
80894,A,6.72,2,19
80902,B,55.79,1,25
80909,A,26.87,5,23
80912,B,42.11,1,14
80924,A,5.98,5,23
80938,B,143.06,4,19
80950,A,23.0,2,22
80964,A,73.87,2,19
80966,B,78.38,2,21
80969,A,25.39,1,25
80970,A,62.53,5,16
80977,B,68.49,4,15
80984,A,42.28,2,21
80987,A,48.49,4,23
80988,B,7.95,1,13
80994,B,28.54,4,20
80995,A,61.49,6,24
80997,A,10.7,5,18
81013,A,68.45,2,17
81015,B,16.17,4,16
81016,B,23.15,5,21
81021,B,14.51,2,19
81025,A,85.66,5,24
81028,B,57.13,3,22
81036,B,16.84,4,22
81040,B,16.8,5,22
81045,B,29.44,1,25
81047,A,2.77,5,24
81053,B,13.5,3,27
81056,A,27.13,2,21
81061,B,10.79,2,21
81070,B,59.86,2,21
81071,A,106.96,7,30
81083,B,14.59,2,19
81084,B,13.67,2,19
81092,B,88.85,4,21
81109,B,18.87,5,20
81115,B,27.33,2,22
81128,B,60.26,4,18
81129,B,49.67,1,22
81135,A,32.7,4,5
81139,B,19.57,5,22
81156,B,21.83,5,24
81158,A,16.24,3,16
81161,A,26.43,1,19
81175,B,18.67,2,25
81180,B,11.44,1,22
81186,A,94.23,3,21
81194,A,15.06,3,17
81196,A,71.49,2,31
81197,B,26.0,1,21
81204,A,24.24,4,17
81207,A,26.7,5,14
81214,B,27.73,4,20
81219,A,8.01,1,25
81227,A,60.98,1,17
81229,A,1.76,4,21
81244,A,66.19,7,25
81245,A,51.56,13,20
81252,B,16.67,5,3
81257,B,15.72,4,17
81261,B,29.89,2,18
81275,A,19.11,5,15
81278,A,5.2,2,22
81309,A,24.07,3,27
81313,B,10.04,2,26
81332,B,17.23,3,27
81334,A,16.31,3,20
81342,B,8.5,4,18
81343,B,18.5,2,24
81349,B,54.08,2,24
81352,A,30.39,2,25
81353,A,10.21,4,6
81359,B,47.2,4,17
81366,B,25.11,5,19
81375,B,25.2,1,23
81378,B,47.69,3,22
81381,B,5.5,5,27
81389,A,20.45,3,24
81398,A,33.41,3,21
81399,B,170.22,5,15
81400,A,15.92,2,23
81401,B,20.85,1,24
81405,A,61.57,3,20
81416,B,15.94,1,21
81426,A,57.8,3,20
81428,B,15.49,1,28
81437,A,32.03,1,5
81441,A,15.24,3,16
81445,B,84.49,9,22
81449,A,3.93,5,19
81451,B,25.77,2,23
81462,B,47.32,5,3
81465,A,19.61,5,21
81475,B,94.21000000000001,2,17
81476,A,7.73,3,3
81483,B,126.94,5,26
81503,A,5.74,3,16
81507,A,108.95,8,23
81509,A,49.05,4,32
81532,A,51.88,1,17
81542,B,71.68,3,19
81543,B,59.85,4,23
81556,A,74.14,7,27
81562,A,22.5,1,20
81565,B,66.7,4,22
81566,B,32.26,3,22
81573,A,7.75,2,20
81575,A,17.45,1,18
81580,A,3.27,4,16
81588,A,11.11,2,12
81590,A,20.5,2,23
81592,A,2.39,3,21
81597,B,41.82,2,17
81601,A,14.2,5,21
81607,A,32.12,5,30
81630,B,39.81,3,22
81639,A,5.05,2,19
81641,B,8.82,4,23
81644,B,4.0,1,16
81649,B,23.4,4,23
81659,B,28.16,2,22
81661,B,1.85,3,25
81663,A,45.75,3,24
81669,A,14.32,4,21
81701,A,46.91,3,21
81707,A,29.98,1,19
81716,A,44.53,3,26
81721,B,21.63,4,19
81725,B,17.31,3,21
81727,B,31.27,2,23
81730,B,35.34,3,18
81734,B,71.19,8,22
81737,A,12.98,4,25
81743,B,11.32,5,27
81745,A,19.36,2,33
81749,A,86.73,1,16
81754,A,31.46,1,18
81756,A,38.1,2,23
81757,B,6.82,1,21
81759,B,15.36,4,25
81766,B,6.39,4,17
81768,A,38.04,3,23
81774,B,6.08,5,21
81781,B,21.63,2,17
81784,A,22.65,1,21
81785,B,27.97,2,22
81786,A,4.43,3,20
81800,A,5.78,3,20
81802,B,52.6,10,21
81808,B,11.11,4,19
81809,B,65.99,1,17
81814,B,65.43,2,18
81817,A,39.27,3,16
81822,B,55.83,1,15
81824,B,31.74,1,24
81830,B,37.56,4,29
81835,B,12.24,4,17
81845,A,51.58,4,15
81851,A,15.07,4,22
81867,B,48.77,1,15
81875,A,19.28,1,25
81876,A,37.25,4,21
81878,B,51.91,4,25
81886,B,15.72,5,22
81897,B,8.41,2,22
81904,B,2.82,4,25
81909,B,64.68,5,24
81911,B,45.75,2,19
81916,B,27.34,5,22
81921,B,37.31,5,24
81923,B,39.72,1,17
81926,A,7.99,5,25
81927,A,42.19,3,23
81931,A,14.37,2,30
81937,B,35.5,1,26
81941,A,44.64,2,18
81946,B,24.38,5,26
81955,A,22.33,3,21
81958,B,61.12,3,19
81961,A,32.04,4,21
81964,A,50.87,1,17
81977,A,26.57,2,14
81979,A,29.92,4,20
81987,B,54.7,1,21
81991,A,39.3,4,18
82007,A,8.24,4,21
82009,A,2.64,2,21
82011,B,12.88,5,20
82025,A,25.46,2,19
82028,B,28.64,3,21
82031,B,13.65,4,17
82041,B,32.2,5,24
82043,B,41.239999999999995,6,24
82044,A,28.37,4,22
82046,A,30.55,1,25
82053,A,72.6,5,18
82066,A,18.76,1,16
82068,B,31.91,4,23
82072,A,15.24,3,20
82075,A,107.15,3,17
82100,A,4.85,4,19
82102,B,81.87,2,20
82107,A,36.82,6,20
82108,B,23.91,5,15
82114,A,90.98,1,4
82116,A,13.05,3,20
82126,A,25.69,1,4
82127,B,8.73,2,14
82132,B,41.46,3,21
82133,A,76.59,5,16
82137,B,104.47,4,21
82159,A,29.71,2,25
82167,A,14.79,3,30
82171,B,59.53,8,17
82176,B,7.59,3,12
82179,B,11.1,1,19
82184,B,27.75,3,17
82191,B,13.2,1,22
82194,A,79.4,1,18
82199,A,7.61,1,17
82202,B,30.89,5,22
82204,A,12.64,2,21
82213,A,29.13,1,19
82215,A,12.55,2,23
82216,B,5.44,3,15
82222,B,3.39,2,23
82235,B,45.69,1,20
82239,A,34.22,3,20
82240,B,63.0,5,22
82246,B,80.92,10,20
82248,A,5.67,4,25
82266,B,81.91,3,20
82268,B,72.84,2,25
82272,B,85.92,4,25
82278,A,57.14,1,31
82283,A,45.25,7,27
82284,A,24.58,1,23
82286,A,70.15,1,22
82289,A,34.05,1,20
82290,B,2.08,5,20
82293,B,54.37,5,18
82300,A,6.35,3,25
82313,B,46.33,1,15
82315,A,28.98,2,21
82331,A,30.47,1,20
82335,A,60.14,1,26
82336,B,28.07,1,18
82339,A,23.15,3,22
82340,B,38.26,3,27
82345,A,49.1,2,25
82357,B,46.26,3,14
82368,A,14.9,2,24
82373,A,6.24,1,23
82376,A,29.25,4,25
82378,B,48.32,5,20
82381,B,22.55,1,17
82386,A,17.11,3,19
82389,A,32.25,2,18
82394,B,44.88,5,25
82399,B,23.98,4,17
82410,B,22.37,3,20
82414,A,38.82,3,26
82415,A,5.83,3,19
82421,A,2.2,2,24
82424,A,34.06,1,24
82431,A,31.25,1,25
82445,B,54.6,2,19
82450,B,14.93,2,15
82472,B,21.67,5,24
82473,B,4.38,1,18
82482,A,66.97,5,14
82487,B,12.48,3,18
82488,B,28.79,5,17
82489,B,32.15,2,19
82503,A,16.65,5,22
82510,A,68.25,7,18
82518,A,66.24000000000001,6,26
82522,A,53.52,3,22
82527,B,5.17,1,25
82536,B,1.96,5,20
82539,B,23.76,4,17
82541,B,7.26,2,21
82545,B,83.5,1,18
82552,A,25.63,5,16
82555,B,30.92,5,19
82569,A,77.77,4,21
82582,A,41.11,3,23
82593,B,66.3,5,21
82602,A,24.16,4,28
82619,B,107.52,4,23
82626,A,13.96,4,17
82631,A,10.44,4,21
82655,A,72.79,2,25
82664,A,38.58,5,22
82667,A,41.03,4,24
82673,A,42.98,2,22
82679,B,38.88,1,20
82681,B,77.56,5,25
82682,A,38.17,2,23
82691,A,9.82,1,19
82695,B,35.6,4,21
82704,B,43.08,2,23
82723,B,4.47,5,18
82734,A,87.06,2,23
82747,B,36.06,1,21
82758,B,43.33,1,21
82762,B,27.490000000000002,5,18
82767,B,28.86,5,22
82773,A,27.05,2,24
82780,B,3.78,3,26
82786,A,47.49,1,19
82792,A,36.56,3,18
82804,A,24.8,5,12
82821,A,37.99,4,23
82824,B,26.51,4,22
82828,B,38.91,2,20
82831,B,67.37,3,22
82840,B,18.44,2,17
82849,B,35.4,4,20
82850,A,47.97,5,18
82851,B,35.96,9,19
82853,A,27.88,4,18
82861,A,69.74,3,21
82863,B,50.44,4,21
82866,B,18.51,5,23
82879,A,22.51,3,21
82880,A,16.14,4,22
82883,A,25.3,1,24
82888,A,19.2,3,21
82889,B,25.06,2,30
82895,A,29.03,3,25
82898,A,47.74,1,27
82902,B,7.49,1,23
82905,A,66.19,2,26
82916,B,28.83,1,30
82918,B,50.25,1,24
82919,B,34.83,2,26
82921,A,47.74,1,22
82929,A,2.16,2,17
82940,B,21.66,1,28
82950,A,48.32,5,18
82957,B,46.26,3,18
82968,B,27.76,2,27
82970,A,72.19,1,18
82976,A,42.01,5,22
82987,B,63.23,4,20
82992,A,44.47,1,21
83012,B,22.24,5,18
83030,A,11.6,4,22
83040,B,50.45,5,17
83044,A,27.33,3,25
83045,A,58.6,3,27
83046,B,16.51,4,19
83067,B,11.39,3,23
83076,B,72.3,6,20
83078,B,20.49,2,21
83084,B,42.0,5,20
83088,B,32.27,1,18
83092,A,50.34,4,29
83093,B,35.18,1,20
83109,A,76.27,1,25
83112,B,19.84,4,21
83115,A,55.62,2,24
83118,B,59.56,4,13
83132,B,16.82,5,19
83145,B,116.77,4,22
83150,B,52.31,5,24
83152,B,15.67,1,20
83155,A,28.2,2,18
83156,B,41.15,2,21
83172,A,40.77,3,25
83179,B,10.38,4,20
83182,A,35.71,1,20
83183,B,18.5,4,21
83191,B,2.95,4,23
83198,B,19.32,2,17
83199,B,10.0,2,27
83200,B,11.54,4,24
83211,B,78.07,3,27
83223,B,14.31,1,18
83224,B,39.14,1,20
83231,B,44.57,2,17
83238,B,79.02,4,27
83240,B,26.97,4,12
83260,B,33.85,5,23
83264,A,40.1,2,22
83267,B,30.76,1,30
83274,A,48.24,2,21
83277,B,14.12,2,16
83284,B,30.08,5,24
83296,A,53.09,3,20
83298,A,82.58,6,17
83299,A,6.99,4,21
83300,B,22.86,5,24
83302,B,38.96,2,22
83307,A,40.51,2,16
83308,B,24.99,5,19
83317,A,35.05,4,18
83319,B,51.28,5,18
83331,A,14.2,5,24
83341,A,59.79,2,19
83344,A,37.78,5,17
83346,A,2.66,2,26
83347,A,30.58,5,22
83348,B,5.59,4,22
83349,B,34.43,3,21
83351,B,19.29,4,22
83354,B,37.21,1,24
83360,B,5.04,3,21
83364,B,18.88,4,19
83365,B,156.67000000000002,4,18
83366,A,33.24,3,26
83368,B,35.32,2,23
83373,B,14.76,5,20
83374,A,50.86,2,21
83375,A,23.259999999999998,9,16
83376,A,50.76,3,22
83378,B,22.92,3,21
83379,B,22.91,2,25
83388,B,38.26,2,17
83391,B,38.07,3,15
83394,B,42.25,8,22
83400,A,49.38,3,21
83416,A,39.03,1,16
83417,B,71.87,9,25
83423,A,30.24,2,17
83425,A,59.88,5,18
83426,B,15.54,5,22
83432,B,29.94,2,17
83433,A,13.05,5,23
83435,B,27.47,3,21
83436,A,16.29,1,30
83450,A,28.37,1,19
83451,B,69.07,4,24
83463,A,15.62,5,23
83474,B,1.38,3,14
83479,A,32.13,2,27
83487,A,31.71,5,20
83488,B,15.15,1,23
83490,B,28.48,5,24
83493,B,9.04,2,21
83497,A,5.36,3,19
83506,B,20.74,4,15
83507,A,8.39,2,19
83508,A,13.01,4,27
83545,B,36.28,3,19
83546,B,16.88,5,21
83552,B,37.36,2,26
83566,A,23.82,3,29
83567,A,13.62,2,19
83578,A,24.6,1,19
83585,B,33.93,3,17
83586,B,22.64,4,23
83594,A,24.88,3,24
83608,A,6.99,1,22
83609,A,15.93,1,22
83615,B,72.56,3,24
83617,B,61.83,2,15
83642,A,18.89,3,22
83647,A,13.72,2,22
83665,A,14.0,3,19
83666,B,9.57,3,26
83679,B,53.77,4,22
83697,B,24.81,4,2
83698,B,44.53,5,21
83716,B,11.9,1,17
83718,A,32.18,5,15
83720,A,54.96,7,25
83726,B,28.5,2,18
83728,B,55.57,1,20
83729,B,25.05,3,19
83732,B,17.27,2,18
83735,B,47.14,5,19
83740,B,25.56,4,20
83742,A,55.13,2,26
83745,A,65.15,1,4
83761,A,61.73,4,23
83763,A,28.22,4,20
83780,B,49.71,1,18
83784,B,44.17,7,19
83792,B,14.77,2,21
83799,B,17.26,3,24
83818,B,49.25,3,30
83820,B,64.77,2,24
83821,A,26.080000000000002,2,25
83831,A,23.95,1,21
83838,A,41.66,3,22
83849,A,9.64,5,14
83855,A,15.43,1,25
83865,B,62.13,3,24
83868,A,17.96,5,21
83871,B,10.26,5,22
83873,B,11.95,1,20
83880,A,61.42,6,22
83889,B,58.39,1,20
83891,A,4.13,1,19
83902,A,17.18,2,18
83903,B,14.4,3,19
83904,A,34.42,5,21
83950,B,34.15,2,20
83957,B,107.24,1,15
83959,A,22.52,2,19
83961,A,26.59,2,25
83965,B,41.6,2,27
83972,A,5.36,1,24
83979,A,55.93,4,18
83985,B,30.71,1,27
83990,B,30.6,5,22
83993,B,26.7,1,18
83999,A,1.5,1,21
84005,A,44.33,1,22
84010,B,24.56,2,21
84012,A,8.16,2,19
84018,A,33.35,4,20
84024,A,4.85,5,26
84033,B,95.21,4,19
84036,A,22.6,4,18
84037,A,13.68,5,24
84044,B,109.39999999999999,6,24
84050,B,75.4,2,15
84054,B,59.019999999999996,6,32
84055,A,33.88,1,15
84057,B,18.12,5,20
84060,A,48.83,8,21
84071,B,71.47,1,19
84085,A,30.96,2,25
84087,A,1.05,5,25
84095,A,26.14,2,20
84100,B,38.62,3,25
84104,A,95.62,1,14
84105,A,8.38,1,20
84107,A,26.77,1,22
84110,B,108.59,5,21
84116,A,8.24,1,26
84119,B,101.78999999999999,5,18
84122,B,84.47,2,13
84123,A,78.52,4,21
84128,A,3.42,2,25
84130,B,56.56,1,15
84133,A,15.79,4,19
84134,B,14.33,5,21
84148,B,64.14,7,22
84149,A,49.22,4,3
84155,A,22.15,1,26
84157,A,25.1,5,17
84166,A,42.35,3,23
84172,A,37.6,1,18
84175,B,50.86,10,16
84184,A,10.5,3,24
84196,A,13.94,4,15
84199,B,44.0,4,27
84200,B,24.73,2,24
84207,A,23.12,2,23
84211,B,22.04,1,18
84214,A,51.51,3,17
84218,B,4.99,5,17
84228,B,30.92,4,29
84231,B,37.75,4,14
84235,B,30.57,2,27
84236,A,51.870000000000005,5,24
84240,A,33.0,4,19
84250,B,23.68,3,19
84255,A,21.77,5,16
84263,B,14.39,2,17
84290,A,21.38,2,23
84303,B,76.33,3,24
84304,B,22.21,1,25
84307,A,21.23,4,23
84311,A,8.05,2,22
84313,B,46.1,8,18
84314,A,41.69,3,24
84317,A,21.12,4,15
84319,A,13.55,5,22
84320,A,56.17,2,18
84321,A,26.68,2,24
84322,B,26.15,2,18
84325,B,18.02,4,23
84329,A,20.16,5,19
84333,B,66.67,7,20
84335,A,47.75,4,24
84341,B,47.53,3,27
84347,B,42.14,3,22
84358,A,32.28,1,21
84364,A,77.57,2,17
84379,B,13.88,4,23
84381,A,18.78,1,25
84390,A,13.61,2,20
84393,B,22.95,5,26
84394,B,15.47,3,20
84397,B,12.39,5,21
84407,B,14.8,4,24
84413,A,17.81,3,23
84416,B,13.8,5,25
84417,A,33.25,1,18
84425,B,11.05,3,21
84426,B,118.06,9,21
84428,B,23.11,2,19
84431,A,73.28999999999999,5,24
84432,B,42.75,4,24
84442,A,6.92,3,25
84449,A,30.53,2,27
84455,A,20.87,2,22
84456,A,39.05,4,13
84458,A,32.54,2,17
84460,A,44.67,4,17
84466,B,20.49,3,25
84479,A,18.71,4,18
84488,B,49.83,2,20
84505,A,43.46,1,14
84506,A,6.26,2,18
84508,B,49.37,3,20
84511,B,31.19,5,27
84515,B,39.04,5,23
84518,A,47.42,5,25
84521,B,30.24,1,24
84534,A,62.16,3,19
84537,B,11.61,5,22
84541,A,30.69,4,18
84543,B,32.96,4,29
84545,A,24.97,4,24
84548,B,21.08,4,22
84549,A,53.03,1,21
84553,A,52.41,4,17
84555,B,25.28,3,20
84559,A,5.63,3,26
84568,B,17.53,2,18
84574,B,11.06,2,25
84577,B,37.52,1,20
84588,B,4.28,5,25
84589,A,18.84,3,23
84615,A,25.24,4,25
84616,B,3.44,2,25
84622,B,28.97,5,18
84628,B,32.13,5,27
84649,B,38.33,2,18
84650,B,2.94,4,23
84651,A,54.36,1,14
84654,A,19.439999999999998,3,18
84658,A,51.13,1,19
84664,B,92.51,2,17
84665,B,15.76,2,33
84666,B,32.51,5,1
84669,A,67.23,5,3
84670,A,30.03,5,22
84681,B,91.89,5,15
84707,A,8.9,2,19
84711,A,2.84,1,27
84721,A,9.99,1,21
84729,B,8.31,3,20
84735,B,43.07,8,21
84745,A,22.85,1,18
84752,A,3.62,3,23
84757,A,6.95,3,22
84764,B,22.77,1,21
84768,A,9.91,4,24
84770,A,38.16,5,25
84778,B,36.63,4,20
84779,B,33.16,5,23
84784,B,27.27,3,13
84785,A,60.21,1,17
84791,B,15.66,1,17
84798,B,8.23,3,25
84800,B,17.06,7,22
84804,A,57.74,9,20
84808,A,30.67,1,21
84821,A,20.89,2,19
84829,A,40.86,5,27
84837,B,27.17,2,21
84838,A,34.56,1,25
84842,A,13.61,3,22
84844,B,18.75,2,28
84855,B,94.16,5,25
84860,B,70.47,4,30
84865,B,28.17,3,20
84866,B,40.35,1,21
84880,A,38.43,2,20
84884,A,11.1,4,15
84888,A,25.3,2,19
84893,B,10.58,2,23
84907,B,14.58,5,18
84911,B,67.66,3,25
84915,B,24.13,5,22
84933,A,117.12,7,21
84935,A,66.62,2,26
84943,B,42.55,3,21
84944,B,4.55,2,19
84947,B,24.99,3,22
84951,B,35.22,5,20
84956,B,36.96,1,23
84973,A,49.68,4,23
84976,B,47.82,4,16
84980,A,35.44,1,19
84981,B,22.26,5,20
84985,B,109.58,5,19
84988,A,25.89,3,16
84989,B,62.77,3,34
84990,B,94.14,2,24
84991,A,18.06,5,25
84994,A,29.37,1,20
85002,A,99.96000000000001,6,22
85003,B,40.45,5,16
85006,B,31.86,1,18
85016,B,20.63,3,16
85017,A,16.44,1,24
85018,B,13.31,3,19
85024,A,33.980000000000004,9,24
85030,A,43.3,2,20
85037,B,75.29,1,23
85042,A,55.69,1,21
85045,A,25.99,4,22
85050,A,70.24,4,21
85054,B,84.57,4,23
85067,B,37.73,2,24
85068,A,34.77,1,23
85070,A,21.86,1,19
85082,A,7.8,1,26
85083,A,19.33,3,26
85084,A,22.6,3,21
85095,A,21.06,2,20
85097,B,39.769999999999996,7,25
85119,A,17.76,3,26
85122,A,15.98,4,31
85125,B,35.69,2,25
85129,B,95.36,4,27
85140,A,12.56,4,25
85148,A,68.69,7,18
85173,B,31.74,4,26
85174,B,20.67,2,21
85186,B,8.93,3,22
85187,A,20.3,5,28
85194,B,62.54,5,18
85207,B,23.24,4,19
85209,A,76.18,5,11
85221,B,22.04,2,2
85229,A,78.99,10,24
85234,B,24.58,5,22
85245,A,10.87,3,16
85248,A,16.32,5,22
85250,B,18.88,5,15
85255,A,17.14,5,22
85256,B,78.78,3,24
85261,A,9.93,3,22
85263,B,16.32,3,20
85273,A,35.54,5,23
85280,B,19.25,4,23
85284,A,35.12,4,18
85285,B,36.2,1,19
85288,B,18.35,1,21
85289,A,29.32,2,22
85291,A,22.63,1,20
85296,B,14.08,2,23
85297,A,44.24,2,24
85302,B,96.24,2,23
85316,B,31.61,2,18
85318,B,14.37,2,21
85322,A,50.34,3,17
85332,A,22.14,5,23
85335,B,23.13,5,27
85337,B,3.84,5,27
85340,A,23.52,2,18
85356,A,42.5,2,15
85365,A,4.65,5,25
85366,B,18.25,1,25
85369,B,51.9,1,24
85372,A,19.31,2,19
85376,B,31.69,4,18
85391,B,53.339999999999996,6,21
85392,B,38.03,1,19
85398,A,50.61,1,23
85407,A,16.47,2,26
85414,B,2.3,2,13
85418,B,24.68,4,27
85423,B,29.59,3,18
85424,B,19.75,1,19
85429,A,14.47,1,23
85432,B,8.73,2,28
85438,A,47.8,5,19
85443,B,31.09,1,21
85444,A,12.08,5,27
85447,A,18.49,1,16
85451,B,106.48,2,24
85456,B,10.85,1,19
85462,B,10.82,5,21
85473,B,18.99,2,22
85478,A,15.32,4,24
85481,A,22.64,5,28
85482,A,52.91,5,19
85490,B,82.9,2,20
85493,B,0.57,2,19
85496,B,25.07,1,28
85503,A,20.19,5,22
85506,B,69.54,5,25
85513,A,2.47,1,24
85519,A,39.67,5,19
85522,B,10.99,1,5
85526,A,75.11,1,26
85532,A,31.48,2,19
85543,A,33.76,1,16
85554,A,23.33,3,22
85557,B,24.55,1,4
85559,B,31.1,1,28
85576,A,40.98,3,4
85577,A,9.57,2,27
85582,B,64.5,3,21
85588,B,58.69,3,17
85594,A,4.99,5,20
85611,B,90.58,2,25
85613,A,20.67,2,22
85615,B,40.28,3,24
85618,B,61.959999999999994,9,25
85620,B,11.2,2,21
85625,A,23.32,3,27
85632,A,75.88,8,24
85638,A,49.83,10,24
85641,A,34.03,3,22
85643,A,15.72,1,24
85644,B,12.8,1,21
85649,A,6.71,2,23
85651,A,49.5,6,27
85660,B,27.06,4,24
85665,A,35.94,2,23
85666,B,11.59,2,19
85670,A,77.61,2,28
85671,A,18.74,3,20
85674,A,19.03,5,14
85675,B,6.74,5,17
85679,B,90.49,5,26
85691,A,78.29,3,21
85716,A,87.52,4,20
85718,A,25.47,5,20
85720,B,21.11,5,26
85722,A,13.24,1,21
85726,A,20.59,1,19
85731,A,20.66,1,18
85749,B,91.98,7,24
85750,A,21.76,5,24
85768,A,90.99,5,21
85773,B,12.42,4,17
85776,B,16.8,2,22
85782,A,32.8,3,15
85790,B,36.91,3,23
85798,A,23.32,3,19
85799,A,23.56,2,25
85810,A,9.75,3,23
85814,A,25.84,4,17
85835,A,51.6,3,25
85836,B,5.84,2,19
85841,A,33.18,3,20
85846,B,6.32,3,22
85848,A,11.1,1,15
85852,B,115.56,3,19
85854,A,7.74,4,25
85859,B,20.9,4,27
85861,B,40.98,2,19
85862,B,19.19,2,20
85866,A,76.58000000000001,4,22
85869,A,3.67,1,27
85872,B,6.38,1,18
85873,B,40.55,4,23
85877,A,50.4,4,23
85881,A,80.22,7,23
85886,A,11.7,3,15
85894,B,15.67,3,19
85904,A,40.71,2,23
85906,A,9.73,3,25
85908,B,56.21,3,25
85931,B,16.27,1,22
85941,B,80.44,5,23
85942,B,23.47,3,19
85946,A,98.29,3,17
85952,A,29.37,1,21
85963,A,22.34,2,25
85965,A,65.12,5,19
85970,A,12.78,7,20
85971,A,14.18,4,18
85973,B,110.91,3,15
85987,A,12.95,3,18
85988,A,38.95,9,17
85989,A,31.96,6,23
86009,A,8.22,3,24
86015,A,26.52,4,25
86031,A,15.92,4,25
86034,B,22.54,1,22
86035,A,13.52,2,17
86041,B,16.38,2,20
86044,A,54.54,3,26
86045,B,32.93,4,20
86060,B,37.94,5,28
86063,B,35.62,2,2
86065,B,17.03,3,20
86070,B,22.08,2,19
86075,B,17.22,5,4
86083,B,16.71,3,24
86084,B,2.42,3,20
86087,A,47.94,1,24
86095,A,46.72,3,22
86102,B,35.82,5,16
86104,A,28.4,3,23
86107,B,26.31,5,19
86108,B,52.9,2,18
86119,A,84.34,1,27
86130,B,27.16,2,30
86134,A,34.6,5,18
86137,B,43.85,4,23
86141,B,12.59,1,4
86148,A,34.52,5,24
86150,A,42.74,4,31
86165,B,31.26,1,29
86175,A,83.25,6,17
86178,B,57.66,2,16
86180,B,64.67,4,27
86181,A,11.36,1,15
86184,A,8.24,2,20
86189,B,7.99,4,21
86192,A,3.95,5,17
86193,A,31.92,1,6
86194,A,15.61,2,23
86198,B,35.32,1,27
86200,A,16.42,5,21
86205,B,91.38,10,18
86214,B,16.73,2,20
86220,A,38.07,1,24
86222,B,27.35,4,2
86230,B,72.62,5,22
86242,A,60.37,5,21
86243,A,7.41,1,26
86254,B,50.62,2,20
86256,B,30.83,10,22
86258,A,36.93,1,19
86263,A,39.47,4,27
86266,A,30.56,4,20
86275,A,52.34,5,26
86276,B,100.63000000000001,7,23
86287,B,48.01,4,21
86290,A,5.98,2,21
86301,B,27.66,3,28
86303,B,2.95,1,27
86306,A,8.65,3,19
86313,A,71.24,2,18
86317,A,29.87,4,24
86326,B,26.82,4,22
86331,A,12.56,4,17
86343,B,39.33,3,23
86344,B,4.82,4,23
86355,A,16.52,2,17
86356,B,18.23,2,25
86361,B,21.5,4,26
86363,B,44.76,2,22
86373,A,18.55,4,18
86378,A,23.38,2,23
86404,A,6.31,2,17
86413,A,91.61,5,17
86414,B,8.65,4,16
86415,B,14.55,2,23
86416,B,20.26,1,21
86420,A,54.94,9,24
86422,B,21.09,3,24
86423,A,28.14,1,17
86426,A,12.36,4,18
86427,A,63.89,2,24
86432,B,62.49,3,29
86441,B,23.51,1,19
86448,B,58.79,2,21
86450,B,6.8,5,17
86454,A,44.73,2,20
86461,B,51.18,4,21
86468,A,46.71,5,20
86469,A,49.82,1,22
86478,A,154.59,3,28
86486,B,3.17,2,28
86501,B,40.29,4,31
86510,B,34.0,3,17
86511,B,12.64,5,19
86515,A,40.18,4,20
86519,A,1.37,4,21
86522,B,40.97,4,26
86523,B,28.83,3,24
86537,A,52.88,5,19
86539,A,54.04,5,24
86544,B,61.16,5,20
86547,A,7.48,2,28
86551,B,13.76,3,25
86553,B,17.6,4,22
86556,A,36.33,4,23
86557,A,28.71,5,23
86573,A,0.63,2,23
86582,A,37.05,4,24
86594,A,20.9,1,24
86596,A,24.57,3,24
86603,B,53.31,4,24
86604,A,49.379999999999995,7,23
86605,A,76.86,8,25
86607,A,44.08,3,18
86614,A,26.71,5,20
86616,B,54.1,2,22
86622,A,31.53,4,19
86625,B,95.88,4,22
86627,B,32.05,3,25
86640,A,16.53,3,21
86642,A,4.89,1,17
86646,A,30.74,5,26
86653,B,45.5,5,24
86654,B,11.71,2,22
86658,B,21.03,3,23
86660,B,60.57,5,19
86673,A,32.75,3,26
86679,B,72.12,7,20
86683,A,57.43,3,17
86690,B,1.27,4,29
86695,B,52.69,4,27
86701,B,30.83,5,3
86707,B,47.35,4,25
86708,A,27.66,2,22
86720,A,23.2,2,24
86723,A,73.64,4,22
86725,B,6.63,1,4
86734,B,10.12,1,16
86744,B,31.159999999999997,6,23
86749,B,54.72,1,20
86750,A,3.86,1,17
86752,B,13.71,4,27
86765,B,41.56,2,24
86768,B,26.990000000000002,3,20
86776,B,58.68,6,29
86777,B,55.27,5,23
86780,A,24.34,1,24
86796,B,61.25,5,17
86798,A,56.85,4,18
86810,B,28.62,3,23
86814,A,63.45,2,23
86835,A,21.77,1,19
86850,B,32.6,1,21
86880,A,8.19,4,23
86884,A,6.62,5,22
86895,A,13.34,4,22
86896,B,29.3,1,23
86900,B,50.68,3,21
86901,B,26.58,5,21
86907,B,41.75,3,23
86911,B,51.66,1,26
86913,B,31.17,3,22
86920,A,2.28,3,4
86923,A,8.96,3,18
86929,B,8.67,1,21
86936,B,45.04,5,21
86937,A,75.25,5,22
86950,B,56.42,3,20
86951,B,54.8,9,25
86952,A,97.78,2,23
86957,A,6.4,1,24
86958,B,16.15,5,20
86963,A,13.0,1,27
86965,A,52.879999999999995,5,22
86968,A,38.68,5,28
86970,A,9.7,2,19
86977,B,39.44,4,24
86981,A,45.68000000000001,5,29
86984,A,48.53,5,14
86990,A,16.24,1,18
86991,A,70.2,4,25
86993,B,17.8,4,26
86999,B,1.57,2,24
87003,B,10.95,4,21
87005,A,18.92,4,22
87010,B,34.59,3,21
87017,B,27.68,3,23
87026,A,63.89,7,25
87031,B,30.17,4,24
87038,B,8.32,5,23
87041,A,23.33,3,23
87042,B,51.46,10,27
87047,B,65.82,3,16
87050,A,39.92,5,23
87051,A,59.52,4,22
87052,B,25.25,3,24
87053,A,20.05,1,22
87056,A,28.74,1,24
87063,B,67.44,3,18
87064,A,17.15,1,24
87065,B,18.47,4,19
87066,B,38.17,2,31
87075,A,20.75,3,19
87076,A,39.62,2,20
87077,B,9.61,2,22
87087,B,24.1,2,20
87088,A,10.92,2,18
87091,B,31.96,1,18
87098,A,24.21,4,25
87101,A,7.03,1,19
87107,B,14.58,3,17
87115,A,10.14,4,28
87117,A,31.33,2,26
87120,A,64.89000000000001,3,27
87132,A,47.16,3,20
87133,A,28.92,3,22
87134,A,20.98,3,25
87135,B,49.27,5,24
87139,B,32.06,2,22
87144,A,3.86,2,23
87148,B,31.96,3,26
87150,A,17.93,1,22
87151,A,18.52,1,27
87164,A,4.78,4,26
87168,B,75.66,7,22
87169,B,23.78,1,22
87184,B,37.59,5,15
87188,A,36.5,3,4
87190,B,8.0,3,22
87192,B,2.98,4,20
87194,A,22.42,4,20
87200,B,41.25,4,18
87212,B,49.18,3,25
87215,B,7.93,4,21
87230,B,56.57,3,25
87239,B,15.2,1,22
87255,B,68.15,2,15
87256,A,32.43,1,24
87257,B,27.27,4,23
87263,A,8.71,4,27
87273,A,75.79,5,24
87274,A,87.5,3,23
87276,B,66.26,2,17
87288,B,38.15,4,21
87299,B,13.4,3,19
87304,B,34.88,5,21
87307,A,27.72,1,27
87310,A,37.51,1,11
87319,B,30.49,2,16
87325,A,4.71,5,24
87332,B,57.69,5,23
87334,A,21.41,1,20
87335,B,18.44,5,18
87338,B,38.38,3,19
87339,A,26.47,3,17
87344,B,12.0,3,19
87358,A,164.19,3,17
87359,A,10.95,1,18
87378,B,31.11,3,26
87385,B,11.92,3,17
87389,A,34.67,4,23
87401,A,28.26,4,20
87410,A,28.51,3,19
87416,A,42.46,2,22
87418,B,23.36,5,20
87422,B,29.02,4,16
87426,A,43.79,5,23
87429,B,22.439999999999998,8,23
87460,B,10.26,3,20
87469,A,10.27,2,19
87475,A,47.26,1,23
87479,B,46.07,1,18
87485,B,2.71,3,24
87487,A,37.35,5,17
87497,A,40.76,3,26
87501,A,20.69,1,27
87507,A,18.54,2,22
87513,A,32.95,5,21
87514,B,54.9,5,17
87516,A,9.86,3,23
87519,A,69.91,4,22
87522,A,18.29,3,23
87527,B,31.57,1,20
87554,A,29.61,3,21
87559,A,41.75,3,26
87586,A,34.97,5,26
87588,A,31.36,1,26
87593,A,41.0,2,19
87598,B,65.38,5,25
87604,A,35.64,5,21
87606,A,9.44,3,17
87609,A,10.34,4,22
87611,A,36.88,7,20
87612,B,31.87,2,15
87615,B,8.55,1,27
87624,B,0.99,2,26
87630,A,36.31,2,16
87637,A,36.65,2,22
87638,A,28.99,4,25
87642,A,51.16,4,14
87659,A,12.23,5,21
87668,A,27.7,3,18
87670,B,46.0,4,16
87673,B,45.68,3,21
87677,A,22.49,5,27
87679,B,12.91,3,24
87681,A,24.94,2,26
87684,A,40.38,5,15
87685,B,40.73,5,20
87686,B,54.77,2,18
87691,B,101.76,3,21
87705,A,37.39,1,26
87708,A,25.07,4,4
87711,B,10.86,4,19
87724,A,26.05,1,18
87727,B,19.57,1,15
87731,A,21.74,3,22
87740,B,0.33,1,17
87748,A,16.16,3,20
87759,A,6.12,1,16
87760,B,36.82,5,18
87763,B,58.39,4,23
87768,B,38.21,2,20
87770,B,48.77,7,27
87786,A,6.57,4,26
87788,A,55.52,3,24
87789,B,34.93,5,4
87818,A,28.25,1,20
87821,A,96.02,2,20
87824,A,25.42,1,21
87841,B,22.37,1,25
87842,A,22.52,4,18
87853,B,38.25,1,19
87854,A,9.68,4,18
87858,A,10.12,5,20
87863,B,23.24,2,21
87875,A,58.31,4,22
87880,B,32.24,3,27
87883,B,14.15,4,17
87888,B,82.23,5,22
87895,A,16.59,2,18
87908,B,26.93,2,23
87910,A,6.0,5,23
87912,B,34.44,3,24
87916,A,32.03,5,23
87919,A,40.02,5,6
87922,A,6.17,3,20
87931,A,2.25,5,20
87933,A,10.14,2,19
87940,B,39.45,1,22
87947,B,26.54,5,25
87954,B,27.4,1,25
87956,A,9.51,4,24
87967,B,33.88,1,4
87975,A,14.6,3,24
87978,B,27.37,1,21
87984,A,14.86,2,24
87995,B,16.33,2,16
88006,A,11.43,3,13
88008,A,16.46,1,20
88015,A,43.95,1,23
88019,A,8.01,1,13
88021,B,40.64,1,16
88027,B,6.22,3,18
88028,A,28.96,3,18
88036,A,39.15,1,21
88038,A,9.96,3,18
88042,A,5.15,2,18
88048,A,24.15,5,16
88049,A,10.92,5,19
88053,B,75.92,4,22
88058,A,47.47,1,28
88083,B,35.02,1,27
88088,B,12.57,5,21
88090,A,8.56,1,26
88098,A,7.12,3,13
88099,A,61.43,3,6
88102,B,13.46,5,25
88120,A,12.41,3,21
88123,A,74.43,7,30
88126,A,15.61,3,20
88143,B,40.97,5,25
88156,B,67.54,4,24
88159,A,23.26,2,20
88160,A,40.790000000000006,5,3
88171,A,165.18,8,23
88173,B,4.1,4,18
88184,A,40.01,5,23
88187,B,30.28,2,20
88200,A,19.4,5,16
88202,A,3.6,2,23
88203,A,84.12,8,19
88211,B,30.82,5,22
88212,B,16.68,1,18
88216,B,21.67,2,20
88225,B,19.58,1,21
88241,B,13.26,5,17
88250,A,26.15,3,24
88252,A,60.470000000000006,5,19
88261,B,25.6,3,17
88266,B,125.98,3,21
88269,B,54.73,3,20
88273,A,43.38,1,20
88281,A,21.79,3,15
88284,A,64.7,2,18
88285,B,55.37,5,23
88287,A,35.0,2,19
88290,B,19.58,3,22
88295,A,34.02,2,23
88301,B,22.09,3,13
88303,A,29.63,2,20
88304,A,49.94,4,18
88305,A,9.51,3,25
88307,B,13.94,1,25
88313,A,4.65,4,23
88322,A,44.23,4,21
88323,B,33.44,4,22
88331,B,12.89,3,17
88334,A,27.04,4,28
88347,A,34.27,4,22
88348,B,17.81,2,14
88351,A,63.74,2,18
88356,B,42.67,4,4
88360,B,18.18,2,22
88380,A,81.31,3,23
88391,A,14.02,3,25
88392,A,14.79,2,21
88399,A,7.66,1,18
88407,B,97.65,1,21
88412,B,21.54,4,1
88413,A,44.26,3,16
88417,A,30.66,4,24
88438,A,17.29,4,18
88440,A,15.46,4,25
88489,A,13.86,1,17
88499,A,50.62,2,20
88502,A,63.0,5,27
88507,B,40.42,4,20
88515,A,55.11,1,15
88525,B,22.35,5,14
88534,A,37.39,3,23
88545,A,33.6,9,16
88559,A,36.9,3,14
88560,A,8.61,4,22
88571,A,6.81,2,21
88578,A,39.5,5,16
88583,A,7.81,2,23
88586,B,31.35,4,20
88588,A,30.48,1,21
88589,A,40.59,1,5
88598,A,18.58,6,19
88606,B,84.27,3,18
88614,B,7.52,1,21
88617,B,41.32,5,26
88630,B,25.78,5,23
88637,A,8.77,4,22
88648,A,32.08,3,25
88652,B,7.53,4,20
88657,B,24.02,1,22
88662,A,76.0,3,19
88671,B,46.24,2,20
88682,A,11.55,3,22
88690,B,53.63,5,19
88696,B,3.87,5,24
88700,B,21.9,2,18
88705,A,45.04,3,19
88711,B,73.69,4,23
88716,B,75.49,6,19
88719,A,2.83,5,19
88720,B,36.93,5,22
88722,A,12.71,4,22
88724,B,93.33,6,19
88754,B,21.85,2,22
88771,B,3.27,4,24
88783,B,21.09,3,24
88785,A,24.7,2,24
88800,B,29.18,1,24
88805,A,26.7,5,24
88809,A,48.09,6,13
88811,B,47.14,5,24
88833,A,33.71,5,22
88836,B,18.21,3,28
88839,A,66.56,5,17
88842,B,14.97,3,23
88863,A,7.4,1,24
88864,B,6.41,1,20
88865,B,20.66,1,24
88868,B,33.0,3,20
88871,B,83.5,1,18
88875,B,8.96,4,19
88879,A,41.31,5,23
88885,A,111.23,5,19
88887,A,22.93,1,27
88889,B,36.95,2,16
88891,B,28.59,1,18
88899,A,63.37,2,19
88915,A,30.3,1,22
88918,A,26.46,4,22
88921,B,54.52,4,4
88922,A,46.73,4,22
88923,B,10.34,1,22
88927,B,29.44,1,23
88947,A,92.46,3,23
88954,A,9.75,4,21
88956,B,60.24,2,21
88961,B,42.98,1,25
88965,A,14.39,3,25
88968,B,71.9,3,21
88969,A,27.74,4,23
88973,A,13.45,1,4
88978,B,33.0,1,15
88980,B,10.33,3,21
88987,B,30.4,5,23
88989,B,64.79,2,21
88991,B,52.79,4,15
88995,B,24.74,3,19
88999,B,112.13,8,26
89004,A,48.96,5,27
89014,B,55.92,3,23
89017,B,33.26,3,21
89018,B,8.78,5,19
89024,A,24.94,1,20
89076,B,15.27,4,21
89078,B,96.69999999999999,3,18
89088,A,44.94,4,19
89091,B,12.77,3,22
89097,B,37.019999999999996,6,24
89100,A,11.04,2,22
89106,B,35.18,3,22
89108,B,77.49,2,18
89109,B,4.91,2,24
89115,A,18.26,5,7
89117,B,23.63,4,17
89123,A,35.33,5,24
89131,A,36.28,3,20
89136,A,62.93,2,19
89141,A,13.47,4,6
89149,A,9.73,4,7
89156,B,52.33,8,25
89160,B,93.44,7,24
89162,A,55.81,1,19
89174,B,47.15,9,25
89175,B,56.9,3,22
89188,A,34.4,1,21
89191,A,14.97,4,20
89192,B,23.39,5,20
89199,B,31.05,3,16
89205,A,32.38,3,22
89231,A,1.87,2,19
89242,B,7.8,1,17
89245,A,12.93,2,25
89253,B,3.01,4,19
89258,B,12.58,2,31
89273,A,66.13,3,28
89276,B,49.81,4,19
89287,A,16.67,2,25
89292,B,89.02,3,26
89294,B,25.42,5,16
89295,B,30.3,2,24
89300,A,5.34,5,19
89307,B,26.11,3,16
89310,A,67.25,5,14
89327,A,137.22,9,24
89339,A,1.09,5,26
89348,A,31.28,4,27
89349,B,32.93,1,24
89370,B,38.03,2,5
89373,A,9.29,1,24
89377,A,72.53,8,22
89392,A,32.42,7,23
89408,A,30.58,4,26
89409,A,1.81,1,17
89411,A,4.29,2,16
89421,A,10.53,2,24
89430,B,52.47,1,22
89447,A,19.99,5,20
89454,B,25.93,4,25
89460,B,9.28,1,19
89480,A,8.18,1,24
89481,A,61.33,2,17
89482,A,29.2,2,30
89483,B,20.2,4,23
89487,A,1.11,1,18
89494,A,34.09,4,15
89518,A,21.37,5,17
89524,B,48.58,3,22
89526,A,15.33,3,3
89542,B,25.76,3,24
89564,A,18.17,5,21
89571,A,27.89,4,17
89572,B,14.28,5,25
89576,A,6.75,2,19
89585,A,39.37,2,19
89586,B,51.6,3,21
89602,B,11.43,3,22
89606,A,26.36,3,18
89608,A,64.55,4,30
89615,B,8.96,3,20
89620,B,19.71,5,5
89626,B,44.09,5,26
89628,A,18.72,4,22
89629,B,47.91,3,26
89632,B,19.76,4,20
89637,B,25.49,5,24
89643,A,50.17,4,20
89645,A,56.01,4,20
89646,A,42.03,1,23
89649,B,53.35,1,20
89657,B,26.71,4,24
89661,B,28.21,5,25
89668,B,16.96,2,18
89675,A,140.04,10,13
89678,A,32.69,3,22
89686,A,54.36,3,23
89687,A,17.36,4,26
89689,A,31.21,2,23
89706,B,17.82,1,14
89714,A,23.01,3,15
89718,B,25.55,5,22
89723,B,30.49,4,19
89726,B,35.41,5,16
89732,A,6.96,5,25
89749,A,16.56,1,32
89754,B,18.8,2,18
89758,A,79.83,2,5
89786,A,41.66,4,24
89789,B,26.38,1,22
89796,A,40.56,5,24
89810,B,109.67,3,20
89834,B,8.45,3,30
89839,B,21.19,3,13
89855,B,46.72,3,20
89864,B,35.45,4,5
89872,A,28.06,2,16
89883,A,8.2,1,24
89884,B,16.61,2,22
89887,A,20.42,2,26
89901,A,22.36,5,4
89903,A,55.349999999999994,6,22
89910,A,41.07,4,22
89912,B,55.48,1,21
89915,B,19.37,1,17
89919,A,26.07,5,22
89925,A,12.38,4,23
89940,A,68.86,5,19
89949,B,40.0,5,22
89958,A,44.6,4,21
89960,B,16.13,4,24
89961,B,16.76,4,25
89964,A,20.54,1,20
89968,A,8.63,3,22
89971,B,54.35,5,19
89975,B,9.65,5,26
89978,A,15.2,3,17
89981,B,75.44,5,25
89984,B,3.94,2,19
89990,A,74.66,2,21
89994,A,64.2,4,16
90008,B,36.45,5,24
90021,B,21.6,5,18
90033,A,102.44,4,15
90045,B,6.32,4,30
90048,B,32.64,4,22
90052,A,42.57,1,22
90068,A,98.46,5,16
90069,B,79.34,4,23
90070,B,11.96,1,24
90074,A,45.93,4,22
90075,A,24.11,4,19
90088,A,35.99,1,24
90097,B,85.89,3,21
90106,A,62.22,1,26
90111,B,3.78,2,19
90120,A,62.79,2,3
90121,A,71.66,5,14
90122,B,34.18,2,3
90126,A,32.15,4,25
90134,A,3.4,3,24
90135,A,40.32,8,17
90136,A,5.44,4,28
90140,B,60.62,8,22
90143,B,52.3,5,23
90159,A,36.79,3,18
90176,B,49.98,5,19
90186,A,26.76,2,19
90188,A,15.38,3,29
90203,B,62.35,6,20
90204,A,32.04,1,21
90219,B,17.25,5,19
90221,B,8.62,3,26
90229,A,4.05,3,20
90232,B,17.18,2,24
90238,A,28.86,5,25
90247,B,19.85,4,20
90262,B,23.59,3,23
90266,B,63.86,2,20
90273,A,9.85,3,23
90277,A,18.81,4,21
90279,A,5.07,2,14
90280,A,19.64,4,18
90282,B,20.7,2,24
90287,A,11.66,2,24
90292,B,74.49,3,22
90300,A,12.44,4,24
90304,A,14.93,1,18
90308,A,50.12,1,27
90312,B,15.32,1,18
90316,A,31.76,3,27
90318,A,8.02,3,21
90322,A,15.9,3,4
90323,A,84.03,4,21
90324,A,27.35,4,22
90341,B,20.06,4,22
90343,B,38.19,4,20
90344,B,61.65,8,19
90354,A,9.22,2,26
90356,A,22.33,3,22
90363,A,31.57,2,17
90392,B,11.12,5,22
90401,B,0.68,3,16
90408,A,14.71,1,20
90438,A,13.04,3,27
90444,A,16.83,4,19
90445,A,34.56,1,14
90450,B,4.62,5,20
90453,A,13.72,2,17
90454,B,25.21,1,19
90461,B,3.57,5,18
90462,A,13.02,1,15
90467,B,59.74,9,24
90481,B,12.64,5,21
90492,B,24.53,4,23
90495,A,27.29,5,5
90498,B,16.11,4,20
90517,B,39.53,3,28
90520,B,57.34,1,23
90522,A,21.25,1,20
90531,A,26.36,1,4
90533,B,80.61,1,21
90534,A,21.26,4,27
90541,B,61.55,3,25
90545,A,32.17,5,20
90561,B,1.93,1,16
90562,A,38.07,3,17
90572,B,27.14,4,20
90577,B,14.54,1,25
90578,B,25.17,1,17
90580,A,14.68,5,26
90584,A,18.25,1,26
90587,A,86.42,3,20
90592,A,6.33,5,29
90597,A,28.18,5,26
90598,B,14.39,1,19
90606,A,55.34,3,23
90624,B,23.17,1,18
90626,B,25.96,5,21
90640,B,32.2,2,24
90653,B,66.63,1,21
90657,B,4.45,5,22
90659,B,48.56,4,22
90660,A,30.78,5,23
90675,B,10.72,2,23
90676,B,73.98,3,15
90678,B,8.26,4,21
90689,A,4.01,3,28
90694,B,35.48,1,18
90695,A,4.9,1,26
90698,A,60.31,5,6
90708,A,22.83,5,22
90710,B,14.18,2,3
90711,A,3.42,4,25
90714,B,15.99,4,25
90722,B,44.94,5,19
90724,B,19.45,1,22
90733,B,37.14,5,22
90736,B,23.26,3,24
90745,B,38.29,4,22
90749,A,1.73,4,24
90762,A,37.07,5,22
90767,B,48.54,3,21
90777,A,23.04,2,16
90781,A,33.47,1,21
90783,B,11.93,2,30
90790,A,63.25,7,21
90793,A,18.81,4,16
90804,B,2.07,5,15
90814,B,35.56,2,26
90815,A,22.43,2,25
90818,B,19.4,5,22
90820,B,38.82,3,23
90824,B,26.85,3,22
90841,B,28.81,1,16
90842,A,35.95,2,18
90860,A,15.54,3,25
90865,B,119.19,1,24
90868,A,73.33,4,21
90894,A,66.34,1,22
90903,A,3.18,4,20
90904,A,14.24,1,22
90911,B,95.61,3,25
90913,B,62.39,3,23
90924,A,44.09,1,22
90926,A,5.41,3,19
90939,A,25.93,5,22
90944,A,44.33,1,22
90947,A,16.83,3,24
90948,A,16.43,3,20
90950,A,36.19,3,22
90955,B,10.83,1,23
90957,A,2.93,4,23
90958,B,9.13,4,27
90962,A,83.36,8,22
90973,A,22.31,4,21
90982,A,22.77,2,22
90986,A,20.86,3,17
90987,A,11.59,4,21
90988,A,24.4,5,24
91004,A,41.69,7,23
91006,A,18.67,4,19
91008,B,27.45,4,27
91017,B,44.73,3,18
91018,B,14.46,1,25
91019,B,15.46,4,21
91022,A,12.65,5,20
91044,A,38.95,4,24
91045,A,14.9,4,19
91047,A,50.49,3,21
91053,B,69.89,5,20
91057,A,33.65,3,17
91058,B,26.32,4,19
91061,B,9.74,2,20
91066,B,71.98,5,22
91079,B,6.4,3,20
91089,A,14.45,1,18
91101,A,46.84,3,20
91109,A,6.32,5,20
91113,B,21.95,4,13
91122,B,23.32,4,23
91134,B,47.29,4,26
91139,A,36.59,2,23
91144,A,9.14,2,24
91146,A,116.13999999999999,9,19
91147,B,86.37,5,25
91148,A,11.86,5,24
91149,B,19.73,5,27
91157,A,61.48,4,31
91168,B,37.89,4,21
91181,A,5.74,2,26
91183,A,24.74,5,18
91186,B,32.15,1,18
91191,B,24.87,1,16
91193,A,16.21,2,15
91198,B,6.99,5,19
91201,B,9.04,3,20
91208,B,68.73,1,24
91212,A,70.69,3,23
91216,B,3.85,3,21
91227,A,5.28,4,17
91232,A,4.29,5,14
91234,B,27.56,5,23
91237,A,3.16,4,22
91244,B,13.21,2,18
91255,A,3.91,3,21
91260,B,67.11,5,21
91262,A,13.38,1,23
91269,A,18.8,2,21
91273,B,44.28,2,23
91284,B,32.37,1,19
91285,A,126.69,6,17
91287,A,31.45,1,26
91290,B,168.75,4,18
91291,A,17.82,2,20
91298,A,8.06,3,24
91305,B,15.1,4,23
91310,A,68.69,9,25
91327,B,40.43,6,21
91330,B,6.17,4,25
91335,B,8.48,5,13
91336,A,12.41,3,16
91338,A,33.09,3,19
91340,B,17.49,1,17
91347,A,21.0,5,23
91354,A,18.36,5,21
91355,B,40.5,3,26
91359,A,69.59,4,18
91360,B,13.17,1,23
91374,A,51.0,2,20
91383,B,30.53,5,17
91384,B,13.34,4,20
91392,B,39.05,3,25
91403,A,28.0,1,16
91404,B,56.74,2,16
91414,B,66.67,5,18
91417,B,19.86,4,26
91418,A,7.6,5,20
91419,B,52.49,4,22
91428,B,129.96999999999997,10,20
91436,A,74.67,5,16
91444,B,51.260000000000005,6,21
91449,B,63.3,4,20
91461,B,20.41,2,32
91470,A,11.34,2,17
91481,B,8.16,5,21
91484,A,58.05,3,20
91490,B,37.54,3,21
91505,A,18.08,3,24
91520,A,38.9,2,17
91523,B,71.9,2,18
91526,A,5.7,2,24
91531,A,18.33,4,20
91532,B,73.8,1,20
91542,A,55.56,1,24
91547,B,96.0,5,5
91548,A,10.27,1,18
91556,A,34.68,3,25
91559,B,25.69,3,18
91561,A,23.15,1,19
91578,A,33.45,2,19
91580,B,72.6,3,19
91584,A,30.1,1,22
91586,A,86.28,2,21
91593,A,101.02,5,20
91594,A,63.0,1,14
91595,A,21.09,1,33
91602,A,48.34,2,23
91604,B,1.56,3,25
91606,B,28.78,4,20
91611,B,45.34,5,23
91639,A,25.74,5,21
91648,A,7.63,5,11
91657,B,28.71,2,20
91662,B,30.74,2,21
91663,B,8.17,3,17
91664,B,51.39,3,22
91667,B,47.489999999999995,4,18
91676,A,31.43,5,25
91677,A,39.37,3,20
91679,B,62.64,3,17
91686,A,26.27,4,16
91705,A,73.13,5,21
91713,B,25.28,4,21
91716,B,22.35,5,24
91717,A,13.78,5,17
91723,B,34.43,2,20
91730,A,26.57,2,17
91734,A,18.19,4,21
91736,B,34.73,3,21
91747,B,66.75,3,20
91748,B,49.72,4,16
91764,B,84.69,8,19
91770,B,43.73,3,21
91775,B,7.0,4,26
91776,A,16.63,1,15
91792,A,30.92,1,21
91801,B,147.32000000000002,5,23
91813,A,5.35,1,20
91834,B,36.33,5,18
91837,B,50.01,2,22
91841,B,20.65,3,22
91876,A,45.47,5,25
91881,B,9.48,2,16
91884,A,8.16,2,18
91886,B,72.52,7,17
91892,B,39.6,3,18
91905,A,7.91,5,20
91921,A,7.2,4,20
91928,A,14.31,3,25
91940,A,47.93,5,18
91942,B,62.04,1,22
91955,A,10.74,2,27
91962,A,18.38,4,25
91972,B,76.92,7,20
91973,B,36.34,3,20
91978,A,12.7,2,29
91984,A,17.65,4,23
91987,A,50.510000000000005,6,23
91988,A,26.32,1,23
91996,B,23.47,1,15
91998,A,46.83,3,27
92004,A,16.36,3,19
92008,A,11.4,5,21
92020,A,16.6,3,21
92030,A,18.7,5,23
92034,B,43.22,3,26
92041,B,47.74,9,27
92043,B,8.1,3,23
92050,B,7.08,3,19
92051,A,94.99,4,26
92052,B,40.93,1,26
92053,B,118.0,3,18
92054,A,59.01,5,20
92076,B,23.38,1,20
92078,A,10.3,5,29
92079,A,10.91,2,20
92085,A,65.53,4,18
92088,A,6.86,2,18
92095,B,23.54,1,18
92098,B,41.12,2,20
92099,B,47.989999999999995,7,17
92101,A,16.18,3,24
92117,B,36.7,2,19
92118,B,39.46,4,20
92123,A,8.52,5,22
92130,B,20.69,2,24
92131,A,28.56,6,22
92138,B,18.1,4,18
92139,B,54.86,2,19
92148,B,22.95,1,20
92155,B,12.46,2,20
92158,A,18.7,2,18
92161,A,55.68,5,22
92162,A,12.31,2,21
92165,A,4.19,4,29
92168,A,61.74,1,26
92176,B,23.86,1,6
92182,B,86.4,4,21
92185,B,25.9,4,26
92195,B,66.59,2,19
92213,B,69.85000000000001,6,21
92214,A,16.16,2,19
92224,B,10.58,4,20
92226,A,27.17,3,20
92243,A,63.27,5,22
92248,B,68.32,3,19
92254,B,42.3,3,18
92268,B,16.05,5,28
92276,B,61.95,2,15
92287,B,19.48,4,25
92290,A,46.650000000000006,6,13
92318,B,17.88,4,22
92339,A,36.15,5,4
92340,B,54.82,2,19
92342,B,58.53,1,17
92344,A,17.81,3,25
92345,A,52.58,4,25
92352,B,8.36,3,22
92360,B,31.34,3,20
92365,A,54.47,5,16
92367,B,22.35,4,19
92378,A,54.46,1,22
92385,A,25.9,2,17
92394,B,54.98,3,23
92400,B,30.16,2,18
92401,B,48.19,4,18
92406,B,11.34,4,19
92411,B,57.96,5,28
92415,B,26.04,2,19
92422,B,11.22,5,20
92441,B,33.96,1,26
92446,B,80.5,2,23
92450,B,17.45,3,20
92452,B,22.71,4,17
92456,A,5.36,5,19
92463,A,19.26,1,20
92468,A,94.66,5,18
92470,B,21.88,5,26
92487,A,54.9,3,19
92495,A,10.67,4,24
92496,A,16.17,4,18
92498,A,55.52,1,16
92499,B,70.59,5,23
92504,A,40.96,4,18
92505,B,22.15,2,25
92521,B,61.79,4,2
92522,A,35.459999999999994,10,21
92527,A,30.04,4,22
92540,B,10.33,2,25
92553,B,73.83,1,20
92572,A,44.96,2,18
92575,A,37.87,1,25
92581,A,10.35,4,26
92582,A,13.66,3,23
92583,B,48.05,1,27
92611,B,32.75,2,26
92619,A,37.54,2,23
92624,A,107.28,1,26
92628,B,39.32,4,20
92632,A,23.11,5,22
92644,B,33.65,2,20
92648,B,33.27,1,24
92651,A,22.74,5,23
92654,B,15.52,5,26
92657,A,30.38,1,23
92675,A,14.92,3,25
92676,B,26.72,4,23
92691,A,74.05000000000001,5,20
92704,A,54.87,1,20
92716,B,22.4,2,19
92730,B,82.97,3,21
92738,B,18.01,1,24
92740,A,85.67,2,25
92758,A,35.77,4,21
92766,B,34.19,5,22
92773,A,22.48,4,22
92776,A,9.29,4,20
92778,A,17.76,3,19
92785,A,21.2,2,20
92790,A,11.35,4,20
92796,B,79.63,2,27
92807,A,22.38,3,22
92812,B,46.13,5,18
92814,B,53.8,1,25
92815,B,13.13,3,21
92821,B,28.18,1,18
92825,A,43.42,4,21
92827,A,25.01,5,29
92834,B,59.63,2,18
92837,A,23.91,5,21
92840,A,12.48,1,20
92847,B,42.69,2,19
92850,A,33.36,5,5
92851,B,3.34,4,22
92854,A,29.63,2,24
92870,B,30.18,5,3
92877,A,34.53,3,21
92879,B,29.58,1,17
92881,A,112.55,3,25
92884,A,24.21,1,19
92889,B,43.82,3,14
92892,B,21.43,4,14
92897,A,61.73,2,18
92899,B,67.2,1,17
92901,B,11.21,1,26
92904,B,59.86,2,19
92906,A,8.96,4,22
92908,A,47.37,4,21
92914,A,29.21,3,22
92915,A,102.39,5,23
92930,B,28.69,2,19
92934,A,17.25,1,21
92938,A,29.01,5,21
92942,B,53.54,3,21
92943,A,4.05,2,23
92951,B,86.97,4,21
92963,B,22.01,1,17
92966,B,56.38,3,20
92976,B,30.74,4,26
92982,A,11.86,4,23
92989,A,15.61,5,20
93003,A,24.32,5,30
93016,A,35.73,5,22
93017,A,9.85,3,21
93018,B,42.32,2,16
93042,A,20.41,4,15
93044,A,58.41,3,24
93053,A,36.21,4,16
93054,B,29.75,1,19
93055,A,31.12,4,20
93063,A,51.83,3,25
93082,A,92.15,3,23
93105,B,9.85,1,22
93109,B,17.49,6,24
93119,A,21.12,2,22
93122,A,34.23,2,22
93127,B,10.32,2,24
93131,B,45.55,3,21
93144,B,9.63,4,20
93146,B,22.3,6,23
93150,B,7.7,1,26
93153,A,26.17,1,20
93158,B,46.88,5,28
93172,A,50.12,1,22
93196,A,18.78,4,17
93208,B,48.04,10,4
93212,A,2.7,2,23
93244,A,32.36,6,22
93245,A,13.98,3,20
93246,B,63.14,2,19
93251,B,20.97,3,14
93258,A,35.5,3,22
93270,B,54.84,1,23
93279,B,24.76,4,16
93281,B,61.92,4,23
93301,A,22.12,5,26
93302,A,29.97,5,21
93306,A,41.58,2,20
93310,B,33.7,4,15
93314,A,73.75,4,21
93317,A,54.13,2,20
93318,B,68.1,2,19
93323,A,30.48,4,22
93351,B,49.53,3,19
93357,B,38.65,1,27
93359,A,40.75,7,24
93364,A,79.13,7,18
93367,A,40.2,4,26
93370,B,26.67,2,19
93377,B,56.72,1,19
93383,B,17.31,2,30
93388,A,10.19,5,22
93390,A,50.37,1,22
93392,A,26.99,2,21
93393,B,19.13,1,20
93400,B,26.18,5,27
93402,B,19.33,3,22
93414,A,29.45,5,28
93416,B,16.16,3,5
93418,B,56.75,7,22
93422,B,49.09,1,23
93427,B,20.79,5,4
93431,B,26.51,1,30
93438,A,23.21,6,16
93449,A,9.99,4,27
93453,B,3.58,5,19
93455,A,65.64,3,27
93456,B,23.39,2,28
93471,A,6.92,2,21
93472,B,10.8,5,24
93481,B,40.63,4,18
93482,A,2.21,4,22
93485,B,26.86,4,23
93488,A,27.16,4,17
93489,B,37.58,5,12
93490,B,9.51,1,27
93496,B,4.3,1,23
93523,B,31.23,2,20
93536,B,40.71,5,18
93544,A,29.15,5,19
93559,A,27.93,2,23
93562,B,36.68,2,25
93568,A,5.33,3,21
93569,A,23.74,1,21
93572,A,24.76,1,23
93588,B,44.17,2,21
93594,A,6.95,1,21
93595,B,67.17,10,25
93615,A,16.93,5,25
93619,B,27.1,1,13
93620,A,27.27,3,24
93621,B,11.53,4,21
93627,B,29.98,4,23
93633,B,28.04,2,19
93637,A,27.42,2,20
93640,B,60.4,2,15
93642,A,58.11,3,21
93644,A,13.94,1,18
93650,B,51.65,4,18
93651,A,17.99,2,18
93652,B,60.76,4,21
93658,A,19.91,2,15
93663,B,65.61,4,19
93668,B,48.75,4,21
93673,A,145.59,2,23
93675,A,54.07,2,25
93677,B,10.69,3,4
93684,A,19.1,3,4
93693,A,23.97,2,24
93700,A,13.33,4,19
93719,A,59.84,4,17
93720,A,74.29,1,20
93723,A,15.97,5,19
93735,A,22.64,2,26
93769,B,70.58,7,22
93783,B,4.55,5,19
93786,A,38.68,4,20
93789,B,46.61,3,20
93791,A,42.21,3,23
93794,A,2.32,4,22
93796,A,25.73,5,17
93798,B,45.48,1,22
93801,B,9.96,5,24
93802,A,8.47,1,21
93804,A,72.86,6,21
93807,A,7.26,4,16
93811,B,29.53,5,21
93816,B,35.6,5,18
93821,B,11.93,5,19
93822,A,62.88,2,26
93833,A,23.56,4,23
93844,A,14.03,4,26
93845,B,10.92,1,24
93846,A,65.11,8,27
93849,A,8.68,1,20
93858,A,32.73,4,21
93859,B,29.5,4,16
93860,A,48.58,6,22
93865,B,12.55,3,25
93870,A,19.33,3,19
93876,A,11.14,3,14
93881,A,74.18,1,20
93886,A,53.24,4,23
93893,A,20.14,4,25
93894,B,61.18,3,20
93898,B,54.14,3,20
93902,A,16.650000000000002,5,26
93906,A,44.69,1,21
93935,B,10.61,3,28
93936,B,34.09,2,22
93940,B,65.29,5,14
93949,B,41.71,4,18
93956,B,3.29,3,20
93968,B,52.26,2,28
93974,A,22.42,3,17
93985,A,14.82,1,28
93987,B,29.33,5,23
93989,A,36.03,2,12
93995,A,25.07,5,20
93998,A,4.64,1,18
93999,A,4.78,2,19
94000,A,20.5,5,22
94001,A,27.900000000000002,8,20
94011,A,8.64,5,25
94028,B,30.2,2,21
94029,B,82.62,9,25
94030,A,49.68,4,6
94048,B,39.8,3,27
94051,B,20.48,1,28
94063,B,36.47,2,21
94073,B,20.31,5,2
94076,A,42.78,6,24
94082,A,17.6,4,18
94089,B,26.01,5,17
94091,A,4.39,5,19
94104,A,25.63,3,6
94110,B,33.05,2,17
94111,B,14.61,3,17
94114,B,36.63,5,21
94115,B,73.24,4,4
94119,A,44.57,3,25
94127,B,38.22,5,22
94138,B,12.67,2,2
94144,A,23.23,2,20
94145,A,16.94,3,19
94162,B,92.57,2,19
94167,B,38.75,1,21
94170,B,46.58,3,12
94189,A,26.16,3,22
94198,A,11.17,1,19
94200,A,60.17,5,21
94202,B,40.27,2,19
94203,A,28.39,5,14
94204,B,46.9,3,24
94217,A,36.96,1,24
94225,A,11.38,2,21
94229,B,41.45,3,17
94230,A,23.84,1,28
94231,A,62.33,3,21
94250,B,34.69,2,17
94254,A,65.26,5,21
94268,A,17.74,3,21
94270,B,5.9,5,16
94283,A,32.73,4,24
94291,B,12.67,5,26
94300,B,15.68,5,20
94305,A,8.48,2,21
94316,B,18.54,4,24
94318,A,9.48,2,19
94319,B,42.4,3,18
94331,A,15.89,4,15
94333,A,23.96,5,21
94337,A,59.26,5,25
94344,B,20.5,3,15
94345,B,31.63,2,17
94348,B,54.64,2,20
94352,B,130.74,3,25
94368,A,16.12,1,28
94373,A,52.54,1,25
94378,B,72.84,2,31
94381,A,7.31,5,22
94390,B,8.85,2,23
94397,A,18.7,5,27
94399,A,70.07,1,26
94401,A,14.32,3,20
94404,A,27.44,5,25
94409,A,162.5,5,20
94420,A,22.19,1,28
94424,A,6.69,3,28
94428,B,44.89,3,17
94437,A,17.09,1,23
94438,A,14.43,5,20
94439,B,150.01,4,27
94450,A,15.23,3,19
94457,B,31.2,5,20
94463,A,15.6,1,24
94471,A,29.26,1,22
94480,A,58.39,3,24
94481,B,48.43,3,22
94487,A,14.87,2,6
94499,B,55.83,5,18
94502,B,42.73,5,23
94508,A,36.16,5,16
94514,A,12.55,2,14
94515,B,68.48,3,19
94519,B,14.94,5,17
94527,B,18.57,3,20
94530,B,9.02,2,21
94531,B,9.82,1,3
94534,A,41.59,4,24
94535,B,5.19,5,18
94538,B,22.53,1,18
94547,B,14.49,4,31
94550,A,34.5,5,19
94551,A,16.79,1,18
94555,A,35.86,1,19
94556,A,14.44,2,26
94557,A,19.78,1,31
94563,B,29.87,2,21
94565,A,2.85,5,25
94568,A,25.89,1,24
94582,B,57.86,5,29
94583,B,9.28,3,20
94590,A,35.65,3,20
94592,B,47.34,6,23
94600,B,35.15,5,18
94608,A,42.47,9,24
94609,A,44.91,4,20
94613,B,9.8,5,19
94618,A,13.68,5,27
94619,A,39.71,1,22
94624,B,17.63,1,24
94631,B,43.43,4,32
94633,B,17.03,4,22
94646,A,10.27,4,25
94661,A,19.85,3,22
94676,B,22.95,1,20
94678,A,6.89,1,5
94686,A,54.97,5,23
94695,A,27.8,4,17
94704,A,11.37,1,20
94708,B,30.01,2,11
94710,B,33.06,2,22
94721,B,29.16,3,11
94724,A,11.07,2,5
94728,A,24.13,3,21
94731,A,32.53,5,20
94736,B,134.1,8,29
94738,A,45.61,1,17
94740,A,27.81,4,24
94743,B,17.33,4,24
94750,B,34.02,2,22
94771,A,13.58,1,22
94774,B,52.75,8,20
94782,B,31.11,5,17
94784,B,35.71,3,15
94817,B,29.32,3,28
94819,B,40.19,1,26
94820,B,11.67,4,26
94824,A,53.54,4,4
94825,A,7.37,4,21
94826,B,19.71,5,22
94857,B,11.0,1,17
94860,B,95.81,10,19
94863,A,7.24,4,21
94864,B,24.72,1,25
94865,A,29.59,1,23
94879,A,24.45,3,20
94881,A,22.53,4,22
94884,B,74.91,4,23
94889,A,75.05,5,18
94899,B,48.02,4,18
94906,B,25.62,2,21
94911,A,26.63,3,17
94913,A,56.14,2,24
94915,A,16.57,1,29
94917,A,24.46,3,16
94918,A,12.01,3,16
94921,B,56.96,2,21
94927,A,12.9,3,27
94929,A,50.01,3,18
94930,A,7.4,5,6
94935,B,71.61,4,20
94936,A,27.92,4,22
94939,B,18.94,1,23
94940,A,22.37,2,18
94942,A,20.61,2,25
94943,A,5.64,5,30
94953,A,78.3,1,27
94969,A,47.2,5,20
94976,A,78.29,3,25
94980,A,28.49,5,24
94986,A,33.93,4,19
94991,B,4.92,5,21
94994,A,21.63,2,23
95018,B,35.89,2,23
95021,A,2.05,3,29
95039,B,56.92,1,26
95071,A,15.85,2,19
95076,A,37.51,4,21
95086,B,17.58,1,24
95091,A,55.72,3,21
95097,B,10.98,5,25
95100,A,6.27,4,20
95105,A,22.57,2,18
95109,A,35.12,2,15
95111,B,72.73,5,24
95113,A,14.64,1,24
95115,A,8.74,4,23
95119,B,46.36,4,24
95120,A,49.4,3,21
95122,A,32.26,5,24
95123,A,3.7,1,21
95132,B,61.49,3,25
95154,B,31.21,3,23
95157,B,32.7,4,20
95163,B,69.24,3,21
95171,B,26.31,1,22
95178,A,56.92,1,18
95182,A,22.65,1,18
95187,B,71.27,5,26
95188,A,10.84,5,18
95196,A,34.92,1,19
95220,B,21.86,2,29
95221,A,39.27,4,15
95224,B,64.5,7,26
95226,A,14.88,5,18
95227,B,11.14,3,19
95239,B,22.48,5,2
95244,A,12.3,1,25
95248,A,18.02,4,21
95264,B,16.14,1,20
95271,B,66.14,4,16
95273,A,9.32,2,24
95275,A,16.83,1,28
95279,A,31.63,5,22
95282,A,83.31,3,25
95291,B,39.92,2,23
95292,A,42.21,1,22
95321,B,10.48,4,16
95330,B,36.69,2,18
95331,B,29.83,9,23
95332,B,37.52,3,21
95338,B,45.07,4,20
95346,A,25.64,2,20
95357,B,18.16,1,28
95358,A,92.34,8,23
95367,A,19.68,1,23
95368,A,8.33,1,22
95371,A,36.77,4,19
95373,A,71.66,2,24
95377,B,20.96,3,18
95388,B,19.46,3,20
95391,A,80.78,4,20
95397,A,17.19,5,30
95399,B,72.11,5,23
95407,A,40.55,3,17
95422,A,37.47,2,20
95434,A,45.82,7,21
95440,B,21.97,1,20
95442,B,46.19,2,25
95449,B,42.56,3,22
95479,A,12.38,2,26
95488,A,40.86,2,20
95513,B,61.76,2,26
95526,B,16.13,2,17
95550,B,42.35,4,21
95560,A,90.0,1,20
95579,A,6.04,4,19
95582,A,35.31,3,4
95591,A,21.43,2,16
95593,A,11.77,1,22
95603,B,17.33,3,19
95609,A,19.45,2,22
95611,A,7.13,5,14
95618,B,24.34,2,27
95619,A,15.82,5,23
95620,A,48.6,8,24
95621,A,63.68,4,24
95628,A,18.03,2,19
95635,A,27.61,1,25
95636,A,149.3,2,20
95640,B,51.77,4,17
95650,B,20.04,5,22
95651,A,30.7,5,4
95655,A,6.18,3,16
95680,A,5.37,5,17
95688,A,25.57,2,26
95690,A,25.33,6,24
95697,A,6.5,1,16
95702,B,8.41,5,17
95709,B,55.1,1,25
95711,B,40.84,3,24
95715,B,32.27,2,20
95737,B,20.84,2,16
95749,B,18.14,4,21
95751,A,19.72,2,19
95786,A,54.47,1,17
95796,A,7.7,4,30
95798,A,43.16,5,18
95821,A,28.33,5,27
95823,A,19.92,1,26
95824,B,52.57,4,28
95828,B,5.81,2,19
95834,B,9.96,3,26
95839,A,20.82,5,16
95844,A,34.25,1,21
95849,B,86.83999999999999,5,26
95861,B,60.32,2,23
95863,B,18.49,5,22
95864,B,18.91,5,26
95865,B,33.94,6,17
95868,A,37.46,1,19
95870,A,41.34,3,24
95872,A,45.85,2,17
95873,A,40.85,2,23
95883,A,51.33,4,5
95889,B,37.57,3,18
95891,B,44.12,3,19
95892,A,19.36,4,25
95894,B,88.75,2,22
95895,A,4.1,3,22
95903,B,43.0,3,21
95909,B,4.1,3,21
95916,B,15.07,3,16
95925,B,18.62,4,21
95930,B,30.55,1,24
95937,B,25.91,2,29
95946,B,11.65,3,19
95948,A,31.69,4,26
95959,B,12.36,3,13
95963,B,17.83,3,26
95965,A,79.33,4,25
95970,B,24.08,5,22
95973,B,9.55,5,17
95999,A,92.09,1,18
96002,A,26.58,3,22
96004,B,78.28,1,18
96005,B,33.62,5,7
96012,B,23.79,5,20
96018,A,28.44,4,19
96023,B,19.400000000000002,6,20
96031,B,11.09,2,24
96032,B,12.78,1,27
96039,B,155.83,4,26
96047,B,54.36,8,29
96048,A,12.5,5,26
96075,A,14.08,5,16
96087,B,8.45,4,20
96095,A,47.49,5,25
96096,B,15.78,3,21
96105,B,53.52,2,26
96108,A,22.99,2,17
96109,A,11.99,2,25
96110,A,3.96,1,17
96112,B,11.96,2,24
96113,A,44.85,6,17
96114,B,33.16,3,20
96119,B,6.26,3,17
96120,A,29.86,4,17
96123,B,80.38,2,23
96127,A,97.46,5,27
96133,B,69.77000000000001,7,21
96137,A,47.480000000000004,6,25
96138,B,54.71,4,22
96144,A,19.67,1,17
96155,B,63.68,5,25
96156,A,53.98,4,26
96161,B,14.49,3,22
96165,B,68.63,4,21
96167,A,31.32,3,18
96173,B,21.63,5,26
96178,B,28.57,4,18
96189,B,110.82,7,20
96231,A,17.67,3,21
96241,A,45.18,2,19
96245,A,21.3,5,21
96246,B,63.5,5,23
96257,B,74.6,3,21
96261,A,4.24,5,28
96263,A,16.11,3,22
96264,B,97.47,4,18
96274,B,45.15,2,20
96276,A,79.24,3,24
96280,A,23.04,1,11
96281,A,27.64,1,18
96284,A,19.53,1,19
96290,B,45.14,3,24
96303,B,22.29,3,25
96316,A,18.63,3,22
96321,A,24.87,1,23
96326,A,40.89,1,24
96340,A,50.2,2,16
96345,A,53.91,1,23
96356,B,121.49,3,25
96358,B,30.32,4,20
96362,A,24.69,5,21
96373,A,41.52,3,26
96374,A,36.45,3,21
96384,A,27.26,2,29
96394,B,39.05,2,16
96395,B,22.03,5,24
96401,A,1.09,4,24
96409,A,47.61,3,27
96410,B,20.25,5,20
96417,B,41.87,1,15
96422,B,8.19,1,22
96430,A,5.54,4,21
96435,B,10.78,5,20
96436,B,55.84,1,24
96442,B,21.98,1,24
96446,A,24.14,4,15
96448,A,73.49,5,20
96449,B,55.64,4,27
96458,B,8.73,2,26
96463,A,26.86,3,23
96464,B,45.78,3,22
96477,A,38.91,2,22
96478,B,22.68,3,24
96486,A,62.269999999999996,9,20
96490,A,15.05,3,21
96499,B,54.07,1,19
96507,B,41.41,1,31
96524,B,32.68,1,23
96525,B,19.3,1,20
96527,A,32.58,2,26
96528,A,18.8,5,15
96537,B,41.89,2,26
96553,B,18.409999999999997,6,19
96555,B,80.8,5,27
96562,A,43.95,3,4
96576,A,23.14,6,22
96596,A,19.01,3,19
96602,A,20.72,5,25
96605,B,21.77,5,21
96609,B,10.15,1,19
96610,A,30.4,3,26
96612,B,18.17,2,16
96615,A,34.269999999999996,6,19
96617,B,131.19,4,23
96621,A,11.69,1,21
96636,B,22.1,2,23
96643,B,94.7,9,22
96646,B,44.56,3,22
96647,A,22.09,2,23
96656,A,41.83,8,27
96665,A,25.41,3,14
96668,B,35.64,4,27
96669,A,18.67,5,24
96673,B,29.42,5,21
96675,B,22.65,2,21
96676,B,43.97,3,23
96678,B,29.1,2,15
96683,A,28.77,2,19
96701,B,30.03,1,21
96702,A,46.45,1,28
96707,A,11.85,4,19
96727,A,33.45,2,19
96729,B,6.78,4,26
96737,A,29.05,3,17
96757,A,21.34,2,28
96761,B,23.77,1,26
96762,A,17.09,2,25
96767,A,22.64,5,7
96772,B,38.75,9,26
96774,B,22.5,5,26
96789,B,28.83,4,22
96794,B,37.31,4,21
96803,A,12.36,4,22
96804,B,25.54,2,21
96816,B,30.07,4,20
96827,B,90.02,9,19
96834,B,37.6,3,20
96854,A,30.39,1,16
96856,B,39.35,3,22
96868,A,45.44,4,4
96875,A,27.99,1,27
96884,B,48.08,3,16
96892,B,24.25,2,13
96893,B,10.38,4,23
96895,A,25.39,5,25
96896,A,98.55,3,27
96898,A,28.92,2,17
96900,B,39.48,4,18
96906,B,21.42,4,23
96922,A,4.72,1,21
96932,B,20.54,1,19
96933,B,11.48,2,22
96935,B,14.41,4,21
96941,A,50.18,5,20
96947,A,28.68,4,23
96952,A,26.99,3,22
96954,B,16.81,2,19
96971,A,17.32,3,19
96972,A,98.21,9,24
96976,B,37.07,2,26
96978,A,15.78,4,22
96983,B,4.72,5,23
96986,A,75.16,1,23
96988,B,39.73,4,21
96996,B,5.65,5,21
96998,A,27.94,5,22
97001,A,1.19,2,15
97005,A,74.05,5,20
97006,A,15.06,1,20
97013,A,27.24,4,26
97016,A,17.33,2,24
97018,A,24.89,2,21
97021,B,12.23,4,20
97024,A,18.04,3,17
97037,B,45.23,2,23
97051,A,78.21,5,24
97054,B,45.82,5,15
97055,A,13.55,1,16
97058,B,38.480000000000004,5,23
97061,A,1.56,1,22
97063,A,17.11,1,22
97069,B,27.12,3,14
97070,B,29.06,5,16
97075,B,85.0,2,14
97080,B,63.24,3,20
97084,B,10.56,1,16
97085,A,21.67,4,17
97087,A,14.92,2,21
97089,B,7.86,1,24
97090,B,51.5,2,19
97091,B,20.38,5,28
97095,B,5.34,4,23
97096,A,8.08,3,22
97098,A,23.76,2,22
97099,B,58.120000000000005,8,25
97100,A,41.85,5,7
97102,A,37.29,5,6
97111,B,22.14,5,21
97112,A,24.8,2,20
97119,A,20.47,3,6
97134,A,13.95,1,21
97135,A,22.1,1,22
97143,B,15.1,5,19
97144,B,4.51,2,23
97145,B,9.41,4,16
97148,B,27.36,5,22
97164,A,42.69,1,3
97170,A,48.31,1,29
97172,B,24.61,1,33
97177,B,20.35,1,15
97182,A,1.58,4,23
97194,A,4.77,3,17
97200,B,27.29,3,18
97211,A,18.87,3,18
97214,B,9.13,4,25
97215,A,24.86,5,25
97219,B,28.57,3,25
97224,B,8.25,3,21
97233,A,46.33,4,25
97254,B,33.25,2,19
97280,B,101.27,1,24
97281,A,43.51,4,16
97283,A,16.98,1,16
97284,B,35.87,5,19
97288,B,6.33,4,19
97298,A,47.89,1,25
97314,B,27.8,5,21
97316,B,7.54,3,18
97319,A,25.990000000000002,3,17
97320,B,33.42,1,24
97329,B,10.21,2,22
97331,A,9.39,3,22
97334,B,65.14,2,17
97336,A,28.67,3,5
97344,A,20.12,4,26
97350,B,48.21,3,13
97352,B,13.14,1,16
97357,B,37.36,1,24
97359,B,76.46,3,29
97360,B,41.769999999999996,4,20
97363,A,25.54,3,18
97369,A,45.209999999999994,8,21
97377,A,35.92,4,23
97387,A,13.53,2,18
97392,B,40.12,3,23
97399,B,26.99,4,24
97402,A,33.13,4,18
97415,B,32.8,4,21
97416,A,18.01,5,25
97419,B,40.05,4,16
97421,A,108.29,5,20
97422,B,70.48,8,23
97423,A,37.82,4,23
97427,B,46.69,4,22
97430,A,7.2,2,18
97433,A,33.56,4,17
97442,B,26.33,4,20
97444,B,70.27,4,26
97445,B,105.83,4,20
97446,B,18.9,4,5
97448,B,88.94,8,16
97450,A,14.71,5,17
97451,B,115.56,3,20
97464,B,11.36,1,17
97468,A,22.31,4,20
97472,A,9.09,3,18
97478,B,26.63,1,24
97484,A,78.22,4,19
97488,B,11.77,4,20
97493,A,50.5,7,18
97496,A,58.76,5,22
97506,B,7.57,1,21
97507,B,6.37,3,15
97514,B,21.65,3,19
97516,B,25.99,3,20
97522,A,21.72,1,20
97524,A,53.02,2,24
97528,B,89.65,7,20
97532,A,37.16,2,18
97543,A,17.84,4,25
97552,B,5.09,5,23
97555,A,15.33,4,21
97562,A,36.94,2,31
97563,A,34.04,2,16
97606,B,29.17,2,21
97608,A,20.71,5,14
97629,B,25.23,1,23
97632,B,13.05,4,19
97644,A,64.17,2,17
97648,A,53.61,2,25
97656,A,17.31,4,24
97667,A,19.73,4,22
97672,B,11.61,3,24
97688,B,17.63,5,18
97695,B,22.37,5,23
97697,A,39.85,4,19
97702,A,26.479999999999997,7,30
97720,B,42.62,6,28
97722,B,41.3,3,27
97731,A,29.27,5,23
97736,A,24.02,5,15
97745,A,39.79,5,25
97749,A,4.98,3,21
97752,B,38.64,4,22
97760,A,122.67,7,30
97769,B,46.16,2,16
97775,A,0.36,2,20
97779,B,17.98,4,18
97791,A,41.43,2,24
97793,B,29.1,2,20
97803,A,7.64,2,20
97805,B,71.21,1,20
97808,B,34.53,5,15
97823,B,7.2,5,24
97835,B,126.75999999999999,3,28
97842,A,38.04,3,15
97843,B,127.83000000000001,7,21
97853,A,25.61,5,23
97863,B,19.74,2,26
97865,B,22.76,3,20
97876,B,37.900000000000006,8,20
97880,B,6.62,4,25
97885,A,42.12,2,19
97887,A,27.6,5,20
97890,A,27.55,3,18
97902,A,1.34,1,21
97908,A,12.35,5,22
97914,A,38.96,2,19
97918,B,105.25,2,21
97922,B,17.78,4,26
97923,A,36.03,5,21
97936,A,20.6,3,17
97948,A,59.91,1,26
97950,B,15.72,2,24
97964,B,93.81,6,21
97968,A,47.59,2,17
97973,B,8.89,1,22
97980,A,29.29,3,21
97983,B,17.14,4,22
97984,B,34.92,2,30
97987,A,41.019999999999996,8,22
97996,B,37.62,4,19
97997,A,36.75,4,20
98007,B,5.94,5,23
98009,A,59.64,4,17
98015,A,16.25,2,30
98019,A,81.35,2,25
98034,A,45.8,2,20
98061,B,16.94,4,23
98064,B,75.36,2,26
98080,B,29.88,4,16
98088,B,33.04,2,21
98093,A,55.58,2,15
98103,A,18.27,4,25
98124,A,36.8,1,33
98126,B,6.32,4,18
98128,A,78.47,5,21
98137,A,7.77,5,26
98147,A,94.64,1,22
98154,B,24.45,2,20
98162,B,33.35,3,25
98164,A,0.38,4,22
98179,A,151.63,7,16
98182,A,51.76,2,21
98184,B,7.63,4,20
98188,A,59.0,6,18
98208,B,3.12,5,17
98209,B,26.18,2,22
98210,B,37.02,2,27
98221,B,30.96,5,22
98233,B,42.6,1,21
98243,B,50.18,4,20
98246,B,19.73,4,20
98249,B,0.55,4,17
98259,A,42.1,4,21
98266,B,11.3,2,22
98271,B,30.85,2,21
98272,B,32.94,5,26
98279,A,20.0,2,25
98289,A,11.96,3,22
98290,B,7.33,4,28
98291,A,15.82,3,21
98293,A,23.96,5,25
98301,A,22.31,1,28
98303,A,57.04,5,21
98316,B,2.75,2,4
98341,A,15.92,3,14
98343,A,4.79,4,27
98350,B,32.38,1,21
98354,B,60.74,1,22
98368,A,78.7,5,20
98370,A,6.24,3,17
98380,A,40.8,5,18
98382,B,49.81,2,25
98391,A,42.64,4,24
98393,A,86.91,4,16
98394,A,13.25,5,17
98396,A,71.43,2,23
98397,B,10.3,1,19
98405,A,6.84,1,19
98413,A,14.43,1,22
98416,B,37.04,5,24
98422,B,2.31,1,24
98430,B,1.9,3,25
98431,B,64.26,3,24
98433,B,38.04,6,25
98445,B,42.2,4,24
98452,A,11.51,1,25
98456,B,16.45,3,19
98484,A,15.37,1,23
98485,B,16.9,4,24
98493,B,52.76,1,16
98505,A,14.78,3,27
98512,B,18.35,5,21
98514,B,78.25,3,15
98529,B,48.59,3,22
98530,A,7.89,3,6
98532,B,86.4,3,4
98533,B,9.86,3,19
98537,B,25.45,4,21
98559,A,97.07,2,18
98561,B,92.0,2,25
98563,B,8.89,4,27
98565,B,29.29,2,19
98569,A,33.85,5,22
98572,B,11.91,5,12
98574,A,4.39,4,21
98578,B,24.61,1,28
98591,A,24.18,3,24
98604,B,34.26,5,21
98609,A,34.77,4,21
98618,B,5.84,5,21
98623,B,65.01,5,24
98629,A,24.95,3,4
98633,A,102.21,2,18
98642,B,9.46,2,21
98649,B,16.51,5,24
98650,B,25.8,2,3
98653,B,7.01,3,27
98654,A,9.72,1,21
98665,A,27.74,3,18
98668,B,32.95,1,23
98669,B,33.8,5,26
98670,B,54.24,3,24
98677,B,91.13,1,20
98680,B,59.39,3,25
98686,B,27.01,1,19
98705,A,19.26,1,22
98708,A,16.35,4,17
98711,B,18.36,2,25
98713,B,45.93,4,18
98718,B,10.16,5,17
98730,A,36.47,3,22
98731,B,34.98,5,15
98741,B,36.9,5,25
98748,B,21.78,5,27
98753,A,35.18,5,19
98763,A,55.42,4,21
98765,A,49.87,1,20
98766,B,20.08,4,24
98773,B,50.63,1,25
98776,A,38.05,1,21
98778,A,78.94999999999999,2,18
98790,A,13.73,5,22
98795,A,25.18,6,23
98798,B,76.21,3,25
98807,B,81.67,7,23
98809,B,9.11,1,19
98810,B,27.83,2,23
98817,A,11.22,5,22
98818,B,34.77,5,21
98819,B,37.13,5,21
98826,B,65.72,2,23
98848,B,14.88,2,25
98855,A,9.23,3,20
98856,B,12.33,3,22
98862,B,121.1,3,18
98863,B,10.04,2,20
98864,A,64.95,2,20
98872,A,5.61,1,25
98874,A,74.23,1,16
98876,B,34.55,3,16
98884,A,94.11,5,21
98893,A,55.55,3,22
98898,B,76.23,5,23
98900,A,27.29,1,18
98902,B,30.34,3,23
98922,A,14.46,2,23
98923,B,26.57,1,17
98927,B,35.32,3,18
98928,B,51.09,3,25
98931,B,17.17,3,23
98950,B,44.78,1,28
98952,A,7.25,2,21
98971,B,28.09,3,21
98982,B,14.41,3,25
98984,A,35.19,2,24
98993,A,16.62,5,22
98997,B,15.22,2,6
99007,A,28.03,5,21
99010,B,32.04,4,21
99017,B,43.66,5,25
99022,A,11.33,5,21
99023,B,17.1,3,20
99025,B,91.42,2,27
99026,A,65.98,3,18
99027,B,82.3,3,21
99033,A,47.14,8,24
99035,A,27.47,4,21
99038,B,14.12,5,21
99047,B,14.27,2,27
99053,A,5.6,5,27
99058,A,32.44,2,18
99059,B,24.07,1,28
99064,A,44.82,10,22
99065,B,58.64,2,26
99079,B,26.97,2,22
99083,A,70.53,6,23
99098,B,32.65,3,18
99104,A,17.57,1,15
99107,B,6.89,5,20
99108,A,70.17,4,20
99115,A,32.07,3,20
99116,B,43.74,3,16
99120,B,49.4,4,23
99123,A,13.16,5,23
99130,B,59.32,3,24
99138,A,101.78,4,22
99146,A,114.6,2,19
99150,A,23.19,2,15
99154,B,100.23,8,28
99156,A,28.35,1,28
99157,A,8.83,5,16
99164,B,32.94,5,21
99179,B,47.85,9,23
99193,B,73.97,2,26
99198,A,13.82,2,15
99200,A,44.12,5,22
99212,B,28.74,5,24
99216,B,31.03,3,20
99219,A,55.65,1,20
99239,B,57.82,2,27
99241,A,43.18,2,15
99255,B,84.50999999999999,8,17
99257,A,18.71,1,23
99262,A,18.98,1,22
99263,B,10.73,3,14
99267,A,23.12,1,23
99279,A,14.38,3,24
99285,A,51.92,3,16
99286,A,29.78,3,23
99293,B,32.62,5,16
99297,A,14.83,2,20
99298,B,62.63,1,30
99329,B,25.62,4,20
99331,B,20.79,2,23
99334,A,6.68,1,26
99335,B,82.08,1,16
99348,B,9.76,4,22
99360,A,83.58,6,26
99365,B,28.85,2,21
99366,B,1.72,1,21
99367,A,98.77,5,19
99374,A,24.81,1,21
99381,A,41.519999999999996,7,18
99385,B,25.77,2,21
99387,B,73.65,2,19
99392,A,1.79,5,22
99396,A,9.57,2,23
99403,A,56.76,2,19
99404,A,46.45,3,25
99407,B,26.57,3,22
99409,A,14.3,3,25
99413,A,43.24,1,20
99424,B,43.1,2,2
99427,A,21.99,3,22
99429,A,60.129999999999995,8,22
99432,A,10.33,5,22
99438,A,25.35,3,3
99439,B,51.36,2,20
99442,A,20.54,5,21
99451,B,28.64,3,26
99463,A,11.81,3,21
99467,B,13.92,2,24
99477,B,19.93,2,15
99479,B,45.26,3,25
99480,B,38.34,1,20
99483,A,17.26,3,23
99484,B,31.46,5,24
99488,B,29.71,5,21
99508,B,14.95,3,4
99513,B,48.39,5,18
99547,B,58.85,1,21
99565,A,48.33,3,14
99572,B,52.39,5,25
99582,B,12.49,3,18
99594,B,5.61,5,4
99598,A,29.45,5,23
99599,A,29.81,5,24
99606,A,3.96,3,14
99608,B,34.75,5,3
99611,A,39.01,4,18
99629,B,39.21,4,20
99637,B,16.42,5,19
99648,A,40.14,3,24
99649,B,11.3,5,18
99664,A,10.99,1,24
99668,A,51.22,1,21
99670,A,26.47,5,16
99673,A,31.31,5,24
99679,B,15.06,3,19
99689,B,13.08,4,3
99697,A,59.75,2,21
99702,B,24.91,3,20
99712,A,40.84,4,21
99722,A,15.2,3,26
99723,A,27.62,3,17
99724,B,56.67,4,18
99729,B,28.42,4,26
99730,B,28.73,1,25
99731,A,28.57,5,18
99738,A,44.01,5,13
99744,A,11.21,4,5
99749,B,82.64,3,24
99750,A,52.67,4,20
99752,B,32.36,3,17
99756,B,11.51,5,22
99759,A,35.3,2,17
99770,B,24.65,5,17
99775,A,126.11,5,21
99777,B,52.42,5,13
99779,B,43.550000000000004,9,25
99785,B,14.18,1,15
99787,B,38.87,4,19
99789,B,7.82,5,19
99792,A,24.12,4,25
99793,B,17.81,4,21
99804,B,27.12,4,20
99806,B,27.75,2,20
99822,A,92.15,2,23
99825,B,13.47,1,28
99835,B,20.35,4,16
99838,A,29.89,4,27
99840,B,39.1,4,20
99844,B,51.05,2,20
99849,B,21.27,3,25
99850,A,28.82,1,18
99852,B,21.06,2,16
99855,B,65.28,8,23
99863,A,22.5,1,21
99864,A,32.13,1,14
99870,A,14.1,2,21
99872,A,8.96,1,24
99874,A,70.43,5,26
99877,A,34.35,5,19
99882,B,27.07,4,18
99893,B,19.29,1,29
99894,B,69.39999999999999,6,20
99902,B,34.2,1,23
99907,A,5.92,1,22
99913,A,12.23,1,15
99916,A,7.11,4,15
99923,A,14.79,5,7
99937,B,29.5,2,24
99948,A,49.42,4,20
99957,B,21.53,3,19
99963,A,13.08,4,17
99967,A,27.41,1,16
99976,B,20.98,1,16
99993,B,38.96,2,25
